{"TAK1": {"Timesteps": {"Apoptosis": [0.0, 0.147, 0.123, 0.145, 0.1016, 0.1354, 0.2158, 0.3218, 0.4674, 0.6144, 0.7294, 0.8122, 0.8668, 0.9084, 0.9386, 0.961, 0.9782, 0.9886, 0.995, 0.9978, 0.9994, 0.9998, 1.0, 1.0, 1.0, 1.0, 1.0, 1.0, 1.0, 1.0, 1.0, 1.0, 1.0, 1.0, 1.0, 1.0, 1.0, 1.0, 1.0, 1.0, 1.0, 1.0, 1.0, 1.0, 1.0, 1.0, 1.0, 1.0, 1.0, 1.0, 1.0]}, "Apoptosis AUC": 42.446600000000004}, "ATM": {"Timesteps": {"Apoptosis": [0.0, 0.1416, 0.1408, 0.1548, 0.1062, 0.14, 0.2258, 0.348, 0.4996, 0.6684, 0.783, 0.8514, 0.8936, 0.9202, 0.9406, 0.9626, 0.978, 0.989, 0.9962, 0.9994, 0.9998, 1.0, 1.0, 1.0, 1.0, 1.0, 1.0, 1.0, 1.0, 1.0, 1.0, 1.0, 1.0, 1.0, 1.0, 1.0, 1.0, 1.0, 1.0, 1.0, 1.0, 1.0, 1.0, 1.0, 1.0, 1.0, 1.0, 1.0, 1.0, 1.0, 1.0]}, "Apoptosis AUC": 42.739000000000004}, "AKT": {"Timesteps": {"Apoptosis": [0.0, 0.1436, 0.1222, 0.1226, 0.0686, 0.073, 0.1018, 0.13, 0.1464, 0.165, 0.1938, 0.2156, 0.233, 0.2416, 0.2474, 0.2484, 0.2488, 0.2488, 0.2488, 0.2488, 0.2488, 0.2488, 0.2488, 0.2488, 0.2488, 0.2488, 0.2488, 0.2488, 0.2488, 0.2488, 0.2488, 0.2488, 0.2488, 0.2488, 0.2488, 0.2488, 0.2488, 0.2488, 0.2488, 0.2488, 0.2488, 0.2488, 0.2488, 0.2488, 0.2488, 0.2488, 0.2488, 0.2488, 0.2488, 0.2488, 0.2488]}, "Apoptosis AUC": 11.160999999999994}, "XIAP": {"Timesteps": {"Apoptosis": [0.0, 0.1262, 0.0, 0.0, 0.0, 0.0, 0.0, 0.0, 0.0, 0.0, 0.0, 0.0, 0.0, 0.0, 0.0, 0.0, 0.0, 0.0, 0.0, 0.0, 0.0, 0.0, 0.0, 0.0, 0.0, 0.0, 0.0, 0.0, 0.0, 0.0, 0.0, 0.0, 0.0, 0.0, 0.0, 0.0, 0.0, 0.0, 0.0, 0.0, 0.0, 0.0, 0.0, 0.0, 0.0, 0.0, 0.0, 0.0, 0.0, 0.0, 0.0]}, "Apoptosis AUC": 0.1262}, "STAT3": {"Timesteps": {"Apoptosis": [0.0, 0.138, 0.116, 0.1062, 0.0252, 0.0018, 0.0, 0.0, 0.0, 0.0, 0.0, 0.0, 0.0, 0.0, 0.0, 0.0, 0.0, 0.0, 0.0, 0.0, 0.0, 0.0, 0.0, 0.0, 0.0, 0.0, 0.0, 0.0, 0.0, 0.0, 0.0, 0.0, 0.0, 0.0, 0.0, 0.0, 0.0, 0.0, 0.0, 0.0, 0.0, 0.0, 0.0, 0.0, 0.0, 0.0, 0.0, 0.0, 0.0, 0.0, 0.0]}, "Apoptosis AUC": 0.38720000000000004}, "BID": {"Timesteps": {"Apoptosis": [0.0, 0.1482, 0.135, 0.1804, 0.1404, 0.2062, 0.3646, 0.5472, 0.7206, 0.8478, 0.9348, 0.9776, 0.9942, 0.9986, 0.9998, 1.0, 1.0, 1.0, 1.0, 1.0, 1.0, 1.0, 1.0, 1.0, 1.0, 1.0, 1.0, 1.0, 1.0, 1.0, 1.0, 1.0, 1.0, 1.0, 1.0, 1.0, 1.0, 1.0, 1.0, 1.0, 1.0, 1.0, 1.0, 1.0, 1.0, 1.0, 1.0, 1.0, 1.0, 1.0, 1.0]}, "Apoptosis AUC": 44.1954}, "RIP": {"Timesteps": {"Apoptosis": [0.0, 0.1464, 0.1338, 0.1526, 0.1034, 0.115, 0.169, 0.2536, 0.382, 0.5144, 0.6118, 0.6674, 0.6984, 0.7108, 0.7148, 0.7158, 0.7158, 0.7158, 0.7158, 0.7158, 0.7158, 0.7158, 0.7158, 0.7158, 0.7158, 0.7158, 0.7158, 0.7158, 0.7158, 0.7158, 0.7158, 0.7158, 0.7158, 0.7158, 0.7158, 0.7158, 0.7158, 0.7158, 0.7158, 0.7158, 0.7158, 0.7158, 0.7158, 0.7158, 0.7158, 0.7158, 0.7158, 0.7158, 0.7158, 0.7158, 0.7158]}, "Apoptosis AUC": 31.14220000000003}, "MYC": {"Timesteps": {"Apoptosis": [0.0, 0.1382, 0.1282, 0.1458, 0.0972, 0.1292, 0.1954, 0.2914, 0.4286, 0.5482, 0.642, 0.695, 0.718, 0.7268, 0.7294, 0.7306, 0.7306, 0.7306, 0.7306, 0.7306, 0.7306, 0.7306, 0.7306, 0.7306, 0.7306, 0.7306, 0.7306, 0.7306, 0.7306, 0.7306, 0.7306, 0.7306, 0.7306, 0.7306, 0.7306, 0.7306, 0.7306, 0.7306, 0.7306, 0.7306, 0.7306, 0.7306, 0.7306, 0.7306, 0.7306, 0.7306, 0.7306, 0.7306, 0.7306, 0.7306, 0.7306]}, "Apoptosis AUC": 31.91499999999999}, "DUSP1": {"Timesteps": {"Apoptosis": [0.0, 0.143, 0.1232, 0.1224, 0.0618, 0.0694, 0.118, 0.1848, 0.244, 0.3026, 0.3368, 0.3518, 0.357, 0.3584, 0.3586, 0.3588, 0.3588, 0.3588, 0.3588, 0.3588, 0.3588, 0.3588, 0.3588, 0.3588, 0.3588, 0.3588, 0.3588, 0.3588, 0.3588, 0.3588, 0.3588, 0.3588, 0.3588, 0.3588, 0.3588, 0.3588, 0.3588, 0.3588, 0.3588, 0.3588, 0.3588, 0.3588, 0.3588, 0.3588, 0.3588, 0.3588, 0.3588, 0.3588, 0.3588, 0.3588, 0.3588]}, "Apoptosis AUC": 16.048600000000015}, "Bcl2": {"Timesteps": {"Apoptosis": [0.0, 0.1428, 0.11, 0.0926, 0.0172, 0.0, 0.0, 0.0, 0.0, 0.0, 0.0, 0.0, 0.0, 0.0, 0.0, 0.0, 0.0, 0.0, 0.0, 0.0, 0.0, 0.0, 0.0, 0.0, 0.0, 0.0, 0.0, 0.0, 0.0, 0.0, 0.0, 0.0, 0.0, 0.0, 0.0, 0.0, 0.0, 0.0, 0.0, 0.0, 0.0, 0.0, 0.0, 0.0, 0.0, 0.0, 0.0, 0.0, 0.0, 0.0, 0.0]}, "Apoptosis AUC": 0.36260000000000003}, "TRAF2": {"Timesteps": {"Apoptosis": [0.0, 0.1442, 0.1434, 0.1614, 0.08, 0.0364, 0.0138, 0.0018, 0.0, 0.0, 0.0, 0.0, 0.0, 0.0, 0.0, 0.0, 0.0, 0.0, 0.0, 0.0, 0.0, 0.0, 0.0, 0.0, 0.0, 0.0, 0.0, 0.0, 0.0, 0.0, 0.0, 0.0, 0.0, 0.0, 0.0, 0.0, 0.0, 0.0, 0.0, 0.0, 0.0, 0.0, 0.0, 0.0, 0.0, 0.0, 0.0, 0.0, 0.0, 0.0, 0.0]}, "Apoptosis AUC": 0.581}, "TRAF6": {"Timesteps": {"Apoptosis": [0.0, 0.1454, 0.1268, 0.1486, 0.0992, 0.1354, 0.2094, 0.3204, 0.463, 0.5994, 0.71, 0.7938, 0.852, 0.899, 0.9336, 0.9598, 0.9782, 0.9898, 0.9956, 0.9978, 0.999, 0.9998, 1.0, 1.0, 1.0, 1.0, 1.0, 1.0, 1.0, 1.0, 1.0, 1.0, 1.0, 1.0, 1.0, 1.0, 1.0, 1.0, 1.0, 1.0, 1.0, 1.0, 1.0, 1.0, 1.0, 1.0, 1.0, 1.0, 1.0, 1.0, 1.0]}, "Apoptosis AUC": 42.356}, "NFkB": {"Timesteps": {"Apoptosis": [0.0, 0.1458, 0.126, 0.124, 0.0324, 0.0016, 0.0, 0.0, 0.0, 0.0, 0.0, 0.0, 0.0, 0.0, 0.0, 0.0, 0.0, 0.0, 0.0, 0.0, 0.0, 0.0, 0.0, 0.0, 0.0, 0.0, 0.0, 0.0, 0.0, 0.0, 0.0, 0.0, 0.0, 0.0, 0.0, 0.0, 0.0, 0.0, 0.0, 0.0, 0.0, 0.0, 0.0, 0.0, 0.0, 0.0, 0.0, 0.0, 0.0, 0.0, 0.0]}, "Apoptosis AUC": 0.4298}, "Bax": {"Timesteps": {"Apoptosis": [0.0, 0.1496, 0.261, 0.5668, 0.6386, 0.6402, 0.711, 0.8174, 0.9042, 0.958, 0.9882, 0.9966, 0.9998, 1.0, 1.0, 1.0, 1.0, 1.0, 1.0, 1.0, 1.0, 1.0, 1.0, 1.0, 1.0, 1.0, 1.0, 1.0, 1.0, 1.0, 1.0, 1.0, 1.0, 1.0, 1.0, 1.0, 1.0, 1.0, 1.0, 1.0, 1.0, 1.0, 1.0, 1.0, 1.0, 1.0, 1.0, 1.0, 1.0, 1.0, 1.0]}, "Apoptosis AUC": 46.6314}, "TNFR2": {"Timesteps": {"Apoptosis": [0.0, 0.1432, 0.1344, 0.1524, 0.0938, 0.1018, 0.137, 0.2116, 0.3126, 0.4474, 0.564, 0.6632, 0.7078, 0.7268, 0.7358, 0.7374, 0.738, 0.738, 0.738, 0.738, 0.738, 0.738, 0.738, 0.738, 0.738, 0.738, 0.738, 0.738, 0.738, 0.738, 0.738, 0.738, 0.738, 0.738, 0.738, 0.738, 0.738, 0.738, 0.738, 0.738, 0.738, 0.738, 0.738, 0.738, 0.738, 0.738, 0.738, 0.738, 0.738, 0.738, 0.738]}, "Apoptosis AUC": 31.699199999999987}, "TNFR1": {"Timesteps": {"Apoptosis": [0.0, 0.14, 0.1222, 0.145, 0.0936, 0.1126, 0.1718, 0.2652, 0.3992, 0.5276, 0.6158, 0.6706, 0.6954, 0.7088, 0.7126, 0.7132, 0.7132, 0.7132, 0.7132, 0.7132, 0.7132, 0.7132, 0.7132, 0.7132, 0.7132, 0.7132, 0.7132, 0.7132, 0.7132, 0.7132, 0.7132, 0.7132, 0.7132, 0.7132, 0.7132, 0.7132, 0.7132, 0.7132, 0.7132, 0.7132, 0.7132, 0.7132, 0.7132, 0.7132, 0.7132, 0.7132, 0.7132, 0.7132, 0.7132, 0.7132, 0.7132]}, "Apoptosis AUC": 31.055600000000016}, "SMAD": {"Timesteps": {"Apoptosis": [0.0, 0.1548, 0.1364, 0.1578, 0.1336, 0.221, 0.4128, 0.5974, 0.7668, 0.8902, 0.964, 0.9914, 0.9978, 1.0, 1.0, 1.0, 1.0, 1.0, 1.0, 1.0, 1.0, 1.0, 1.0, 1.0, 1.0, 1.0, 1.0, 1.0, 1.0, 1.0, 1.0, 1.0, 1.0, 1.0, 1.0, 1.0, 1.0, 1.0, 1.0, 1.0, 1.0, 1.0, 1.0, 1.0, 1.0, 1.0, 1.0, 1.0, 1.0, 1.0, 1.0]}, "Apoptosis AUC": 44.424}, "BclxL": {"Timesteps": {"Apoptosis": [0.0, 0.1546, 0.118, 0.0998, 0.017, 0.0, 0.0, 0.0, 0.0, 0.0, 0.0, 0.0, 0.0, 0.0, 0.0, 0.0, 0.0, 0.0, 0.0, 0.0, 0.0, 0.0, 0.0, 0.0, 0.0, 0.0, 0.0, 0.0, 0.0, 0.0, 0.0, 0.0, 0.0, 0.0, 0.0, 0.0, 0.0, 0.0, 0.0, 0.0, 0.0, 0.0, 0.0, 0.0, 0.0, 0.0, 0.0, 0.0, 0.0, 0.0, 0.0]}, "Apoptosis AUC": 0.38939999999999997}, "p53": {"Timesteps": {"Apoptosis": [0.0, 0.1462, 0.1274, 0.1544, 0.1132, 0.1508, 0.2442, 0.3808, 0.5364, 0.6994, 0.8052, 0.8726, 0.9098, 0.9334, 0.95, 0.9682, 0.9812, 0.9896, 0.9958, 0.9984, 0.9998, 0.9998, 1.0, 1.0, 1.0, 1.0, 1.0, 1.0, 1.0, 1.0, 1.0, 1.0, 1.0, 1.0, 1.0, 1.0, 1.0, 1.0, 1.0, 1.0, 1.0, 1.0, 1.0, 1.0, 1.0, 1.0, 1.0, 1.0, 1.0, 1.0, 1.0]}, "Apoptosis AUC": 42.956599999999995}, "Raf": {"Timesteps": {"Apoptosis": [0.0, 0.0846, 0.0, 0.0, 0.0, 0.0, 0.0, 0.0, 0.0, 0.0, 0.0, 0.0, 0.0, 0.0, 0.0, 0.0, 0.0, 0.0, 0.0, 0.0, 0.0, 0.0, 0.0, 0.0, 0.0, 0.0, 0.0, 0.0, 0.0, 0.0, 0.0, 0.0, 0.0, 0.0, 0.0, 0.0, 0.0, 0.0, 0.0, 0.0, 0.0, 0.0, 0.0, 0.0, 0.0, 0.0, 0.0, 0.0, 0.0, 0.0, 0.0]}, "Apoptosis AUC": 0.0846},