{"TAK1": {"Timesteps": {"Apoptosis": [0.0, 0.137, 0.126, 0.1518, 0.0946, 0.1208, 0.1938, 0.311, 0.4564, 0.5894, 0.707, 0.7916, 0.851, 0.8974, 0.9338, 0.9572, 0.9768, 0.9894, 0.996, 0.9994, 1.0, 1.0, 1.0, 1.0, 1.0, 1.0, 1.0, 1.0, 1.0, 1.0, 1.0, 1.0, 1.0, 1.0, 1.0, 1.0, 1.0, 1.0, 1.0, 1.0, 1.0, 1.0, 1.0, 1.0, 1.0, 1.0, 1.0, 1.0, 1.0, 1.0, 1.0]}, "Apoptosis AUC": 42.2804}, "ATM": {"Timesteps": {"Apoptosis": [0.0, 0.1382, 0.1254, 0.144, 0.1016, 0.1312, 0.2168, 0.3438, 0.492, 0.6428, 0.7744, 0.8466, 0.8914, 0.9148, 0.9394, 0.9616, 0.9766, 0.9898, 0.9944, 0.9978, 0.9994, 1.0, 1.0, 1.0, 1.0, 1.0, 1.0, 1.0, 1.0, 1.0, 1.0, 1.0, 1.0, 1.0, 1.0, 1.0, 1.0, 1.0, 1.0, 1.0, 1.0, 1.0, 1.0, 1.0, 1.0, 1.0, 1.0, 1.0, 1.0, 1.0, 1.0]}, "Apoptosis AUC": 42.622}, "AKT": {"Timesteps": {"Apoptosis": [0.0, 0.1504, 0.1304, 0.1266, 0.065, 0.0676, 0.0972, 0.127, 0.1506, 0.1754, 0.2026, 0.2236, 0.2444, 0.2538, 0.26, 0.2616, 0.262, 0.262, 0.262, 0.262, 0.262, 0.262, 0.262, 0.262, 0.262, 0.262, 0.262, 0.262, 0.262, 0.262, 0.262, 0.262, 0.262, 0.262, 0.262, 0.262, 0.262, 0.262, 0.262, 0.262, 0.262, 0.262, 0.262, 0.262, 0.262, 0.262, 0.262, 0.262, 0.262, 0.262, 0.262]}, "Apoptosis AUC": 11.706200000000013}, "XIAP": {"Timesteps": {"Apoptosis": [0.0, 0.124, 0.0, 0.0, 0.0, 0.0, 0.0, 0.0, 0.0, 0.0, 0.0, 0.0, 0.0, 0.0, 0.0, 0.0, 0.0, 0.0, 0.0, 0.0, 0.0, 0.0, 0.0, 0.0, 0.0, 0.0, 0.0, 0.0, 0.0, 0.0, 0.0, 0.0, 0.0, 0.0, 0.0, 0.0, 0.0, 0.0, 0.0, 0.0, 0.0, 0.0, 0.0, 0.0, 0.0, 0.0, 0.0, 0.0, 0.0, 0.0, 0.0]}, "Apoptosis AUC": 0.124}, "STAT3": {"Timesteps": {"Apoptosis": [0.0, 0.147, 0.1228, 0.1038, 0.028, 0.0028, 0.0, 0.0, 0.0, 0.0, 0.0, 0.0, 0.0, 0.0, 0.0, 0.0, 0.0, 0.0, 0.0, 0.0, 0.0, 0.0, 0.0, 0.0, 0.0, 0.0, 0.0, 0.0, 0.0, 0.0, 0.0, 0.0, 0.0, 0.0, 0.0, 0.0, 0.0, 0.0, 0.0, 0.0, 0.0, 0.0, 0.0, 0.0, 0.0, 0.0, 0.0, 0.0, 0.0, 0.0, 0.0]}, "Apoptosis AUC": 0.40440000000000004}, "BID": {"Timesteps": {"Apoptosis": [0.0, 0.145, 0.138, 0.165, 0.1318, 0.201, 0.3554, 0.5502, 0.7232, 0.8538, 0.9376, 0.9774, 0.9946, 0.9994, 1.0, 1.0, 1.0, 1.0, 1.0, 1.0, 1.0, 1.0, 1.0, 1.0, 1.0, 1.0, 1.0, 1.0, 1.0, 1.0, 1.0, 1.0, 1.0, 1.0, 1.0, 1.0, 1.0, 1.0, 1.0, 1.0, 1.0, 1.0, 1.0, 1.0, 1.0, 1.0, 1.0, 1.0, 1.0, 1.0, 1.0]}, "Apoptosis AUC": 44.172399999999996}, "RIP": {"Timesteps": {"Apoptosis": [0.0, 0.1462, 0.1284, 0.1446, 0.0796, 0.0928, 0.1502, 0.2492, 0.3638, 0.4796, 0.571, 0.6246, 0.6502, 0.6582, 0.6608, 0.6618, 0.6618, 0.6618, 0.6618, 0.6618, 0.6618, 0.6618, 0.6618, 0.6618, 0.6618, 0.6618, 0.6618, 0.6618, 0.6618, 0.6618, 0.6618, 0.6618, 0.6618, 0.6618, 0.6618, 0.6618, 0.6618, 0.6618, 0.6618, 0.6618, 0.6618, 0.6618, 0.6618, 0.6618, 0.6618, 0.6618, 0.6618, 0.6618, 0.6618, 0.6618, 0.6618]}, "Apoptosis AUC": 28.823999999999987}, "MYC": {"Timesteps": {"Apoptosis": [0.0, 0.1394, 0.137, 0.1478, 0.085, 0.101, 0.166, 0.2606, 0.3904, 0.5038, 0.5888, 0.641, 0.664, 0.6726, 0.6756, 0.6766, 0.6766, 0.6766, 0.6766, 0.6766, 0.6766, 0.6766, 0.6766, 0.6766, 0.6766, 0.6766, 0.6766, 0.6766, 0.6766, 0.6766, 0.6766, 0.6766, 0.6766, 0.6766, 0.6766, 0.6766, 0.6766, 0.6766, 0.6766, 0.6766, 0.6766, 0.6766, 0.6766, 0.6766, 0.6766, 0.6766, 0.6766, 0.6766, 0.6766, 0.6766, 0.6766]}, "Apoptosis AUC": 29.530600000000014}, "DUSP1": {"Timesteps": {"Apoptosis": [0.0, 0.1348, 0.1274, 0.1132, 0.0602, 0.0594, 0.111, 0.1798, 0.2532, 0.3078, 0.3414, 0.3548, 0.358, 0.3592, 0.3594, 0.3594, 0.3594, 0.3594, 0.3594, 0.3594, 0.3594, 0.3594, 0.3594, 0.3594, 0.3594, 0.3594, 0.3594, 0.3594, 0.3594, 0.3594, 0.3594, 0.3594, 0.3594, 0.3594, 0.3594, 0.3594, 0.3594, 0.3594, 0.3594, 0.3594, 0.3594, 0.3594, 0.3594, 0.3594, 0.3594, 0.3594, 0.3594, 0.3594, 0.3594, 0.3594, 0.3594]}, "Apoptosis AUC": 16.058000000000018}, "Bcl2": {"Timesteps": {"Apoptosis": [0.0, 0.1472, 0.1138, 0.0936, 0.014, 0.0, 0.0, 0.0, 0.0, 0.0, 0.0, 0.0, 0.0, 0.0, 0.0, 0.0, 0.0, 0.0, 0.0, 0.0, 0.0, 0.0, 0.0, 0.0, 0.0, 0.0, 0.0, 0.0, 0.0, 0.0, 0.0, 0.0, 0.0, 0.0, 0.0, 0.0, 0.0, 0.0, 0.0, 0.0, 0.0, 0.0, 0.0, 0.0, 0.0, 0.0, 0.0, 0.0, 0.0, 0.0, 0.0]}, "Apoptosis AUC": 0.36860000000000004}, "TRAF2": {"Timesteps": {"Apoptosis": [0.0, 0.1512, 0.1324, 0.155, 0.0788, 0.0366, 0.013, 0.0012, 0.0, 0.0, 0.0, 0.0, 0.0, 0.0, 0.0, 0.0, 0.0, 0.0, 0.0, 0.0, 0.0, 0.0, 0.0, 0.0, 0.0, 0.0, 0.0, 0.0, 0.0, 0.0, 0.0, 0.0, 0.0, 0.0, 0.0, 0.0, 0.0, 0.0, 0.0, 0.0, 0.0, 0.0, 0.0, 0.0, 0.0, 0.0, 0.0, 0.0, 0.0, 0.0, 0.0]}, "Apoptosis AUC": 0.5681999999999999}, "TRAF6": {"Timesteps": {"Apoptosis": [0.0, 0.1488, 0.1256, 0.1398, 0.0888, 0.1166, 0.2, 0.3034, 0.431, 0.5654, 0.686, 0.7712, 0.8338, 0.8808, 0.9198, 0.949, 0.9742, 0.9874, 0.9958, 0.9988, 0.9998, 1.0, 1.0, 1.0, 1.0, 1.0, 1.0, 1.0, 1.0, 1.0, 1.0, 1.0, 1.0, 1.0, 1.0, 1.0, 1.0, 1.0, 1.0, 1.0, 1.0, 1.0, 1.0, 1.0, 1.0, 1.0, 1.0, 1.0, 1.0, 1.0, 1.0]}, "Apoptosis AUC": 42.116}, "NFkB": {"Timesteps": {"Apoptosis": [0.0, 0.1448, 0.1266, 0.1214, 0.0296, 0.0024, 0.0, 0.0, 0.0, 0.0, 0.0, 0.0, 0.0, 0.0, 0.0, 0.0, 0.0, 0.0, 0.0, 0.0, 0.0, 0.0, 0.0, 0.0, 0.0, 0.0, 0.0, 0.0, 0.0, 0.0, 0.0, 0.0, 0.0, 0.0, 0.0, 0.0, 0.0, 0.0, 0.0, 0.0, 0.0, 0.0, 0.0, 0.0, 0.0, 0.0, 0.0, 0.0, 0.0, 0.0, 0.0]}, "Apoptosis AUC": 0.4248}, "Bax": {"Timesteps": {"Apoptosis": [0.0, 0.1492, 0.262, 0.5474, 0.6302, 0.6436, 0.707, 0.809, 0.8994, 0.9608, 0.9902, 0.998, 1.0, 1.0, 1.0, 1.0, 1.0, 1.0, 1.0, 1.0, 1.0, 1.0, 1.0, 1.0, 1.0, 1.0, 1.0, 1.0, 1.0, 1.0, 1.0, 1.0, 1.0, 1.0, 1.0, 1.0, 1.0, 1.0, 1.0, 1.0, 1.0, 1.0, 1.0, 1.0, 1.0, 1.0, 1.0, 1.0, 1.0, 1.0, 1.0]}, "Apoptosis AUC": 46.5968}, "TNFR2": {"Timesteps": {"Apoptosis": [0.0, 0.1494, 0.1234, 0.1434, 0.0916, 0.0894, 0.1236, 0.196, 0.3032, 0.417, 0.5328, 0.6146, 0.6628, 0.6856, 0.6944, 0.6966, 0.6966, 0.6966, 0.6966, 0.6966, 0.6966, 0.6966, 0.6966, 0.6966, 0.6966, 0.6966, 0.6966, 0.6966, 0.6966, 0.6966, 0.6966, 0.6966, 0.6966, 0.6966, 0.6966, 0.6966, 0.6966, 0.6966, 0.6966, 0.6966, 0.6966, 0.6966, 0.6966, 0.6966, 0.6966, 0.6966, 0.6966, 0.6966, 0.6966, 0.6966, 0.6966]}, "Apoptosis AUC": 29.9048}, "TNFR1": {"Timesteps": {"Apoptosis": [0.0, 0.1498, 0.1288, 0.1474, 0.091, 0.1034, 0.164, 0.2502, 0.3754, 0.4988, 0.5802, 0.6294, 0.6506, 0.659, 0.6622, 0.6628, 0.6628, 0.6628, 0.6628, 0.6628, 0.6628, 0.6628, 0.6628, 0.6628, 0.6628, 0.6628, 0.6628, 0.6628, 0.6628, 0.6628, 0.6628, 0.6628, 0.6628, 0.6628, 0.6628, 0.6628, 0.6628, 0.6628, 0.6628, 0.6628, 0.6628, 0.6628, 0.6628, 0.6628, 0.6628, 0.6628, 0.6628, 0.6628, 0.6628, 0.6628, 0.6628]}, "Apoptosis AUC": 28.951000000000022}, "SMAD": {"Timesteps": {"Apoptosis": [0.0, 0.1388, 0.1252, 0.1522, 0.125, 0.2008, 0.389, 0.593, 0.7626, 0.888, 0.96, 0.9892, 0.9976, 0.9998, 1.0, 1.0, 1.0, 1.0, 1.0, 1.0, 1.0, 1.0, 1.0, 1.0, 1.0, 1.0, 1.0, 1.0, 1.0, 1.0, 1.0, 1.0, 1.0, 1.0, 1.0, 1.0, 1.0, 1.0, 1.0, 1.0, 1.0, 1.0, 1.0, 1.0, 1.0, 1.0, 1.0, 1.0, 1.0, 1.0, 1.0]}, "Apoptosis AUC": 44.321200000000005}, "BclxL": {"Timesteps": {"Apoptosis": [0.0, 0.1492, 0.117, 0.0982, 0.0136, 0.0, 0.0, 0.0, 0.0, 0.0, 0.0, 0.0, 0.0, 0.0, 0.0, 0.0, 0.0, 0.0, 0.0, 0.0, 0.0, 0.0, 0.0, 0.0, 0.0, 0.0, 0.0, 0.0, 0.0, 0.0, 0.0, 0.0, 0.0, 0.0, 0.0, 0.0, 0.0, 0.0, 0.0, 0.0, 0.0, 0.0, 0.0, 0.0, 0.0, 0.0, 0.0, 0.0, 0.0, 0.0, 0.0]}, "Apoptosis AUC": 0.378}, "p53": {"Timesteps": {"Apoptosis": [0.0, 0.146, 0.1254, 0.1466, 0.0898, 0.125, 0.231, 0.35, 0.5226, 0.689, 0.8032, 0.8706, 0.9084, 0.9348, 0.9538, 0.9684, 0.9816, 0.9912, 0.9966, 0.999, 1.0, 1.0, 1.0, 1.0, 1.0, 1.0, 1.0, 1.0, 1.0, 1.0, 1.0, 1.0, 1.0, 1.0, 1.0, 1.0, 1.0, 1.0, 1.0, 1.0, 1.0, 1.0, 1.0, 1.0, 1.0, 1.0, 1.0, 1.0, 1.0, 1.0, 1.0]}, "Apoptosis AUC": 42.833}, "Raf": {"Timesteps": {"Apoptosis": [0.0, 0.0888, 0.0, 0.0, 0.0, 0.0, 0.0, 0.0, 0.0, 0.0, 0.0, 0.0, 0.0, 0.0, 0.0, 0.0, 0.0, 0.0, 0.0, 0.0, 0.0, 0.0, 0.0, 0.0, 0.0, 0.0, 0.0, 0.0, 0.0, 0.0, 0.0, 0.0, 0.0, 0.0, 0.0, 0.0, 0.0, 0.0, 0.0, 0.0, 0.0, 0.0, 0.0, 0.0, 0.0, 0.0, 0.0, 0.0, 0.0, 0.0, 0.0]}, "Apoptosis AUC": 0.0888},