{"TAK1": {"Timesteps": {"Apoptosis": [0.0, 0.15, 0.1388, 0.152, 0.0958, 0.1358, 0.2274, 0.3552, 0.5134, 0.6706, 0.784, 0.8594, 0.901, 0.9252, 0.9452, 0.9674, 0.982, 0.992, 0.996, 0.999, 0.9996, 1.0, 1.0, 1.0, 1.0, 1.0, 1.0, 1.0, 1.0, 1.0, 1.0, 1.0, 1.0, 1.0, 1.0, 1.0, 1.0, 1.0, 1.0, 1.0, 1.0, 1.0, 1.0, 1.0, 1.0, 1.0, 1.0, 1.0, 1.0, 1.0, 1.0]}, "Apoptosis AUC": 42.7898}, "ATM": {"Timesteps": {"Apoptosis": [0.0, 0.151, 0.1298, 0.1488, 0.0948, 0.1332, 0.2198, 0.3422, 0.4938, 0.6546, 0.7746, 0.852, 0.8976, 0.928, 0.9494, 0.9676, 0.983, 0.9916, 0.9968, 0.9992, 0.9998, 1.0, 1.0, 1.0, 1.0, 1.0, 1.0, 1.0, 1.0, 1.0, 1.0, 1.0, 1.0, 1.0, 1.0, 1.0, 1.0, 1.0, 1.0, 1.0, 1.0, 1.0, 1.0, 1.0, 1.0, 1.0, 1.0, 1.0, 1.0, 1.0, 1.0]}, "Apoptosis AUC": 42.7076}, "AKT": {"Timesteps": {"Apoptosis": [0.0, 0.134, 0.1242, 0.132, 0.0776, 0.079, 0.1158, 0.1442, 0.17, 0.1984, 0.219, 0.2346, 0.2454, 0.2502, 0.2526, 0.253, 0.253, 0.253, 0.253, 0.253, 0.253, 0.253, 0.253, 0.253, 0.253, 0.253, 0.253, 0.253, 0.253, 0.253, 0.253, 0.253, 0.253, 0.253, 0.253, 0.253, 0.253, 0.253, 0.253, 0.253, 0.253, 0.253, 0.253, 0.253, 0.253, 0.253, 0.253, 0.253, 0.253, 0.253, 0.253]}, "Apoptosis AUC": 11.485000000000003}, "XIAP": {"Timesteps": {"Apoptosis": [0.0, 0.1224, 0.0, 0.0, 0.0, 0.0, 0.0, 0.0, 0.0, 0.0, 0.0, 0.0, 0.0, 0.0, 0.0, 0.0, 0.0, 0.0, 0.0, 0.0, 0.0, 0.0, 0.0, 0.0, 0.0, 0.0, 0.0, 0.0, 0.0, 0.0, 0.0, 0.0, 0.0, 0.0, 0.0, 0.0, 0.0, 0.0, 0.0, 0.0, 0.0, 0.0, 0.0, 0.0, 0.0, 0.0, 0.0, 0.0, 0.0, 0.0, 0.0]}, "Apoptosis AUC": 0.1224}, "STAT3": {"Timesteps": {"Apoptosis": [0.0, 0.1414, 0.1292, 0.1128, 0.0302, 0.0024, 0.0, 0.0, 0.0, 0.0, 0.0, 0.0, 0.0, 0.0, 0.0, 0.0, 0.0, 0.0, 0.0, 0.0, 0.0, 0.0, 0.0, 0.0, 0.0, 0.0, 0.0, 0.0, 0.0, 0.0, 0.0, 0.0, 0.0, 0.0, 0.0, 0.0, 0.0, 0.0, 0.0, 0.0, 0.0, 0.0, 0.0, 0.0, 0.0, 0.0, 0.0, 0.0, 0.0, 0.0, 0.0]}, "Apoptosis AUC": 0.41600000000000004}, "BID": {"Timesteps": {"Apoptosis": [0.0, 0.1496, 0.1304, 0.1642, 0.1534, 0.2588, 0.4644, 0.691, 0.8544, 0.9488, 0.9866, 0.9978, 1.0, 1.0, 1.0, 1.0, 1.0, 1.0, 1.0, 1.0, 1.0, 1.0, 1.0, 1.0, 1.0, 1.0, 1.0, 1.0, 1.0, 1.0, 1.0, 1.0, 1.0, 1.0, 1.0, 1.0, 1.0, 1.0, 1.0, 1.0, 1.0, 1.0, 1.0, 1.0, 1.0, 1.0, 1.0, 1.0, 1.0, 1.0, 1.0]}, "Apoptosis AUC": 44.7994}, "RIP": {"Timesteps": {"Apoptosis": [0.0, 0.1386, 0.1348, 0.1446, 0.0958, 0.1286, 0.2128, 0.331, 0.4816, 0.644, 0.7656, 0.8414, 0.8948, 0.9216, 0.948, 0.9684, 0.9794, 0.9906, 0.9964, 0.998, 0.9998, 1.0, 1.0, 1.0, 1.0, 1.0, 1.0, 1.0, 1.0, 1.0, 1.0, 1.0, 1.0, 1.0, 1.0, 1.0, 1.0, 1.0, 1.0, 1.0, 1.0, 1.0, 1.0, 1.0, 1.0, 1.0, 1.0, 1.0, 1.0, 1.0, 1.0]}, "Apoptosis AUC": 42.6158}, "MYC": {"Timesteps": {"Apoptosis": [0.0, 0.1516, 0.131, 0.1472, 0.0948, 0.1292, 0.211, 0.3344, 0.5004, 0.6532, 0.7722, 0.8452, 0.8918, 0.925, 0.9472, 0.9644, 0.9816, 0.9926, 0.997, 0.9992, 1.0, 1.0, 1.0, 1.0, 1.0, 1.0, 1.0, 1.0, 1.0, 1.0, 1.0, 1.0, 1.0, 1.0, 1.0, 1.0, 1.0, 1.0, 1.0, 1.0, 1.0, 1.0, 1.0, 1.0, 1.0, 1.0, 1.0, 1.0, 1.0, 1.0, 1.0]}, "Apoptosis AUC": 42.669}, "DUSP1": {"Timesteps": {"Apoptosis": [0.0, 0.1486, 0.1236, 0.1156, 0.0612, 0.0748, 0.1366, 0.2006, 0.2706, 0.3186, 0.3386, 0.3462, 0.348, 0.348, 0.348, 0.348, 0.348, 0.348, 0.348, 0.348, 0.348, 0.348, 0.348, 0.348, 0.348, 0.348, 0.348, 0.348, 0.348, 0.348, 0.348, 0.348, 0.348, 0.348, 0.348, 0.348, 0.348, 0.348, 0.348, 0.348, 0.348, 0.348, 0.348, 0.348, 0.348, 0.348, 0.348, 0.348, 0.348, 0.348, 0.348]}, "Apoptosis AUC": 15.707000000000015}, "Bcl2": {"Timesteps": {"Apoptosis": [0.0, 0.1496, 0.1162, 0.0998, 0.0182, 0.0, 0.0, 0.0, 0.0, 0.0, 0.0, 0.0, 0.0, 0.0, 0.0, 0.0, 0.0, 0.0, 0.0, 0.0, 0.0, 0.0, 0.0, 0.0, 0.0, 0.0, 0.0, 0.0, 0.0, 0.0, 0.0, 0.0, 0.0, 0.0, 0.0, 0.0, 0.0, 0.0, 0.0, 0.0, 0.0, 0.0, 0.0, 0.0, 0.0, 0.0, 0.0, 0.0, 0.0, 0.0, 0.0]}, "Apoptosis AUC": 0.38380000000000003}, "TRAF2": {"Timesteps": {"Apoptosis": [0.0, 0.1428, 0.138, 0.1612, 0.0826, 0.0376, 0.013, 0.001, 0.0, 0.0, 0.0, 0.0, 0.0, 0.0, 0.0, 0.0, 0.0, 0.0, 0.0, 0.0, 0.0, 0.0, 0.0, 0.0, 0.0, 0.0, 0.0, 0.0, 0.0, 0.0, 0.0, 0.0, 0.0, 0.0, 0.0, 0.0, 0.0, 0.0, 0.0, 0.0, 0.0, 0.0, 0.0, 0.0, 0.0, 0.0, 0.0, 0.0, 0.0, 0.0, 0.0]}, "Apoptosis AUC": 0.5762}, "TRAF6": {"Timesteps": {"Apoptosis": [0.0, 0.148, 0.1282, 0.1492, 0.1034, 0.1386, 0.2196, 0.3414, 0.5004, 0.6514, 0.7674, 0.8484, 0.8924, 0.9206, 0.9436, 0.9652, 0.9796, 0.9908, 0.995, 0.9982, 0.9996, 0.9998, 1.0, 1.0, 1.0, 1.0, 1.0, 1.0, 1.0, 1.0, 1.0, 1.0, 1.0, 1.0, 1.0, 1.0, 1.0, 1.0, 1.0, 1.0, 1.0, 1.0, 1.0, 1.0, 1.0, 1.0, 1.0, 1.0, 1.0, 1.0, 1.0]}, "Apoptosis AUC": 42.680800000000005}, "NFkB": {"Timesteps": {"Apoptosis": [0.0, 0.147, 0.118, 0.1272, 0.0316, 0.002, 0.0, 0.0, 0.0, 0.0, 0.0, 0.0, 0.0, 0.0, 0.0, 0.0, 0.0, 0.0, 0.0, 0.0, 0.0, 0.0, 0.0, 0.0, 0.0, 0.0, 0.0, 0.0, 0.0, 0.0, 0.0, 0.0, 0.0, 0.0, 0.0, 0.0, 0.0, 0.0, 0.0, 0.0, 0.0, 0.0, 0.0, 0.0, 0.0, 0.0, 0.0, 0.0, 0.0, 0.0, 0.0]}, "Apoptosis AUC": 0.4258}, "Bax": {"Timesteps": {"Apoptosis": [0.0, 0.1532, 0.2682, 0.591, 0.705, 0.7676, 0.8472, 0.921, 0.9644, 0.9868, 0.9966, 0.9994, 1.0, 1.0, 1.0, 1.0, 1.0, 1.0, 1.0, 1.0, 1.0, 1.0, 1.0, 1.0, 1.0, 1.0, 1.0, 1.0, 1.0, 1.0, 1.0, 1.0, 1.0, 1.0, 1.0, 1.0, 1.0, 1.0, 1.0, 1.0, 1.0, 1.0, 1.0, 1.0, 1.0, 1.0, 1.0, 1.0, 1.0, 1.0, 1.0]}, "Apoptosis AUC": 47.2004}, "TNFR2": {"Timesteps": {"Apoptosis": [0.0, 0.1394, 0.138, 0.152, 0.1044, 0.1142, 0.1682, 0.2744, 0.4184, 0.5838, 0.7332, 0.8276, 0.8856, 0.9162, 0.9408, 0.955, 0.9754, 0.987, 0.9944, 0.9984, 0.9994, 0.9996, 1.0, 1.0, 1.0, 1.0, 1.0, 1.0, 1.0, 1.0, 1.0, 1.0, 1.0, 1.0, 1.0, 1.0, 1.0, 1.0, 1.0, 1.0, 1.0, 1.0, 1.0, 1.0, 1.0, 1.0, 1.0, 1.0, 1.0, 1.0, 1.0]}, "Apoptosis AUC": 42.305400000000006}, "TNFR1": {"Timesteps": {"Apoptosis": [0.0, 0.144, 0.1232, 0.1396, 0.0942, 0.1308, 0.2182, 0.3334, 0.484, 0.658, 0.7708, 0.8408, 0.8926, 0.9194, 0.9418, 0.96, 0.9774, 0.9884, 0.9954, 0.998, 0.9994, 0.9998, 1.0, 1.0, 1.0, 1.0, 1.0, 1.0, 1.0, 1.0, 1.0, 1.0, 1.0, 1.0, 1.0, 1.0, 1.0, 1.0, 1.0, 1.0, 1.0, 1.0, 1.0, 1.0, 1.0, 1.0, 1.0, 1.0, 1.0, 1.0, 1.0]}, "Apoptosis AUC": 42.6092}, "SMAD": {"Timesteps": {"Apoptosis": [0.0, 0.1406, 0.129, 0.1636, 0.143, 0.2522, 0.4636, 0.6916, 0.8508, 0.9482, 0.9884, 0.9974, 0.9994, 1.0, 1.0, 1.0, 1.0, 1.0, 1.0, 1.0, 1.0, 1.0, 1.0, 1.0, 1.0, 1.0, 1.0, 1.0, 1.0, 1.0, 1.0, 1.0, 1.0, 1.0, 1.0, 1.0, 1.0, 1.0, 1.0, 1.0, 1.0, 1.0, 1.0, 1.0, 1.0, 1.0, 1.0, 1.0, 1.0, 1.0, 1.0]}, "Apoptosis AUC": 44.7678}, "BclxL": {"Timesteps": {"Apoptosis": [0.0, 0.1536, 0.1188, 0.0962, 0.0152, 0.0, 0.0, 0.0, 0.0, 0.0, 0.0, 0.0, 0.0, 0.0, 0.0, 0.0, 0.0, 0.0, 0.0, 0.0, 0.0, 0.0, 0.0, 0.0, 0.0, 0.0, 0.0, 0.0, 0.0, 0.0, 0.0, 0.0, 0.0, 0.0, 0.0, 0.0, 0.0, 0.0, 0.0, 0.0, 0.0, 0.0, 0.0, 0.0, 0.0, 0.0, 0.0, 0.0, 0.0, 0.0, 0.0]}, "Apoptosis AUC": 0.3838}, "p53": {"Timesteps": {"Apoptosis": [0.0, 0.1412, 0.126, 0.1458, 0.0976, 0.1408, 0.2372, 0.3608, 0.528, 0.6876, 0.805, 0.8728, 0.9106, 0.9342, 0.9514, 0.9678, 0.9824, 0.9912, 0.994, 0.9974, 0.9988, 0.9998, 1.0, 1.0, 1.0, 1.0, 1.0, 1.0, 1.0, 1.0, 1.0, 1.0, 1.0, 1.0, 1.0, 1.0, 1.0, 1.0, 1.0, 1.0, 1.0, 1.0, 1.0, 1.0, 1.0, 1.0, 1.0, 1.0, 1.0, 1.0, 1.0]}, "Apoptosis AUC": 42.870400000000004}, "Raf": {"Timesteps": {"Apoptosis": [0.0, 0.0834, 0.0, 0.0, 0.0, 0.0, 0.0, 0.0, 0.0, 0.0, 0.0, 0.0, 0.0, 0.0, 0.0, 0.0, 0.0, 0.0, 0.0, 0.0, 0.0, 0.0, 0.0, 0.0, 0.0, 0.0, 0.0, 0.0, 0.0, 0.0, 0.0, 0.0, 0.0, 0.0, 0.0, 0.0, 0.0, 0.0, 0.0, 0.0, 0.0, 0.0, 0.0, 0.0, 0.0, 0.0, 0.0, 0.0, 0.0, 0.0, 0.0]}, "Apoptosis AUC": 0.0834}, "TGFBR": {"Timesteps": {"Apoptosis": [0.0, 0.153, 0.1352, 0.154, 0.1302, 0.2112, 0.3746, 0.5116, 0.603, 0.6558, 0.6722, 0.679, 0.6812, 0.6768, 0.6758, 0.678, 0.6804, 0.6772, 0.6772, 0.6778, 0.6786, 0.6782, 0.6772, 0.6784, 0.678, 0.6778, 0.6778, 0.678, 0.6782, 0.6778, 0.6776, 0.678, 0.6778, 0.6776, 0.6776, 0.6778, 0.6778, 0.6778, 0.6776, 0.6776, 0.6776, 0.6776, 0.6776, 0.6776, 0.6776, 0.6776, 0.6776, 0.6776, 0.6776, 0.6776, 0.6776]}, "Apoptosis AUC": 30.714999999999982},