{"TAK1": {"Timesteps": {"Apoptosis": [0.0, 0.1442, 0.1252, 0.1408, 0.0928, 0.128, 0.2018, 0.3204, 0.4688, 0.5988, 0.7176, 0.797, 0.8606, 0.9058, 0.9318, 0.9572, 0.9744, 0.9876, 0.9946, 0.9972, 0.9988, 0.9994, 0.9998, 1.0, 1.0, 1.0, 1.0, 1.0, 1.0, 1.0, 1.0, 1.0, 1.0, 1.0, 1.0, 1.0, 1.0, 1.0, 1.0, 1.0, 1.0, 1.0, 1.0, 1.0, 1.0, 1.0, 1.0, 1.0, 1.0, 1.0, 1.0]}, "Apoptosis AUC": 42.3426}, "ATM": {"Timesteps": {"Apoptosis": [0.0, 0.15, 0.1274, 0.1456, 0.0994, 0.1378, 0.2256, 0.347, 0.509, 0.6702, 0.7852, 0.8624, 0.9002, 0.9222, 0.9434, 0.9668, 0.9806, 0.9898, 0.9966, 0.9986, 0.9996, 1.0, 1.0, 1.0, 1.0, 1.0, 1.0, 1.0, 1.0, 1.0, 1.0, 1.0, 1.0, 1.0, 1.0, 1.0, 1.0, 1.0, 1.0, 1.0, 1.0, 1.0, 1.0, 1.0, 1.0, 1.0, 1.0, 1.0, 1.0, 1.0, 1.0]}, "Apoptosis AUC": 42.757400000000004}, "AKT": {"Timesteps": {"Apoptosis": [0.0, 0.1556, 0.1298, 0.139, 0.066, 0.0656, 0.1002, 0.1232, 0.146, 0.1656, 0.1928, 0.2164, 0.2336, 0.243, 0.2478, 0.2498, 0.2506, 0.2506, 0.2506, 0.2506, 0.2506, 0.2506, 0.2506, 0.2506, 0.2506, 0.2506, 0.2506, 0.2506, 0.2506, 0.2506, 0.2506, 0.2506, 0.2506, 0.2506, 0.2506, 0.2506, 0.2506, 0.2506, 0.2506, 0.2506, 0.2506, 0.2506, 0.2506, 0.2506, 0.2506, 0.2506, 0.2506, 0.2506, 0.2506, 0.2506, 0.2506]}, "Apoptosis AUC": 11.245400000000009}, "XIAP": {"Timesteps": {"Apoptosis": [0.0, 0.1256, 0.0, 0.0, 0.0, 0.0, 0.0, 0.0, 0.0, 0.0, 0.0, 0.0, 0.0, 0.0, 0.0, 0.0, 0.0, 0.0, 0.0, 0.0, 0.0, 0.0, 0.0, 0.0, 0.0, 0.0, 0.0, 0.0, 0.0, 0.0, 0.0, 0.0, 0.0, 0.0, 0.0, 0.0, 0.0, 0.0, 0.0, 0.0, 0.0, 0.0, 0.0, 0.0, 0.0, 0.0, 0.0, 0.0, 0.0, 0.0, 0.0]}, "Apoptosis AUC": 0.1256}, "STAT3": {"Timesteps": {"Apoptosis": [0.0, 0.1486, 0.1318, 0.117, 0.024, 0.0006, 0.0, 0.0, 0.0, 0.0, 0.0, 0.0, 0.0, 0.0, 0.0, 0.0, 0.0, 0.0, 0.0, 0.0, 0.0, 0.0, 0.0, 0.0, 0.0, 0.0, 0.0, 0.0, 0.0, 0.0, 0.0, 0.0, 0.0, 0.0, 0.0, 0.0, 0.0, 0.0, 0.0, 0.0, 0.0, 0.0, 0.0, 0.0, 0.0, 0.0, 0.0, 0.0, 0.0, 0.0, 0.0]}, "Apoptosis AUC": 0.422}, "BID": {"Timesteps": {"Apoptosis": [0.0, 0.1422, 0.1302, 0.1746, 0.1462, 0.2078, 0.3552, 0.5468, 0.71, 0.8518, 0.9366, 0.9776, 0.9952, 0.9992, 0.9996, 1.0, 1.0, 1.0, 1.0, 1.0, 1.0, 1.0, 1.0, 1.0, 1.0, 1.0, 1.0, 1.0, 1.0, 1.0, 1.0, 1.0, 1.0, 1.0, 1.0, 1.0, 1.0, 1.0, 1.0, 1.0, 1.0, 1.0, 1.0, 1.0, 1.0, 1.0, 1.0, 1.0, 1.0, 1.0, 1.0]}, "Apoptosis AUC": 44.173}, "RIP": {"Timesteps": {"Apoptosis": [0.0, 0.1488, 0.1292, 0.1482, 0.0884, 0.1008, 0.158, 0.2662, 0.3966, 0.5224, 0.6144, 0.6596, 0.686, 0.695, 0.6968, 0.6974, 0.6974, 0.6974, 0.6974, 0.6974, 0.6974, 0.6974, 0.6974, 0.6974, 0.6974, 0.6974, 0.6974, 0.6974, 0.6974, 0.6974, 0.6974, 0.6974, 0.6974, 0.6974, 0.6974, 0.6974, 0.6974, 0.6974, 0.6974, 0.6974, 0.6974, 0.6974, 0.6974, 0.6974, 0.6974, 0.6974, 0.6974, 0.6974, 0.6974, 0.6974, 0.6974]}, "Apoptosis AUC": 30.416800000000038}, "MYC": {"Timesteps": {"Apoptosis": [0.0, 0.1424, 0.124, 0.14, 0.0944, 0.1116, 0.178, 0.2848, 0.415, 0.5374, 0.6254, 0.677, 0.6948, 0.7026, 0.7054, 0.7058, 0.7058, 0.7058, 0.7058, 0.7058, 0.7058, 0.7058, 0.7058, 0.7058, 0.7058, 0.7058, 0.7058, 0.7058, 0.7058, 0.7058, 0.7058, 0.7058, 0.7058, 0.7058, 0.7058, 0.7058, 0.7058, 0.7058, 0.7058, 0.7058, 0.7058, 0.7058, 0.7058, 0.7058, 0.7058, 0.7058, 0.7058, 0.7058, 0.7058, 0.7058, 0.7058]}, "Apoptosis AUC": 30.8416}, "DUSP1": {"Timesteps": {"Apoptosis": [0.0, 0.1434, 0.118, 0.1116, 0.0528, 0.0638, 0.1116, 0.1706, 0.239, 0.2988, 0.3328, 0.3478, 0.353, 0.3536, 0.3546, 0.3546, 0.3546, 0.3546, 0.3546, 0.3546, 0.3546, 0.3546, 0.3546, 0.3546, 0.3546, 0.3546, 0.3546, 0.3546, 0.3546, 0.3546, 0.3546, 0.3546, 0.3546, 0.3546, 0.3546, 0.3546, 0.3546, 0.3546, 0.3546, 0.3546, 0.3546, 0.3546, 0.3546, 0.3546, 0.3546, 0.3546, 0.3546, 0.3546, 0.3546, 0.3546, 0.3546]}, "Apoptosis AUC": 15.816999999999988}, "Bcl2": {"Timesteps": {"Apoptosis": [0.0, 0.1448, 0.112, 0.0948, 0.016, 0.0, 0.0, 0.0, 0.0, 0.0, 0.0, 0.0, 0.0, 0.0, 0.0, 0.0, 0.0, 0.0, 0.0, 0.0, 0.0, 0.0, 0.0, 0.0, 0.0, 0.0, 0.0, 0.0, 0.0, 0.0, 0.0, 0.0, 0.0, 0.0, 0.0, 0.0, 0.0, 0.0, 0.0, 0.0, 0.0, 0.0, 0.0, 0.0, 0.0, 0.0, 0.0, 0.0, 0.0, 0.0, 0.0]}, "Apoptosis AUC": 0.36760000000000004}, "TRAF2": {"Timesteps": {"Apoptosis": [0.0, 0.15, 0.1518, 0.1704, 0.0844, 0.0424, 0.0134, 0.001, 0.0, 0.0, 0.0, 0.0, 0.0, 0.0, 0.0, 0.0, 0.0, 0.0, 0.0, 0.0, 0.0, 0.0, 0.0, 0.0, 0.0, 0.0, 0.0, 0.0, 0.0, 0.0, 0.0, 0.0, 0.0, 0.0, 0.0, 0.0, 0.0, 0.0, 0.0, 0.0, 0.0, 0.0, 0.0, 0.0, 0.0, 0.0, 0.0, 0.0, 0.0, 0.0, 0.0]}, "Apoptosis AUC": 0.6134}, "TRAF6": {"Timesteps": {"Apoptosis": [0.0, 0.1494, 0.1194, 0.1352, 0.092, 0.1316, 0.2008, 0.3126, 0.4532, 0.594, 0.7128, 0.7878, 0.8472, 0.8954, 0.9294, 0.9548, 0.972, 0.9856, 0.9932, 0.9972, 0.9992, 0.9998, 1.0, 1.0, 1.0, 1.0, 1.0, 1.0, 1.0, 1.0, 1.0, 1.0, 1.0, 1.0, 1.0, 1.0, 1.0, 1.0, 1.0, 1.0, 1.0, 1.0, 1.0, 1.0, 1.0, 1.0, 1.0, 1.0, 1.0, 1.0, 1.0]}, "Apoptosis AUC": 42.2626}, "NFkB": {"Timesteps": {"Apoptosis": [0.0, 0.1422, 0.123, 0.1114, 0.0316, 0.0026, 0.0, 0.0, 0.0, 0.0, 0.0, 0.0, 0.0, 0.0, 0.0, 0.0, 0.0, 0.0, 0.0, 0.0, 0.0, 0.0, 0.0, 0.0, 0.0, 0.0, 0.0, 0.0, 0.0, 0.0, 0.0, 0.0, 0.0, 0.0, 0.0, 0.0, 0.0, 0.0, 0.0, 0.0, 0.0, 0.0, 0.0, 0.0, 0.0, 0.0, 0.0, 0.0, 0.0, 0.0, 0.0]}, "Apoptosis AUC": 0.4108}, "Bax": {"Timesteps": {"Apoptosis": [0.0, 0.1444, 0.2676, 0.559, 0.6318, 0.6322, 0.6994, 0.8016, 0.8968, 0.9582, 0.9878, 0.998, 0.9998, 1.0, 1.0, 1.0, 1.0, 1.0, 1.0, 1.0, 1.0, 1.0, 1.0, 1.0, 1.0, 1.0, 1.0, 1.0, 1.0, 1.0, 1.0, 1.0, 1.0, 1.0, 1.0, 1.0, 1.0, 1.0, 1.0, 1.0, 1.0, 1.0, 1.0, 1.0, 1.0, 1.0, 1.0, 1.0, 1.0, 1.0, 1.0]}, "Apoptosis AUC": 46.5766}, "TNFR2": {"Timesteps": {"Apoptosis": [0.0, 0.1388, 0.1358, 0.1552, 0.0916, 0.0992, 0.142, 0.2196, 0.3324, 0.4474, 0.5616, 0.6408, 0.6918, 0.7104, 0.7176, 0.7192, 0.7192, 0.7194, 0.7194, 0.7194, 0.7194, 0.7194, 0.7194, 0.7194, 0.7194, 0.7194, 0.7194, 0.7194, 0.7194, 0.7194, 0.7194, 0.7194, 0.7194, 0.7194, 0.7194, 0.7194, 0.7194, 0.7194, 0.7194, 0.7194, 0.7194, 0.7194, 0.7194, 0.7194, 0.7194, 0.7194, 0.7194, 0.7194, 0.7194, 0.7194, 0.7194]}, "Apoptosis AUC": 30.982200000000006}, "TNFR1": {"Timesteps": {"Apoptosis": [0.0, 0.1376, 0.1284, 0.1426, 0.0894, 0.1048, 0.1656, 0.2644, 0.3956, 0.5114, 0.6032, 0.648, 0.6686, 0.6784, 0.6818, 0.682, 0.682, 0.682, 0.682, 0.682, 0.682, 0.682, 0.682, 0.682, 0.682, 0.682, 0.682, 0.682, 0.682, 0.682, 0.682, 0.682, 0.682, 0.682, 0.682, 0.682, 0.682, 0.682, 0.682, 0.682, 0.682, 0.682, 0.682, 0.682, 0.682, 0.682, 0.682, 0.682, 0.682, 0.682, 0.682]}, "Apoptosis AUC": 29.771799999999978}, "SMAD": {"Timesteps": {"Apoptosis": [0.0, 0.142, 0.132, 0.1626, 0.14, 0.2334, 0.4132, 0.612, 0.7828, 0.8992, 0.9674, 0.99, 0.9968, 0.9998, 1.0, 1.0, 1.0, 1.0, 1.0, 1.0, 1.0, 1.0, 1.0, 1.0, 1.0, 1.0, 1.0, 1.0, 1.0, 1.0, 1.0, 1.0, 1.0, 1.0, 1.0, 1.0, 1.0, 1.0, 1.0, 1.0, 1.0, 1.0, 1.0, 1.0, 1.0, 1.0, 1.0, 1.0, 1.0, 1.0, 1.0]}, "Apoptosis AUC": 44.4712}, "BclxL": {"Timesteps": {"Apoptosis": [0.0, 0.1476, 0.1078, 0.0988, 0.0114, 0.0, 0.0, 0.0, 0.0, 0.0, 0.0, 0.0, 0.0, 0.0, 0.0, 0.0, 0.0, 0.0, 0.0, 0.0, 0.0, 0.0, 0.0, 0.0, 0.0, 0.0, 0.0, 0.0, 0.0, 0.0, 0.0, 0.0, 0.0, 0.0, 0.0, 0.0, 0.0, 0.0, 0.0, 0.0, 0.0, 0.0, 0.0, 0.0, 0.0, 0.0, 0.0, 0.0, 0.0, 0.0, 0.0]}, "Apoptosis AUC": 0.36560000000000004}, "p53": {"Timesteps": {"Apoptosis": [0.0, 0.141, 0.1346, 0.1506, 0.1048, 0.1392, 0.239, 0.3696, 0.5354, 0.6964, 0.812, 0.8738, 0.9094, 0.9344, 0.9534, 0.9694, 0.9846, 0.9908, 0.9966, 0.999, 0.9998, 1.0, 1.0, 1.0, 1.0, 1.0, 1.0, 1.0, 1.0, 1.0, 1.0, 1.0, 1.0, 1.0, 1.0, 1.0, 1.0, 1.0, 1.0, 1.0, 1.0, 1.0, 1.0, 1.0, 1.0, 1.0, 1.0, 1.0, 1.0, 1.0, 1.0]}, "Apoptosis AUC": 42.933800000000005}, "Raf": {"Timesteps": {"Apoptosis": [0.0, 0.0822, 0.0, 0.0, 0.0, 0.0, 0.0, 0.0, 0.0, 0.0, 0.0, 0.0, 0.0, 0.0, 0.0, 0.0, 0.0, 0.0, 0.0, 0.0, 0.0, 0.0, 0.0, 0.0, 0.0, 0.0, 0.0, 0.0, 0.0, 0.0, 0.0, 0.0, 0.0, 0.0, 0.0, 0.0, 0.0, 0.0, 0.0, 0.0, 0.0, 0.0, 0.0, 0.0, 0.0, 0.0, 0.0, 0.0, 0.0, 0.0, 0.0]}, "Apoptosis AUC": 0.0822},