{"TAK1": {"Timesteps": {"Apoptosis": [0.0, 0.1494, 0.1358, 0.1432, 0.0914, 0.1222, 0.2012, 0.3056, 0.4444, 0.5852, 0.7014, 0.7838, 0.8366, 0.8812, 0.9214, 0.9506, 0.9718, 0.9882, 0.9936, 0.9976, 0.9998, 0.9998, 1.0, 1.0, 1.0, 1.0, 1.0, 1.0, 1.0, 1.0, 1.0, 1.0, 1.0, 1.0, 1.0, 1.0, 1.0, 1.0, 1.0, 1.0, 1.0, 1.0, 1.0, 1.0, 1.0, 1.0, 1.0, 1.0, 1.0, 1.0, 1.0]}, "Apoptosis AUC": 42.2042}, "ATM": {"Timesteps": {"Apoptosis": [0.0, 0.1532, 0.127, 0.1448, 0.0914, 0.1202, 0.217, 0.3416, 0.4984, 0.6568, 0.7724, 0.8464, 0.8882, 0.9158, 0.9398, 0.9606, 0.9782, 0.9894, 0.9954, 0.9988, 0.9996, 1.0, 1.0, 1.0, 1.0, 1.0, 1.0, 1.0, 1.0, 1.0, 1.0, 1.0, 1.0, 1.0, 1.0, 1.0, 1.0, 1.0, 1.0, 1.0, 1.0, 1.0, 1.0, 1.0, 1.0, 1.0, 1.0, 1.0, 1.0, 1.0, 1.0]}, "Apoptosis AUC": 42.635}, "AKT": {"Timesteps": {"Apoptosis": [0.0, 0.1448, 0.1296, 0.116, 0.0528, 0.0608, 0.0932, 0.1204, 0.136, 0.1598, 0.1844, 0.2146, 0.234, 0.2444, 0.248, 0.2492, 0.2492, 0.2492, 0.2492, 0.2492, 0.2492, 0.2492, 0.2492, 0.2492, 0.2492, 0.2492, 0.2492, 0.2492, 0.2492, 0.2492, 0.2492, 0.2492, 0.2492, 0.2492, 0.2492, 0.2492, 0.2492, 0.2492, 0.2492, 0.2492, 0.2492, 0.2492, 0.2492, 0.2492, 0.2492, 0.2492, 0.2492, 0.2492, 0.2492, 0.2492, 0.2492]}, "Apoptosis AUC": 11.110000000000003}, "XIAP": {"Timesteps": {"Apoptosis": [0.0, 0.1318, 0.0, 0.0, 0.0, 0.0, 0.0, 0.0, 0.0, 0.0, 0.0, 0.0, 0.0, 0.0, 0.0, 0.0, 0.0, 0.0, 0.0, 0.0, 0.0, 0.0, 0.0, 0.0, 0.0, 0.0, 0.0, 0.0, 0.0, 0.0, 0.0, 0.0, 0.0, 0.0, 0.0, 0.0, 0.0, 0.0, 0.0, 0.0, 0.0, 0.0, 0.0, 0.0, 0.0, 0.0, 0.0, 0.0, 0.0, 0.0, 0.0]}, "Apoptosis AUC": 0.1318}, "STAT3": {"Timesteps": {"Apoptosis": [0.0, 0.1496, 0.1262, 0.1116, 0.0242, 0.003, 0.0, 0.0, 0.0, 0.0, 0.0, 0.0, 0.0, 0.0, 0.0, 0.0, 0.0, 0.0, 0.0, 0.0, 0.0, 0.0, 0.0, 0.0, 0.0, 0.0, 0.0, 0.0, 0.0, 0.0, 0.0, 0.0, 0.0, 0.0, 0.0, 0.0, 0.0, 0.0, 0.0, 0.0, 0.0, 0.0, 0.0, 0.0, 0.0, 0.0, 0.0, 0.0, 0.0, 0.0, 0.0]}, "Apoptosis AUC": 0.4146000000000001}, "BID": {"Timesteps": {"Apoptosis": [0.0, 0.149, 0.1274, 0.15, 0.125, 0.1912, 0.3476, 0.5318, 0.697, 0.8406, 0.9284, 0.9742, 0.9928, 0.999, 0.9998, 0.9998, 1.0, 1.0, 1.0, 1.0, 1.0, 1.0, 1.0, 1.0, 1.0, 1.0, 1.0, 1.0, 1.0, 1.0, 1.0, 1.0, 1.0, 1.0, 1.0, 1.0, 1.0, 1.0, 1.0, 1.0, 1.0, 1.0, 1.0, 1.0, 1.0, 1.0, 1.0, 1.0, 1.0, 1.0, 1.0]}, "Apoptosis AUC": 44.0536}, "RIP": {"Timesteps": {"Apoptosis": [0.0, 0.1342, 0.1326, 0.1398, 0.0782, 0.0852, 0.1554, 0.2514, 0.377, 0.4958, 0.5872, 0.6394, 0.6632, 0.6746, 0.678, 0.6786, 0.6786, 0.6786, 0.6786, 0.6786, 0.6786, 0.6786, 0.6786, 0.6786, 0.6786, 0.6786, 0.6786, 0.6786, 0.6786, 0.6786, 0.6786, 0.6786, 0.6786, 0.6786, 0.6786, 0.6786, 0.6786, 0.6786, 0.6786, 0.6786, 0.6786, 0.6786, 0.6786, 0.6786, 0.6786, 0.6786, 0.6786, 0.6786, 0.6786, 0.6786, 0.6786]}, "Apoptosis AUC": 29.521599999999985}, "MYC": {"Timesteps": {"Apoptosis": [0.0, 0.1428, 0.1264, 0.1396, 0.0838, 0.105, 0.1738, 0.2774, 0.4066, 0.5278, 0.6134, 0.6596, 0.6814, 0.6898, 0.692, 0.6928, 0.6928, 0.6928, 0.6928, 0.6928, 0.6928, 0.6928, 0.6928, 0.6928, 0.6928, 0.6928, 0.6928, 0.6928, 0.6928, 0.6928, 0.6928, 0.6928, 0.6928, 0.6928, 0.6928, 0.6928, 0.6928, 0.6928, 0.6928, 0.6928, 0.6928, 0.6928, 0.6928, 0.6928, 0.6928, 0.6928, 0.6928, 0.6928, 0.6928, 0.6928, 0.6928]}, "Apoptosis AUC": 30.260199999999966}, "DUSP1": {"Timesteps": {"Apoptosis": [0.0, 0.1434, 0.1102, 0.1024, 0.0418, 0.0508, 0.1076, 0.1752, 0.24, 0.2982, 0.3356, 0.352, 0.3574, 0.359, 0.3594, 0.3594, 0.3594, 0.3594, 0.3594, 0.3594, 0.3594, 0.3594, 0.3594, 0.3594, 0.3594, 0.3594, 0.3594, 0.3594, 0.3594, 0.3594, 0.3594, 0.3594, 0.3594, 0.3594, 0.3594, 0.3594, 0.3594, 0.3594, 0.3594, 0.3594, 0.3594, 0.3594, 0.3594, 0.3594, 0.3594, 0.3594, 0.3594, 0.3594, 0.3594, 0.3594, 0.3594]}, "Apoptosis AUC": 15.971400000000019}, "Bcl2": {"Timesteps": {"Apoptosis": [0.0, 0.1476, 0.1226, 0.099, 0.014, 0.0, 0.0, 0.0, 0.0, 0.0, 0.0, 0.0, 0.0, 0.0, 0.0, 0.0, 0.0, 0.0, 0.0, 0.0, 0.0, 0.0, 0.0, 0.0, 0.0, 0.0, 0.0, 0.0, 0.0, 0.0, 0.0, 0.0, 0.0, 0.0, 0.0, 0.0, 0.0, 0.0, 0.0, 0.0, 0.0, 0.0, 0.0, 0.0, 0.0, 0.0, 0.0, 0.0, 0.0, 0.0, 0.0]}, "Apoptosis AUC": 0.3832}, "TRAF2": {"Timesteps": {"Apoptosis": [0.0, 0.1452, 0.136, 0.1556, 0.0742, 0.0348, 0.0138, 0.0022, 0.0, 0.0, 0.0, 0.0, 0.0, 0.0, 0.0, 0.0, 0.0, 0.0, 0.0, 0.0, 0.0, 0.0, 0.0, 0.0, 0.0, 0.0, 0.0, 0.0, 0.0, 0.0, 0.0, 0.0, 0.0, 0.0, 0.0, 0.0, 0.0, 0.0, 0.0, 0.0, 0.0, 0.0, 0.0, 0.0, 0.0, 0.0, 0.0, 0.0, 0.0, 0.0, 0.0]}, "Apoptosis AUC": 0.5618000000000001}, "TRAF6": {"Timesteps": {"Apoptosis": [0.0, 0.1444, 0.1254, 0.138, 0.0884, 0.124, 0.1996, 0.3106, 0.439, 0.5818, 0.6894, 0.7684, 0.8312, 0.876, 0.9192, 0.9532, 0.9766, 0.9886, 0.9952, 0.998, 0.9998, 1.0, 1.0, 1.0, 1.0, 1.0, 1.0, 1.0, 1.0, 1.0, 1.0, 1.0, 1.0, 1.0, 1.0, 1.0, 1.0, 1.0, 1.0, 1.0, 1.0, 1.0, 1.0, 1.0, 1.0, 1.0, 1.0, 1.0, 1.0, 1.0, 1.0]}, "Apoptosis AUC": 42.1468}, "NFkB": {"Timesteps": {"Apoptosis": [0.0, 0.15, 0.1266, 0.117, 0.0248, 0.0028, 0.0, 0.0, 0.0, 0.0, 0.0, 0.0, 0.0, 0.0, 0.0, 0.0, 0.0, 0.0, 0.0, 0.0, 0.0, 0.0, 0.0, 0.0, 0.0, 0.0, 0.0, 0.0, 0.0, 0.0, 0.0, 0.0, 0.0, 0.0, 0.0, 0.0, 0.0, 0.0, 0.0, 0.0, 0.0, 0.0, 0.0, 0.0, 0.0, 0.0, 0.0, 0.0, 0.0, 0.0, 0.0]}, "Apoptosis AUC": 0.42119999999999996}, "Bax": {"Timesteps": {"Apoptosis": [0.0, 0.1508, 0.2586, 0.5378, 0.5778, 0.595, 0.6786, 0.7958, 0.893, 0.9614, 0.988, 0.9978, 0.9996, 1.0, 1.0, 1.0, 1.0, 1.0, 1.0, 1.0, 1.0, 1.0, 1.0, 1.0, 1.0, 1.0, 1.0, 1.0, 1.0, 1.0, 1.0, 1.0, 1.0, 1.0, 1.0, 1.0, 1.0, 1.0, 1.0, 1.0, 1.0, 1.0, 1.0, 1.0, 1.0, 1.0, 1.0, 1.0, 1.0, 1.0, 1.0]}, "Apoptosis AUC": 46.434200000000004}, "TNFR2": {"Timesteps": {"Apoptosis": [0.0, 0.1438, 0.1258, 0.1426, 0.0766, 0.0822, 0.1208, 0.1988, 0.3102, 0.433, 0.5502, 0.625, 0.6748, 0.6942, 0.6996, 0.7014, 0.7014, 0.7016, 0.7016, 0.7016, 0.7016, 0.7016, 0.7016, 0.7016, 0.7016, 0.7016, 0.7016, 0.7016, 0.7016, 0.7016, 0.7016, 0.7016, 0.7016, 0.7016, 0.7016, 0.7016, 0.7016, 0.7016, 0.7016, 0.7016, 0.7016, 0.7016, 0.7016, 0.7016, 0.7016, 0.7016, 0.7016, 0.7016, 0.7016, 0.7016, 0.7016]}, "Apoptosis AUC": 30.134799999999974}, "TNFR1": {"Timesteps": {"Apoptosis": [0.0, 0.144, 0.1298, 0.1394, 0.084, 0.0998, 0.162, 0.2636, 0.3832, 0.499, 0.588, 0.6384, 0.6642, 0.6738, 0.6762, 0.6766, 0.6766, 0.6766, 0.6766, 0.6766, 0.6766, 0.6766, 0.6766, 0.6766, 0.6766, 0.6766, 0.6766, 0.6766, 0.6766, 0.6766, 0.6766, 0.6766, 0.6766, 0.6766, 0.6766, 0.6766, 0.6766, 0.6766, 0.6766, 0.6766, 0.6766, 0.6766, 0.6766, 0.6766, 0.6766, 0.6766, 0.6766, 0.6766, 0.6766, 0.6766, 0.6766]}, "Apoptosis AUC": 29.503000000000014}, "SMAD": {"Timesteps": {"Apoptosis": [0.0, 0.1416, 0.1274, 0.1512, 0.1254, 0.2098, 0.393, 0.5934, 0.7566, 0.8782, 0.9532, 0.986, 0.9962, 0.9996, 0.9996, 1.0, 1.0, 1.0, 1.0, 1.0, 1.0, 1.0, 1.0, 1.0, 1.0, 1.0, 1.0, 1.0, 1.0, 1.0, 1.0, 1.0, 1.0, 1.0, 1.0, 1.0, 1.0, 1.0, 1.0, 1.0, 1.0, 1.0, 1.0, 1.0, 1.0, 1.0, 1.0, 1.0, 1.0, 1.0, 1.0]}, "Apoptosis AUC": 44.3112}, "BclxL": {"Timesteps": {"Apoptosis": [0.0, 0.16, 0.1128, 0.0916, 0.0144, 0.0, 0.0, 0.0, 0.0, 0.0, 0.0, 0.0, 0.0, 0.0, 0.0, 0.0, 0.0, 0.0, 0.0, 0.0, 0.0, 0.0, 0.0, 0.0, 0.0, 0.0, 0.0, 0.0, 0.0, 0.0, 0.0, 0.0, 0.0, 0.0, 0.0, 0.0, 0.0, 0.0, 0.0, 0.0, 0.0, 0.0, 0.0, 0.0, 0.0, 0.0, 0.0, 0.0, 0.0, 0.0, 0.0]}, "Apoptosis AUC": 0.3788}, "p53": {"Timesteps": {"Apoptosis": [0.0, 0.1458, 0.135, 0.1414, 0.093, 0.1294, 0.2296, 0.359, 0.5188, 0.6808, 0.796, 0.8622, 0.8994, 0.9246, 0.9484, 0.9686, 0.983, 0.993, 0.9974, 0.9988, 0.9996, 1.0, 1.0, 1.0, 1.0, 1.0, 1.0, 1.0, 1.0, 1.0, 1.0, 1.0, 1.0, 1.0, 1.0, 1.0, 1.0, 1.0, 1.0, 1.0, 1.0, 1.0, 1.0, 1.0, 1.0, 1.0, 1.0, 1.0, 1.0, 1.0, 1.0]}, "Apoptosis AUC": 42.8038}, "Raf": {"Timesteps": {"Apoptosis": [0.0, 0.0904, 0.0, 0.0, 0.0, 0.0, 0.0, 0.0, 0.0, 0.0, 0.0, 0.0, 0.0, 0.0, 0.0, 0.0, 0.0, 0.0, 0.0, 0.0, 0.0, 0.0, 0.0, 0.0, 0.0, 0.0, 0.0, 0.0, 0.0, 0.0, 0.0, 0.0, 0.0, 0.0, 0.0, 0.0, 0.0, 0.0, 0.0, 0.0, 0.0, 0.0, 0.0, 0.0, 0.0, 0.0, 0.0, 0.0, 0.0, 0.0, 0.0]}, "Apoptosis AUC": 0.0904},