{"TAK1": {"Timesteps": {"Growth_Arrest": [0.0, 0.6138, 0.633, 0.3784, 0.3102, 0.3994, 0.4524, 0.4408, 0.432, 0.45, 0.4752, 0.4812, 0.4982, 0.5028, 0.4938, 0.4948, 0.4984, 0.4944, 0.505, 0.4998, 0.5024, 0.4956, 0.5032, 0.4938, 0.4998, 0.5016, 0.4944, 0.4984, 0.506, 0.5024, 0.4998, 0.501, 0.501, 0.4888, 0.5042, 0.4854, 0.4808, 0.4894, 0.5056, 0.4966, 0.4948, 0.4986, 0.5124, 0.51, 0.4932, 0.4916, 0.4978, 0.4934, 0.487, 0.506, 0.4992]}, "Growth_Arrest AUC": 24.487800000000004}, "ATM": {"Timesteps": {"Growth_Arrest": [0.0, 0.6232, 0.8396, 0.9174, 0.9796, 1.0, 1.0, 1.0, 1.0, 1.0, 1.0, 1.0, 1.0, 1.0, 1.0, 1.0, 1.0, 1.0, 1.0, 1.0, 1.0, 1.0, 1.0, 1.0, 1.0, 1.0, 1.0, 1.0, 1.0, 1.0, 1.0, 1.0, 1.0, 1.0, 1.0, 1.0, 1.0, 1.0, 1.0, 1.0, 1.0, 1.0, 1.0, 1.0, 1.0, 1.0, 1.0, 1.0, 1.0, 1.0, 1.0]}, "Growth_Arrest AUC": 49.3598}, "AKT": {"Timesteps": {"Growth_Arrest": [0.0, 0.5436, 0.472, 0.1288, 0.0, 0.0, 0.0, 0.0, 0.0, 0.0, 0.0, 0.0, 0.0, 0.0, 0.0, 0.0, 0.0, 0.0, 0.0, 0.0, 0.0, 0.0, 0.0, 0.0, 0.0, 0.0, 0.0, 0.0, 0.0, 0.0, 0.0, 0.0, 0.0, 0.0, 0.0, 0.0, 0.0, 0.0, 0.0, 0.0, 0.0, 0.0, 0.0, 0.0, 0.0, 0.0, 0.0, 0.0, 0.0, 0.0, 0.0]}, "Growth_Arrest AUC": 1.1444}, "XIAP": {"Timesteps": {"Growth_Arrest": [0.0, 0.6048, 0.63, 0.3296, 0.2266, 0.2514, 0.225, 0.1436, 0.0704, 0.033, 0.0152, 0.0066, 0.0032, 0.0022, 0.0006, 0.0008, 0.0002, 0.0002, 0.0002, 0.0002, 0.0002, 0.0, 0.0, 0.0, 0.0, 0.0, 0.0, 0.0, 0.0, 0.0, 0.0, 0.0, 0.0, 0.0, 0.0, 0.0, 0.0, 0.0, 0.0, 0.0, 0.0, 0.0, 0.0, 0.0, 0.0, 0.0, 0.0, 0.0, 0.0, 0.0, 0.0]}, "Growth_Arrest AUC": 2.544}, "STAT3": {"Timesteps": {"Growth_Arrest": [0.0, 0.6054, 0.6292, 0.3474, 0.306, 0.401, 0.4364, 0.4256, 0.412, 0.41, 0.4098, 0.4098, 0.4098, 0.4098, 0.4098, 0.4098, 0.4098, 0.4098, 0.4098, 0.4098, 0.4098, 0.4098, 0.4098, 0.4098, 0.4098, 0.4098, 0.4098, 0.4098, 0.4098, 0.4098, 0.4098, 0.4098, 0.4098, 0.4098, 0.4098, 0.4098, 0.4098, 0.4098, 0.4098, 0.4098, 0.4098, 0.4098, 0.4098, 0.4098, 0.4098, 0.4098, 0.4098, 0.4098, 0.4098, 0.4098, 0.4098]}, "Growth_Arrest AUC": 20.774800000000017}, "BID": {"Timesteps": {"Growth_Arrest": [0.0, 0.6172, 0.6358, 0.319, 0.2286, 0.2488, 0.2204, 0.1402, 0.0684, 0.028, 0.0128, 0.007, 0.0038, 0.0014, 0.0006, 0.0002, 0.0, 0.0, 0.0, 0.0, 0.0, 0.0, 0.0, 0.0, 0.0, 0.0, 0.0, 0.0, 0.0, 0.0, 0.0, 0.0, 0.0, 0.0, 0.0, 0.0, 0.0, 0.0, 0.0, 0.0, 0.0, 0.0, 0.0, 0.0, 0.0, 0.0, 0.0, 0.0, 0.0, 0.0, 0.0]}, "Growth_Arrest AUC": 2.5322}, "RIP": {"Timesteps": {"Growth_Arrest": [0.0, 0.6158, 0.6298, 0.324, 0.2248, 0.2536, 0.2196, 0.1396, 0.0722, 0.0332, 0.0138, 0.0052, 0.0028, 0.0014, 0.0002, 0.0, 0.0, 0.0, 0.0, 0.0, 0.0, 0.0, 0.0, 0.0, 0.0, 0.0, 0.0, 0.0, 0.0, 0.0, 0.0, 0.0, 0.0, 0.0, 0.0, 0.0, 0.0, 0.0, 0.0, 0.0, 0.0, 0.0, 0.0, 0.0, 0.0, 0.0, 0.0, 0.0, 0.0, 0.0, 0.0]}, "Growth_Arrest AUC": 2.5359999999999996}, "MYC": {"Timesteps": {"Growth_Arrest": [0.0, 0.611, 0.6382, 0.41, 0.359, 0.4202, 0.4474, 0.4374, 0.425, 0.4224, 0.4222, 0.4222, 0.4222, 0.4222, 0.4222, 0.4222, 0.4222, 0.4222, 0.4222, 0.4222, 0.4222, 0.4222, 0.4222, 0.4222, 0.4222, 0.4222, 0.4222, 0.4222, 0.4222, 0.4222, 0.4222, 0.4222, 0.4222, 0.4222, 0.4222, 0.4222, 0.4222, 0.4222, 0.4222, 0.4222, 0.4222, 0.4222, 0.4222, 0.4222, 0.4222, 0.4222, 0.4222, 0.4222, 0.4222, 0.4222, 0.4222]}, "Growth_Arrest AUC": 21.480800000000002}, "DUSP1": {"Timesteps": {"Growth_Arrest": [0.0, 0.6034, 0.5738, 0.1742, 0.0, 0.0, 0.0, 0.0, 0.0, 0.0, 0.0, 0.0, 0.0, 0.0, 0.0, 0.0, 0.0, 0.0, 0.0, 0.0, 0.0, 0.0, 0.0, 0.0, 0.0, 0.0, 0.0, 0.0, 0.0, 0.0, 0.0, 0.0, 0.0, 0.0, 0.0, 0.0, 0.0, 0.0, 0.0, 0.0, 0.0, 0.0, 0.0, 0.0, 0.0, 0.0, 0.0, 0.0, 0.0, 0.0, 0.0]}, "Growth_Arrest AUC": 1.3514}, "Bcl2": {"Timesteps": {"Growth_Arrest": [0.0, 0.612, 0.631, 0.3292, 0.2212, 0.2484, 0.2188, 0.1408, 0.0722, 0.029, 0.013, 0.0046, 0.0016, 0.0006, 0.0004, 0.0, 0.0, 0.0, 0.0, 0.0, 0.0, 0.0, 0.0, 0.0, 0.0, 0.0, 0.0, 0.0, 0.0, 0.0, 0.0, 0.0, 0.0, 0.0, 0.0, 0.0, 0.0, 0.0, 0.0, 0.0, 0.0, 0.0, 0.0, 0.0, 0.0, 0.0, 0.0, 0.0, 0.0, 0.0, 0.0]}, "Growth_Arrest AUC": 2.5227999999999993}, "TRAF2": {"Timesteps": {"Growth_Arrest": [0.0, 0.6126, 0.6218, 0.355, 0.288, 0.3872, 0.4478, 0.4832, 0.4956, 0.5174, 0.5304, 0.5392, 0.56, 0.5666, 0.583, 0.5932, 0.6056, 0.6018, 0.5964, 0.615, 0.6284, 0.6154, 0.6038, 0.6092, 0.618, 0.6192, 0.6228, 0.6232, 0.622, 0.6252, 0.6168, 0.6218, 0.628, 0.6264, 0.6272, 0.6188, 0.619, 0.625, 0.6228, 0.6288, 0.6312, 0.624, 0.6244, 0.6358, 0.6286, 0.624, 0.6162, 0.6192, 0.6258, 0.6294, 0.6244]}, "Growth_Arrest AUC": 29.304600000000004}, "TRAF6": {"Timesteps": {"Growth_Arrest": [0.0, 0.6014, 0.6274, 0.348, 0.2998, 0.3882, 0.4406, 0.4376, 0.4286, 0.4556, 0.4718, 0.4898, 0.5086, 0.5064, 0.4962, 0.4918, 0.5004, 0.5052, 0.5104, 0.5034, 0.4972, 0.51, 0.5016, 0.4942, 0.5052, 0.5126, 0.4974, 0.4902, 0.502, 0.4974, 0.497, 0.4988, 0.5028, 0.4986, 0.4884, 0.5052, 0.5026, 0.4908, 0.4908, 0.4942, 0.5012, 0.4908, 0.505, 0.4918, 0.5022, 0.492, 0.503, 0.4996, 0.5034, 0.4882, 0.4926]}, "Growth_Arrest AUC": 24.457999999999995}, "NFkB": {"Timesteps": {"Growth_Arrest": [0.0, 0.6048, 0.622, 0.3232, 0.2152, 0.2502, 0.2478, 0.2112, 0.1556, 0.1078, 0.0794, 0.057, 0.0412, 0.0294, 0.0226, 0.0154, 0.0116, 0.008, 0.0052, 0.0028, 0.0024, 0.002, 0.0018, 0.0014, 0.0004, 0.0002, 0.0002, 0.0002, 0.0002, 0.0, 0.0, 0.0002, 0.0002, 0.0002, 0.0002, 0.0, 0.0, 0.0, 0.0, 0.0, 0.0, 0.0, 0.0, 0.0, 0.0, 0.0, 0.0, 0.0, 0.0, 0.0, 0.0]}, "Growth_Arrest AUC": 3.019999999999999}, "Bax": {"Timesteps": {"Growth_Arrest": [0.0, 0.6076, 0.6044, 0.317, 0.2178, 0.2572, 0.2162, 0.1458, 0.0748, 0.0298, 0.0128, 0.004, 0.0012, 0.001, 0.0002, 0.0, 0.0, 0.0, 0.0, 0.0, 0.0, 0.0, 0.0, 0.0, 0.0, 0.0, 0.0, 0.0, 0.0, 0.0, 0.0, 0.0, 0.0, 0.0, 0.0, 0.0, 0.0, 0.0, 0.0, 0.0, 0.0, 0.0, 0.0, 0.0, 0.0, 0.0, 0.0, 0.0, 0.0, 0.0, 0.0]}, "Growth_Arrest AUC": 2.4898}, "TNFR2": {"Timesteps": {"Growth_Arrest": [0.0, 0.6092, 0.6214, 0.321, 0.243, 0.2832, 0.2636, 0.193, 0.1136, 0.0608, 0.029, 0.0138, 0.0048, 0.0016, 0.0004, 0.0004, 0.0, 0.0, 0.0, 0.0, 0.0, 0.0, 0.0, 0.0, 0.0, 0.0, 0.0, 0.0, 0.0, 0.0, 0.0, 0.0, 0.0, 0.0, 0.0, 0.0, 0.0, 0.0, 0.0, 0.0, 0.0, 0.0, 0.0, 0.0, 0.0, 0.0, 0.0, 0.0, 0.0, 0.0, 0.0]}, "Growth_Arrest AUC": 2.758799999999999}, "TNFR1": {"Timesteps": {"Growth_Arrest": [0.0, 0.6008, 0.6398, 0.3416, 0.2202, 0.2332, 0.2006, 0.1306, 0.07, 0.0348, 0.0152, 0.008, 0.0038, 0.0012, 0.0006, 0.0006, 0.0, 0.0, 0.0, 0.0, 0.0, 0.0, 0.0, 0.0, 0.0, 0.0, 0.0, 0.0, 0.0, 0.0, 0.0, 0.0, 0.0, 0.0, 0.0, 0.0, 0.0, 0.0, 0.0, 0.0, 0.0, 0.0, 0.0, 0.0, 0.0, 0.0, 0.0, 0.0, 0.0, 0.0, 0.0]}, "Growth_Arrest AUC": 2.501}, "SMAD": {"Timesteps": {"Growth_Arrest": [0.0, 0.7542, 1.0, 1.0, 1.0, 1.0, 1.0, 1.0, 1.0, 1.0, 1.0, 1.0, 1.0, 1.0, 1.0, 1.0, 1.0, 1.0, 1.0, 1.0, 1.0, 1.0, 1.0, 1.0, 1.0, 1.0, 1.0, 1.0, 1.0, 1.0, 1.0, 1.0, 1.0, 1.0, 1.0, 1.0, 1.0, 1.0, 1.0, 1.0, 1.0, 1.0, 1.0, 1.0, 1.0, 1.0, 1.0, 1.0, 1.0, 1.0, 1.0]}, "Growth_Arrest AUC": 49.7542}, "BclxL": {"Timesteps": {"Growth_Arrest": [0.0, 0.6032, 0.619, 0.313, 0.2142, 0.2436, 0.2076, 0.1372, 0.0712, 0.0282, 0.0152, 0.0078, 0.0024, 0.0012, 0.0008, 0.0006, 0.0004, 0.0002, 0.0, 0.0, 0.0, 0.0, 0.0, 0.0, 0.0, 0.0, 0.0, 0.0, 0.0, 0.0, 0.0, 0.0, 0.0, 0.0, 0.0, 0.0, 0.0, 0.0, 0.0, 0.0, 0.0, 0.0, 0.0, 0.0, 0.0, 0.0, 0.0, 0.0, 0.0, 0.0, 0.0]}, "Growth_Arrest AUC": 2.4657999999999998}, "p53": {"Timesteps": {"Growth_Arrest": [0.0, 0.6544, 0.8992, 0.9796, 1.0, 1.0, 1.0, 1.0, 1.0, 1.0, 1.0, 1.0, 1.0, 1.0, 1.0, 1.0, 1.0, 1.0, 1.0, 1.0, 1.0, 1.0, 1.0, 1.0, 1.0, 1.0, 1.0, 1.0, 1.0, 1.0, 1.0, 1.0, 1.0, 1.0, 1.0, 1.0, 1.0, 1.0, 1.0, 1.0, 1.0, 1.0, 1.0, 1.0, 1.0, 1.0, 1.0, 1.0, 1.0, 1.0, 1.0]}, "Growth_Arrest AUC": 49.5332}, "Raf": {"Timesteps": {"Growth_Arrest": [0.0, 0.6112, 0.6128, 0.2752, 0.0896, 0.0296, 0.0028, 0.0, 0.0, 0.0, 0.0, 0.0, 0.0, 0.0, 0.0, 0.0, 0.0, 0.0, 0.0, 0.0, 0.0, 0.0, 0.0, 0.0, 0.0, 0.0, 0.0, 0.0, 0.0, 0.0, 0.0, 0.0, 0.0, 0.0, 0.0, 0.0, 0.0, 0.0, 0.0, 0.0, 0.0, 0.0, 0.0, 0.0, 0.0, 0.0, 0.0, 0.0, 0.0, 0.0, 0.0]}, "Growth_Arrest AUC": 1.6212},