{"TAK1": {"Timesteps": {"Growth_Arrest": [0.0, 0.5682, 0.5108, 0.315, 0.3102, 0.4094, 0.463, 0.4654, 0.4418, 0.4508, 0.4764, 0.4932, 0.4954, 0.4964, 0.5084, 0.5082, 0.509, 0.4996, 0.494, 0.498, 0.4902, 0.5, 0.4904, 0.5054, 0.4984, 0.496, 0.4978, 0.4922, 0.5002, 0.4986, 0.508, 0.4966, 0.4856, 0.5026, 0.4978, 0.5056, 0.508, 0.499, 0.4934, 0.4934, 0.4926, 0.489, 0.4918, 0.506, 0.4964, 0.5032, 0.5066, 0.4982, 0.5044, 0.5068, 0.5094]}, "Growth_Arrest AUC": 24.376800000000003}, "ATM": {"Timesteps": {"Growth_Arrest": [0.0, 0.607, 0.7796, 0.9052, 0.9816, 1.0, 1.0, 1.0, 1.0, 1.0, 1.0, 1.0, 1.0, 1.0, 1.0, 1.0, 1.0, 1.0, 1.0, 1.0, 1.0, 1.0, 1.0, 1.0, 1.0, 1.0, 1.0, 1.0, 1.0, 1.0, 1.0, 1.0, 1.0, 1.0, 1.0, 1.0, 1.0, 1.0, 1.0, 1.0, 1.0, 1.0, 1.0, 1.0, 1.0, 1.0, 1.0, 1.0, 1.0, 1.0, 1.0]}, "Growth_Arrest AUC": 49.2734}, "AKT": {"Timesteps": {"Growth_Arrest": [0.0, 0.4714, 0.2836, 0.0584, 0.0, 0.0, 0.0, 0.0, 0.0, 0.0, 0.0, 0.0, 0.0, 0.0, 0.0, 0.0, 0.0, 0.0, 0.0, 0.0, 0.0, 0.0, 0.0, 0.0, 0.0, 0.0, 0.0, 0.0, 0.0, 0.0, 0.0, 0.0, 0.0, 0.0, 0.0, 0.0, 0.0, 0.0, 0.0, 0.0, 0.0, 0.0, 0.0, 0.0, 0.0, 0.0, 0.0, 0.0, 0.0, 0.0, 0.0]}, "Growth_Arrest AUC": 0.8134}, "XIAP": {"Timesteps": {"Growth_Arrest": [0.0, 0.5758, 0.5084, 0.2482, 0.2078, 0.2258, 0.185, 0.1192, 0.0602, 0.0256, 0.0118, 0.0034, 0.001, 0.001, 0.0006, 0.0, 0.0, 0.0, 0.0, 0.0, 0.0, 0.0, 0.0, 0.0, 0.0, 0.0, 0.0, 0.0, 0.0, 0.0, 0.0, 0.0, 0.0, 0.0, 0.0, 0.0, 0.0, 0.0, 0.0, 0.0, 0.0, 0.0, 0.0, 0.0, 0.0, 0.0, 0.0, 0.0, 0.0, 0.0, 0.0]}, "Growth_Arrest AUC": 2.1738}, "STAT3": {"Timesteps": {"Growth_Arrest": [0.0, 0.5572, 0.4934, 0.2756, 0.271, 0.3542, 0.3826, 0.3752, 0.3652, 0.3632, 0.3626, 0.3626, 0.3626, 0.3626, 0.3626, 0.3626, 0.3626, 0.3626, 0.3626, 0.3626, 0.3626, 0.3626, 0.3626, 0.3626, 0.3626, 0.3626, 0.3626, 0.3626, 0.3626, 0.3626, 0.3626, 0.3626, 0.3626, 0.3626, 0.3626, 0.3626, 0.3626, 0.3626, 0.3626, 0.3626, 0.3626, 0.3626, 0.3626, 0.3626, 0.3626, 0.3626, 0.3626, 0.3626, 0.3626, 0.3626, 0.3626]}, "Growth_Arrest AUC": 18.30420000000001}, "BID": {"Timesteps": {"Growth_Arrest": [0.0, 0.5552, 0.4972, 0.268, 0.201, 0.2234, 0.1806, 0.1174, 0.056, 0.0246, 0.0116, 0.005, 0.002, 0.0016, 0.0002, 0.0, 0.0, 0.0, 0.0, 0.0, 0.0, 0.0, 0.0, 0.0, 0.0, 0.0, 0.0, 0.0, 0.0, 0.0, 0.0, 0.0, 0.0, 0.0, 0.0, 0.0, 0.0, 0.0, 0.0, 0.0, 0.0, 0.0, 0.0, 0.0, 0.0, 0.0, 0.0, 0.0, 0.0, 0.0, 0.0]}, "Growth_Arrest AUC": 2.1437999999999997}, "RIP": {"Timesteps": {"Growth_Arrest": [0.0, 0.5672, 0.5094, 0.262, 0.2102, 0.22, 0.1846, 0.1174, 0.0654, 0.0292, 0.012, 0.0068, 0.003, 0.0014, 0.0008, 0.0004, 0.0, 0.0, 0.0, 0.0, 0.0, 0.0, 0.0, 0.0, 0.0, 0.0, 0.0, 0.0, 0.0, 0.0, 0.0, 0.0, 0.0, 0.0, 0.0, 0.0, 0.0, 0.0, 0.0, 0.0, 0.0, 0.0, 0.0, 0.0, 0.0, 0.0, 0.0, 0.0, 0.0, 0.0, 0.0]}, "Growth_Arrest AUC": 2.1897999999999995}, "MYC": {"Timesteps": {"Growth_Arrest": [0.0, 0.5618, 0.516, 0.3374, 0.333, 0.3898, 0.4014, 0.392, 0.386, 0.3826, 0.3822, 0.3822, 0.3822, 0.3822, 0.3822, 0.3822, 0.3822, 0.3822, 0.3822, 0.3822, 0.3822, 0.3822, 0.3822, 0.3822, 0.3822, 0.3822, 0.3822, 0.3822, 0.3822, 0.3822, 0.3822, 0.3822, 0.3822, 0.3822, 0.3822, 0.3822, 0.3822, 0.3822, 0.3822, 0.3822, 0.3822, 0.3822, 0.3822, 0.3822, 0.3822, 0.3822, 0.3822, 0.3822, 0.3822, 0.3822, 0.3822]}, "Growth_Arrest AUC": 19.370199999999993}, "DUSP1": {"Timesteps": {"Growth_Arrest": [0.0, 0.5632, 0.4456, 0.1152, 0.0, 0.0, 0.0, 0.0, 0.0, 0.0, 0.0, 0.0, 0.0, 0.0, 0.0, 0.0, 0.0, 0.0, 0.0, 0.0, 0.0, 0.0, 0.0, 0.0, 0.0, 0.0, 0.0, 0.0, 0.0, 0.0, 0.0, 0.0, 0.0, 0.0, 0.0, 0.0, 0.0, 0.0, 0.0, 0.0, 0.0, 0.0, 0.0, 0.0, 0.0, 0.0, 0.0, 0.0, 0.0, 0.0, 0.0]}, "Growth_Arrest AUC": 1.1239999999999999}, "Bcl2": {"Timesteps": {"Growth_Arrest": [0.0, 0.5658, 0.4946, 0.25, 0.2056, 0.2096, 0.1708, 0.1086, 0.0582, 0.0262, 0.0102, 0.0038, 0.002, 0.0012, 0.0002, 0.0002, 0.0002, 0.0, 0.0, 0.0, 0.0, 0.0, 0.0, 0.0, 0.0, 0.0, 0.0, 0.0, 0.0, 0.0, 0.0, 0.0, 0.0, 0.0, 0.0, 0.0, 0.0, 0.0, 0.0, 0.0, 0.0, 0.0, 0.0, 0.0, 0.0, 0.0, 0.0, 0.0, 0.0, 0.0, 0.0]}, "Growth_Arrest AUC": 2.1071999999999993}, "TRAF2": {"Timesteps": {"Growth_Arrest": [0.0, 0.5692, 0.5182, 0.3032, 0.3096, 0.3898, 0.4552, 0.4792, 0.5016, 0.5162, 0.5448, 0.5578, 0.5524, 0.5598, 0.5754, 0.578, 0.5938, 0.6016, 0.6194, 0.6096, 0.6122, 0.614, 0.6256, 0.62, 0.6222, 0.6274, 0.6266, 0.6276, 0.6246, 0.6202, 0.618, 0.625, 0.6366, 0.6314, 0.6136, 0.622, 0.626, 0.6274, 0.6382, 0.628, 0.6202, 0.6206, 0.6236, 0.6312, 0.6322, 0.6312, 0.6288, 0.636, 0.626, 0.6218, 0.613]}, "Growth_Arrest AUC": 29.20600000000001}, "TRAF6": {"Timesteps": {"Growth_Arrest": [0.0, 0.569, 0.5132, 0.2858, 0.2906, 0.3984, 0.4494, 0.4522, 0.4408, 0.4542, 0.4724, 0.479, 0.5046, 0.5008, 0.4974, 0.4942, 0.5006, 0.5004, 0.4942, 0.4942, 0.51, 0.506, 0.5018, 0.5064, 0.4968, 0.4918, 0.5038, 0.4926, 0.4992, 0.5018, 0.5062, 0.503, 0.4922, 0.4978, 0.4948, 0.4866, 0.504, 0.5116, 0.5074, 0.5004, 0.5052, 0.5018, 0.4986, 0.5014, 0.505, 0.4994, 0.5028, 0.5052, 0.4902, 0.5058, 0.5114]}, "Growth_Arrest AUC": 24.332399999999996}, "NFkB": {"Timesteps": {"Growth_Arrest": [0.0, 0.5666, 0.4846, 0.2474, 0.203, 0.2284, 0.2192, 0.1732, 0.1294, 0.0924, 0.0624, 0.0414, 0.0286, 0.0216, 0.015, 0.0114, 0.0084, 0.0058, 0.004, 0.003, 0.0022, 0.0016, 0.001, 0.001, 0.0004, 0.0004, 0.0002, 0.0, 0.0, 0.0, 0.0, 0.0, 0.0, 0.0, 0.0, 0.0, 0.0, 0.0, 0.0, 0.0, 0.0, 0.0, 0.0, 0.0, 0.0, 0.0, 0.0, 0.0, 0.0, 0.0, 0.0]}, "Growth_Arrest AUC": 2.552599999999999}, "Bax": {"Timesteps": {"Growth_Arrest": [0.0, 0.563, 0.5012, 0.254, 0.2108, 0.228, 0.1914, 0.1184, 0.0596, 0.0264, 0.0102, 0.0042, 0.002, 0.001, 0.0006, 0.0004, 0.0004, 0.0002, 0.0002, 0.0, 0.0, 0.0, 0.0, 0.0, 0.0, 0.0, 0.0, 0.0, 0.0, 0.0, 0.0, 0.0, 0.0, 0.0, 0.0, 0.0, 0.0, 0.0, 0.0, 0.0, 0.0, 0.0, 0.0, 0.0, 0.0, 0.0, 0.0, 0.0, 0.0, 0.0, 0.0]}, "Growth_Arrest AUC": 2.1719999999999997}, "TNFR2": {"Timesteps": {"Growth_Arrest": [0.0, 0.5546, 0.5064, 0.2678, 0.2346, 0.252, 0.2258, 0.1568, 0.0988, 0.0512, 0.0244, 0.011, 0.0048, 0.0022, 0.0008, 0.0, 0.0, 0.0, 0.0, 0.0, 0.0, 0.0, 0.0, 0.0, 0.0, 0.0, 0.0, 0.0, 0.0, 0.0, 0.0, 0.0, 0.0, 0.0, 0.0, 0.0, 0.0, 0.0, 0.0, 0.0, 0.0, 0.0, 0.0, 0.0, 0.0, 0.0, 0.0, 0.0, 0.0, 0.0, 0.0]}, "Growth_Arrest AUC": 2.3912000000000004}, "TNFR1": {"Timesteps": {"Growth_Arrest": [0.0, 0.5618, 0.489, 0.2576, 0.2128, 0.2234, 0.1814, 0.1102, 0.0576, 0.0268, 0.0114, 0.0036, 0.0016, 0.001, 0.0006, 0.0002, 0.0002, 0.0002, 0.0, 0.0, 0.0, 0.0, 0.0, 0.0, 0.0, 0.0, 0.0, 0.0, 0.0, 0.0, 0.0, 0.0, 0.0, 0.0, 0.0, 0.0, 0.0, 0.0, 0.0, 0.0, 0.0, 0.0, 0.0, 0.0, 0.0, 0.0, 0.0, 0.0, 0.0, 0.0, 0.0]}, "Growth_Arrest AUC": 2.1393999999999997}, "SMAD": {"Timesteps": {"Growth_Arrest": [0.0, 0.748, 1.0, 1.0, 1.0, 1.0, 1.0, 1.0, 1.0, 1.0, 1.0, 1.0, 1.0, 1.0, 1.0, 1.0, 1.0, 1.0, 1.0, 1.0, 1.0, 1.0, 1.0, 1.0, 1.0, 1.0, 1.0, 1.0, 1.0, 1.0, 1.0, 1.0, 1.0, 1.0, 1.0, 1.0, 1.0, 1.0, 1.0, 1.0, 1.0, 1.0, 1.0, 1.0, 1.0, 1.0, 1.0, 1.0, 1.0, 1.0, 1.0]}, "Growth_Arrest AUC": 49.748000000000005}, "BclxL": {"Timesteps": {"Growth_Arrest": [0.0, 0.5542, 0.4982, 0.269, 0.2034, 0.2128, 0.1786, 0.1122, 0.0538, 0.0246, 0.0128, 0.0048, 0.0022, 0.001, 0.0002, 0.0002, 0.0, 0.0, 0.0, 0.0, 0.0, 0.0, 0.0, 0.0, 0.0, 0.0, 0.0, 0.0, 0.0, 0.0, 0.0, 0.0, 0.0, 0.0, 0.0, 0.0, 0.0, 0.0, 0.0, 0.0, 0.0, 0.0, 0.0, 0.0, 0.0, 0.0, 0.0, 0.0, 0.0, 0.0, 0.0]}, "Growth_Arrest AUC": 2.1279999999999997}, "p53": {"Timesteps": {"Growth_Arrest": [0.0, 0.653, 0.8754, 0.974, 1.0, 1.0, 1.0, 1.0, 1.0, 1.0, 1.0, 1.0, 1.0, 1.0, 1.0, 1.0, 1.0, 1.0, 1.0, 1.0, 1.0, 1.0, 1.0, 1.0, 1.0, 1.0, 1.0, 1.0, 1.0, 1.0, 1.0, 1.0, 1.0, 1.0, 1.0, 1.0, 1.0, 1.0, 1.0, 1.0, 1.0, 1.0, 1.0, 1.0, 1.0, 1.0, 1.0, 1.0, 1.0, 1.0, 1.0]}, "Growth_Arrest AUC": 49.5024}, "Raf": {"Timesteps": {"Growth_Arrest": [0.0, 0.5656, 0.4914, 0.2308, 0.095, 0.0266, 0.003, 0.0, 0.0, 0.0, 0.0, 0.0, 0.0, 0.0, 0.0, 0.0, 0.0, 0.0, 0.0, 0.0, 0.0, 0.0, 0.0, 0.0, 0.0, 0.0, 0.0, 0.0, 0.0, 0.0, 0.0, 0.0, 0.0, 0.0, 0.0, 0.0, 0.0, 0.0, 0.0, 0.0, 0.0, 0.0, 0.0, 0.0, 0.0, 0.0, 0.0, 0.0, 0.0, 0.0, 0.0]}, "Growth_Arrest AUC": 1.4123999999999997},