{"TAK1": {"Timesteps": {"Growth_Arrest": [0.0, 0.5598, 0.519, 0.313, 0.299, 0.4076, 0.4474, 0.4384, 0.4198, 0.4454, 0.4832, 0.4872, 0.4944, 0.4882, 0.495, 0.5044, 0.4964, 0.4898, 0.5012, 0.5028, 0.503, 0.4944, 0.4944, 0.4956, 0.5088, 0.509, 0.502, 0.5088, 0.5116, 0.4986, 0.51, 0.4996, 0.4928, 0.5112, 0.5042, 0.4994, 0.5054, 0.5072, 0.4882, 0.5118, 0.5028, 0.4874, 0.5016, 0.4844, 0.4958, 0.4894, 0.481, 0.5052, 0.5018, 0.484, 0.4874]}, "Growth_Arrest AUC": 24.268800000000013}, "ATM": {"Timesteps": {"Growth_Arrest": [0.0, 0.5898, 0.7666, 0.8912, 0.9738, 1.0, 1.0, 1.0, 1.0, 1.0, 1.0, 1.0, 1.0, 1.0, 1.0, 1.0, 1.0, 1.0, 1.0, 1.0, 1.0, 1.0, 1.0, 1.0, 1.0, 1.0, 1.0, 1.0, 1.0, 1.0, 1.0, 1.0, 1.0, 1.0, 1.0, 1.0, 1.0, 1.0, 1.0, 1.0, 1.0, 1.0, 1.0, 1.0, 1.0, 1.0, 1.0, 1.0, 1.0, 1.0, 1.0]}, "Growth_Arrest AUC": 49.2214}, "AKT": {"Timesteps": {"Growth_Arrest": [0.0, 0.4762, 0.2884, 0.0544, 0.0, 0.0, 0.0, 0.0, 0.0, 0.0, 0.0, 0.0, 0.0, 0.0, 0.0, 0.0, 0.0, 0.0, 0.0, 0.0, 0.0, 0.0, 0.0, 0.0, 0.0, 0.0, 0.0, 0.0, 0.0, 0.0, 0.0, 0.0, 0.0, 0.0, 0.0, 0.0, 0.0, 0.0, 0.0, 0.0, 0.0, 0.0, 0.0, 0.0, 0.0, 0.0, 0.0, 0.0, 0.0, 0.0, 0.0]}, "Growth_Arrest AUC": 0.819}, "XIAP": {"Timesteps": {"Growth_Arrest": [0.0, 0.5562, 0.5044, 0.2718, 0.2048, 0.2246, 0.182, 0.1068, 0.0508, 0.0224, 0.0096, 0.0034, 0.0016, 0.0008, 0.0006, 0.0006, 0.0004, 0.0, 0.0, 0.0, 0.0, 0.0, 0.0, 0.0, 0.0, 0.0, 0.0, 0.0, 0.0, 0.0, 0.0, 0.0, 0.0, 0.0, 0.0, 0.0, 0.0, 0.0, 0.0, 0.0, 0.0, 0.0, 0.0, 0.0, 0.0, 0.0, 0.0, 0.0, 0.0, 0.0, 0.0]}, "Growth_Arrest AUC": 2.1408}, "STAT3": {"Timesteps": {"Growth_Arrest": [0.0, 0.564, 0.5106, 0.303, 0.2884, 0.3558, 0.3816, 0.3662, 0.3538, 0.3514, 0.3514, 0.3514, 0.3514, 0.3514, 0.3514, 0.3514, 0.3514, 0.3514, 0.3514, 0.3514, 0.3514, 0.3514, 0.3514, 0.3514, 0.3514, 0.3514, 0.3514, 0.3514, 0.3514, 0.3514, 0.3514, 0.3514, 0.3514, 0.3514, 0.3514, 0.3514, 0.3514, 0.3514, 0.3514, 0.3514, 0.3514, 0.3514, 0.3514, 0.3514, 0.3514, 0.3514, 0.3514, 0.3514, 0.3514, 0.3514, 0.3514]}, "Growth_Arrest AUC": 17.882200000000008}, "BID": {"Timesteps": {"Growth_Arrest": [0.0, 0.5602, 0.5044, 0.2656, 0.1952, 0.2152, 0.1834, 0.1084, 0.0526, 0.0218, 0.0108, 0.0042, 0.0024, 0.0002, 0.0002, 0.0002, 0.0, 0.0, 0.0, 0.0, 0.0, 0.0, 0.0, 0.0, 0.0, 0.0, 0.0, 0.0, 0.0, 0.0, 0.0, 0.0, 0.0, 0.0, 0.0, 0.0, 0.0, 0.0, 0.0, 0.0, 0.0, 0.0, 0.0, 0.0, 0.0, 0.0, 0.0, 0.0, 0.0, 0.0, 0.0]}, "Growth_Arrest AUC": 2.1248}, "RIP": {"Timesteps": {"Growth_Arrest": [0.0, 0.5604, 0.5008, 0.2676, 0.214, 0.2274, 0.1864, 0.1158, 0.0596, 0.0262, 0.012, 0.0048, 0.0016, 0.0008, 0.0004, 0.0002, 0.0, 0.0, 0.0, 0.0, 0.0, 0.0, 0.0, 0.0, 0.0, 0.0, 0.0, 0.0, 0.0, 0.0, 0.0, 0.0, 0.0, 0.0, 0.0, 0.0, 0.0, 0.0, 0.0, 0.0, 0.0, 0.0, 0.0, 0.0, 0.0, 0.0, 0.0, 0.0, 0.0, 0.0, 0.0]}, "Growth_Arrest AUC": 2.1779999999999995}, "MYC": {"Timesteps": {"Growth_Arrest": [0.0, 0.5394, 0.5318, 0.3592, 0.3354, 0.3812, 0.394, 0.3816, 0.376, 0.3746, 0.3744, 0.3744, 0.3744, 0.3744, 0.3744, 0.3744, 0.3744, 0.3744, 0.3744, 0.3744, 0.3744, 0.3744, 0.3744, 0.3744, 0.3744, 0.3744, 0.3744, 0.3744, 0.3744, 0.3744, 0.3744, 0.3744, 0.3744, 0.3744, 0.3744, 0.3744, 0.3744, 0.3744, 0.3744, 0.3744, 0.3744, 0.3744, 0.3744, 0.3744, 0.3744, 0.3744, 0.3744, 0.3744, 0.3744, 0.3744, 0.3744]}, "Growth_Arrest AUC": 19.023600000000002}, "DUSP1": {"Timesteps": {"Growth_Arrest": [0.0, 0.5594, 0.4506, 0.1224, 0.0, 0.0, 0.0, 0.0, 0.0, 0.0, 0.0, 0.0, 0.0, 0.0, 0.0, 0.0, 0.0, 0.0, 0.0, 0.0, 0.0, 0.0, 0.0, 0.0, 0.0, 0.0, 0.0, 0.0, 0.0, 0.0, 0.0, 0.0, 0.0, 0.0, 0.0, 0.0, 0.0, 0.0, 0.0, 0.0, 0.0, 0.0, 0.0, 0.0, 0.0, 0.0, 0.0, 0.0, 0.0, 0.0, 0.0]}, "Growth_Arrest AUC": 1.1324}, "Bcl2": {"Timesteps": {"Growth_Arrest": [0.0, 0.5748, 0.508, 0.2704, 0.2082, 0.2228, 0.1846, 0.114, 0.0524, 0.0252, 0.013, 0.0052, 0.0016, 0.0016, 0.0008, 0.0, 0.0, 0.0, 0.0, 0.0, 0.0, 0.0, 0.0, 0.0, 0.0, 0.0, 0.0, 0.0, 0.0, 0.0, 0.0, 0.0, 0.0, 0.0, 0.0, 0.0, 0.0, 0.0, 0.0, 0.0, 0.0, 0.0, 0.0, 0.0, 0.0, 0.0, 0.0, 0.0, 0.0, 0.0, 0.0]}, "Growth_Arrest AUC": 2.182599999999999}, "TRAF2": {"Timesteps": {"Growth_Arrest": [0.0, 0.5518, 0.4924, 0.2902, 0.2984, 0.3886, 0.4476, 0.4584, 0.4812, 0.4978, 0.5246, 0.5408, 0.5598, 0.5754, 0.5794, 0.5908, 0.5988, 0.6064, 0.6124, 0.6112, 0.619, 0.6228, 0.627, 0.6112, 0.6096, 0.5998, 0.6164, 0.6228, 0.6238, 0.6218, 0.6208, 0.6164, 0.6376, 0.6304, 0.6342, 0.6192, 0.626, 0.6248, 0.6198, 0.6204, 0.6176, 0.6156, 0.6194, 0.627, 0.629, 0.6328, 0.6348, 0.6238, 0.6174, 0.6178, 0.6156]}, "Growth_Arrest AUC": 28.9806}, "TRAF6": {"Timesteps": {"Growth_Arrest": [0.0, 0.563, 0.5096, 0.3, 0.2856, 0.387, 0.4308, 0.4174, 0.4298, 0.455, 0.4728, 0.497, 0.4968, 0.5068, 0.5072, 0.5028, 0.503, 0.4942, 0.4946, 0.4988, 0.5024, 0.5044, 0.5036, 0.5098, 0.4986, 0.5046, 0.4966, 0.4968, 0.5086, 0.4882, 0.4952, 0.5026, 0.494, 0.5, 0.4976, 0.4956, 0.4976, 0.51, 0.5028, 0.506, 0.4998, 0.5118, 0.4958, 0.5068, 0.4972, 0.5036, 0.499, 0.4898, 0.493, 0.5014, 0.499]}, "Growth_Arrest AUC": 24.264399999999995}, "NFkB": {"Timesteps": {"Growth_Arrest": [0.0, 0.5664, 0.4982, 0.269, 0.2086, 0.228, 0.2088, 0.174, 0.1224, 0.0884, 0.063, 0.046, 0.0312, 0.0208, 0.0126, 0.0072, 0.005, 0.0034, 0.0032, 0.0024, 0.0018, 0.0012, 0.0012, 0.001, 0.001, 0.0008, 0.0002, 0.0002, 0.0002, 0.0002, 0.0002, 0.0002, 0.0, 0.0, 0.0, 0.0, 0.0, 0.0, 0.0, 0.0, 0.0, 0.0, 0.0, 0.0, 0.0, 0.0, 0.0, 0.0, 0.0, 0.0, 0.0]}, "Growth_Arrest AUC": 2.5667999999999997}, "Bax": {"Timesteps": {"Growth_Arrest": [0.0, 0.566, 0.5054, 0.2668, 0.213, 0.232, 0.183, 0.1122, 0.0538, 0.0262, 0.0096, 0.0056, 0.0014, 0.0008, 0.0004, 0.0002, 0.0, 0.0, 0.0, 0.0, 0.0, 0.0, 0.0, 0.0, 0.0, 0.0, 0.0, 0.0, 0.0, 0.0, 0.0, 0.0, 0.0, 0.0, 0.0, 0.0, 0.0, 0.0, 0.0, 0.0, 0.0, 0.0, 0.0, 0.0, 0.0, 0.0, 0.0, 0.0, 0.0, 0.0, 0.0]}, "Growth_Arrest AUC": 2.176399999999999}, "TNFR2": {"Timesteps": {"Growth_Arrest": [0.0, 0.5712, 0.5086, 0.283, 0.2234, 0.257, 0.227, 0.1528, 0.0902, 0.0484, 0.0228, 0.009, 0.0034, 0.003, 0.0014, 0.0006, 0.0002, 0.0002, 0.0, 0.0, 0.0, 0.0, 0.0, 0.0, 0.0, 0.0, 0.0, 0.0, 0.0, 0.0, 0.0, 0.0, 0.0, 0.0, 0.0, 0.0, 0.0, 0.0, 0.0, 0.0, 0.0, 0.0, 0.0, 0.0, 0.0, 0.0, 0.0, 0.0, 0.0, 0.0, 0.0]}, "Growth_Arrest AUC": 2.4021999999999997}, "TNFR1": {"Timesteps": {"Growth_Arrest": [0.0, 0.5802, 0.4998, 0.2638, 0.209, 0.2312, 0.1808, 0.113, 0.0532, 0.023, 0.0116, 0.004, 0.001, 0.0002, 0.0, 0.0, 0.0, 0.0, 0.0, 0.0, 0.0, 0.0, 0.0, 0.0, 0.0, 0.0, 0.0, 0.0, 0.0, 0.0, 0.0, 0.0, 0.0, 0.0, 0.0, 0.0, 0.0, 0.0, 0.0, 0.0, 0.0, 0.0, 0.0, 0.0, 0.0, 0.0, 0.0, 0.0, 0.0, 0.0, 0.0]}, "Growth_Arrest AUC": 2.1708000000000003}, "SMAD": {"Timesteps": {"Growth_Arrest": [0.0, 0.756, 1.0, 1.0, 1.0, 1.0, 1.0, 1.0, 1.0, 1.0, 1.0, 1.0, 1.0, 1.0, 1.0, 1.0, 1.0, 1.0, 1.0, 1.0, 1.0, 1.0, 1.0, 1.0, 1.0, 1.0, 1.0, 1.0, 1.0, 1.0, 1.0, 1.0, 1.0, 1.0, 1.0, 1.0, 1.0, 1.0, 1.0, 1.0, 1.0, 1.0, 1.0, 1.0, 1.0, 1.0, 1.0, 1.0, 1.0, 1.0, 1.0]}, "Growth_Arrest AUC": 49.756}, "BclxL": {"Timesteps": {"Growth_Arrest": [0.0, 0.5744, 0.5142, 0.2744, 0.2064, 0.2214, 0.183, 0.1158, 0.061, 0.024, 0.0118, 0.0044, 0.002, 0.0004, 0.0006, 0.0002, 0.0, 0.0, 0.0, 0.0, 0.0, 0.0, 0.0, 0.0, 0.0, 0.0, 0.0, 0.0, 0.0, 0.0, 0.0, 0.0, 0.0, 0.0, 0.0, 0.0, 0.0, 0.0, 0.0, 0.0, 0.0, 0.0, 0.0, 0.0, 0.0, 0.0, 0.0, 0.0, 0.0, 0.0, 0.0]}, "Growth_Arrest AUC": 2.1939999999999995}, "p53": {"Timesteps": {"Growth_Arrest": [0.0, 0.655, 0.8716, 0.9688, 1.0, 1.0, 1.0, 1.0, 1.0, 1.0, 1.0, 1.0, 1.0, 1.0, 1.0, 1.0, 1.0, 1.0, 1.0, 1.0, 1.0, 1.0, 1.0, 1.0, 1.0, 1.0, 1.0, 1.0, 1.0, 1.0, 1.0, 1.0, 1.0, 1.0, 1.0, 1.0, 1.0, 1.0, 1.0, 1.0, 1.0, 1.0, 1.0, 1.0, 1.0, 1.0, 1.0, 1.0, 1.0, 1.0, 1.0]}, "Growth_Arrest AUC": 49.495400000000004}, "Raf": {"Timesteps": {"Growth_Arrest": [0.0, 0.5728, 0.505, 0.235, 0.085, 0.0296, 0.0044, 0.0, 0.0, 0.0, 0.0, 0.0, 0.0, 0.0, 0.0, 0.0, 0.0, 0.0, 0.0, 0.0, 0.0, 0.0, 0.0, 0.0, 0.0, 0.0, 0.0, 0.0, 0.0, 0.0, 0.0, 0.0, 0.0, 0.0, 0.0, 0.0, 0.0, 0.0, 0.0, 0.0, 0.0, 0.0, 0.0, 0.0, 0.0, 0.0, 0.0, 0.0, 0.0, 0.0, 0.0]}, "Growth_Arrest AUC": 1.4317999999999997},