{"TAK1": {"Timesteps": {"Growth_Arrest": [0.0, 0.5112, 0.49, 0.3366, 0.3092, 0.3962, 0.4586, 0.4548, 0.4512, 0.4716, 0.4766, 0.4902, 0.4962, 0.4994, 0.5028, 0.5038, 0.4928, 0.4986, 0.4934, 0.4904, 0.5058, 0.499, 0.4972, 0.5112, 0.5062, 0.505, 0.5096, 0.4986, 0.5056, 0.4996, 0.5068, 0.4968, 0.501, 0.496, 0.492, 0.4912, 0.505, 0.4946, 0.4928, 0.504, 0.5068, 0.5, 0.489, 0.4904, 0.4914, 0.4986, 0.4954, 0.4914, 0.4978, 0.5112, 0.5102]}, "Growth_Arrest AUC": 24.323799999999995}, "ATM": {"Timesteps": {"Growth_Arrest": [0.0, 0.5278, 0.6866, 0.8312, 0.9562, 1.0, 1.0, 1.0, 1.0, 1.0, 1.0, 1.0, 1.0, 1.0, 1.0, 1.0, 1.0, 1.0, 1.0, 1.0, 1.0, 1.0, 1.0, 1.0, 1.0, 1.0, 1.0, 1.0, 1.0, 1.0, 1.0, 1.0, 1.0, 1.0, 1.0, 1.0, 1.0, 1.0, 1.0, 1.0, 1.0, 1.0, 1.0, 1.0, 1.0, 1.0, 1.0, 1.0, 1.0, 1.0, 1.0]}, "Growth_Arrest AUC": 49.0018}, "AKT": {"Timesteps": {"Growth_Arrest": [0.0, 0.4882, 0.299, 0.06, 0.0, 0.0, 0.0, 0.0, 0.0, 0.0, 0.0, 0.0, 0.0, 0.0, 0.0, 0.0, 0.0, 0.0, 0.0, 0.0, 0.0, 0.0, 0.0, 0.0, 0.0, 0.0, 0.0, 0.0, 0.0, 0.0, 0.0, 0.0, 0.0, 0.0, 0.0, 0.0, 0.0, 0.0, 0.0, 0.0, 0.0, 0.0, 0.0, 0.0, 0.0, 0.0, 0.0, 0.0, 0.0, 0.0, 0.0]}, "Growth_Arrest AUC": 0.8472}, "XIAP": {"Timesteps": {"Growth_Arrest": [0.0, 0.5098, 0.4648, 0.2834, 0.2232, 0.2288, 0.1838, 0.113, 0.0564, 0.0248, 0.01, 0.0044, 0.0014, 0.0006, 0.0004, 0.0004, 0.0, 0.0, 0.0, 0.0, 0.0, 0.0, 0.0, 0.0, 0.0, 0.0, 0.0, 0.0, 0.0, 0.0, 0.0, 0.0, 0.0, 0.0, 0.0, 0.0, 0.0, 0.0, 0.0, 0.0, 0.0, 0.0, 0.0, 0.0, 0.0, 0.0, 0.0, 0.0, 0.0, 0.0, 0.0]}, "Growth_Arrest AUC": 2.1051999999999995}, "STAT3": {"Timesteps": {"Growth_Arrest": [0.0, 0.518, 0.481, 0.3056, 0.29, 0.3712, 0.3854, 0.3716, 0.3614, 0.3596, 0.3594, 0.3594, 0.3594, 0.3594, 0.3594, 0.3594, 0.3594, 0.3594, 0.3594, 0.3594, 0.3594, 0.3594, 0.3594, 0.3594, 0.3594, 0.3594, 0.3594, 0.3594, 0.3594, 0.3594, 0.3594, 0.3594, 0.3594, 0.3594, 0.3594, 0.3594, 0.3594, 0.3594, 0.3594, 0.3594, 0.3594, 0.3594, 0.3594, 0.3594, 0.3594, 0.3594, 0.3594, 0.3594, 0.3594, 0.3594, 0.3594]}, "Growth_Arrest AUC": 18.179200000000023}, "BID": {"Timesteps": {"Growth_Arrest": [0.0, 0.4972, 0.459, 0.2742, 0.2152, 0.2184, 0.1716, 0.114, 0.0562, 0.025, 0.0118, 0.0046, 0.0016, 0.0012, 0.0006, 0.0006, 0.0002, 0.0002, 0.0002, 0.0, 0.0, 0.0, 0.0, 0.0, 0.0, 0.0, 0.0, 0.0, 0.0, 0.0, 0.0, 0.0, 0.0, 0.0, 0.0, 0.0, 0.0, 0.0, 0.0, 0.0, 0.0, 0.0, 0.0, 0.0, 0.0, 0.0, 0.0, 0.0, 0.0, 0.0, 0.0]}, "Growth_Arrest AUC": 2.051799999999999}, "RIP": {"Timesteps": {"Growth_Arrest": [0.0, 0.5146, 0.4768, 0.278, 0.2156, 0.2344, 0.1888, 0.1248, 0.064, 0.0254, 0.0132, 0.0048, 0.003, 0.0012, 0.0006, 0.0006, 0.0002, 0.0, 0.0, 0.0, 0.0, 0.0, 0.0, 0.0, 0.0, 0.0, 0.0, 0.0, 0.0, 0.0, 0.0, 0.0, 0.0, 0.0, 0.0, 0.0, 0.0, 0.0, 0.0, 0.0, 0.0, 0.0, 0.0, 0.0, 0.0, 0.0, 0.0, 0.0, 0.0, 0.0, 0.0]}, "Growth_Arrest AUC": 2.1459999999999995}, "MYC": {"Timesteps": {"Growth_Arrest": [0.0, 0.5156, 0.4794, 0.3446, 0.3406, 0.3916, 0.4072, 0.3948, 0.3858, 0.3832, 0.3824, 0.3824, 0.3824, 0.3824, 0.3824, 0.3824, 0.3824, 0.3824, 0.3824, 0.3824, 0.3824, 0.3824, 0.3824, 0.3824, 0.3824, 0.3824, 0.3824, 0.3824, 0.3824, 0.3824, 0.3824, 0.3824, 0.3824, 0.3824, 0.3824, 0.3824, 0.3824, 0.3824, 0.3824, 0.3824, 0.3824, 0.3824, 0.3824, 0.3824, 0.3824, 0.3824, 0.3824, 0.3824, 0.3824, 0.3824, 0.3824]}, "Growth_Arrest AUC": 19.32120000000001}, "DUSP1": {"Timesteps": {"Growth_Arrest": [0.0, 0.5118, 0.414, 0.1254, 0.0, 0.0, 0.0, 0.0, 0.0, 0.0, 0.0, 0.0, 0.0, 0.0, 0.0, 0.0, 0.0, 0.0, 0.0, 0.0, 0.0, 0.0, 0.0, 0.0, 0.0, 0.0, 0.0, 0.0, 0.0, 0.0, 0.0, 0.0, 0.0, 0.0, 0.0, 0.0, 0.0, 0.0, 0.0, 0.0, 0.0, 0.0, 0.0, 0.0, 0.0, 0.0, 0.0, 0.0, 0.0, 0.0, 0.0]}, "Growth_Arrest AUC": 1.0512}, "Bcl2": {"Timesteps": {"Growth_Arrest": [0.0, 0.5056, 0.456, 0.2692, 0.2196, 0.2298, 0.1808, 0.1106, 0.0588, 0.0204, 0.0116, 0.0056, 0.0028, 0.0008, 0.0004, 0.0006, 0.0004, 0.0002, 0.0002, 0.0, 0.0, 0.0, 0.0, 0.0, 0.0, 0.0, 0.0, 0.0, 0.0, 0.0, 0.0, 0.0, 0.0, 0.0, 0.0, 0.0, 0.0, 0.0, 0.0, 0.0, 0.0, 0.0, 0.0, 0.0, 0.0, 0.0, 0.0, 0.0, 0.0, 0.0, 0.0]}, "Growth_Arrest AUC": 2.0734}, "TRAF2": {"Timesteps": {"Growth_Arrest": [0.0, 0.514, 0.4658, 0.3078, 0.3078, 0.393, 0.448, 0.4776, 0.4882, 0.5028, 0.5196, 0.5454, 0.5634, 0.576, 0.5798, 0.5946, 0.6072, 0.6056, 0.6022, 0.6062, 0.6148, 0.6034, 0.6122, 0.6236, 0.622, 0.6192, 0.6282, 0.6276, 0.6232, 0.6198, 0.6208, 0.6222, 0.6216, 0.6228, 0.6174, 0.6162, 0.6314, 0.6274, 0.6258, 0.6184, 0.619, 0.6276, 0.6272, 0.6218, 0.6232, 0.6238, 0.6192, 0.626, 0.626, 0.6466, 0.6386]}, "Growth_Arrest AUC": 29.022000000000002}, "TRAF6": {"Timesteps": {"Growth_Arrest": [0.0, 0.5058, 0.4698, 0.3114, 0.2972, 0.3954, 0.4438, 0.457, 0.4488, 0.475, 0.483, 0.4858, 0.4878, 0.4902, 0.4998, 0.4984, 0.505, 0.4976, 0.5098, 0.502, 0.4952, 0.4926, 0.4978, 0.4898, 0.491, 0.5008, 0.4972, 0.4962, 0.4972, 0.5024, 0.4978, 0.4968, 0.4966, 0.5032, 0.4974, 0.4988, 0.5078, 0.4892, 0.4924, 0.5044, 0.507, 0.5068, 0.4984, 0.4916, 0.4972, 0.4942, 0.4984, 0.5122, 0.5122, 0.4996, 0.5132]}, "Growth_Arrest AUC": 24.238999999999997}, "NFkB": {"Timesteps": {"Growth_Arrest": [0.0, 0.5296, 0.4564, 0.2722, 0.2198, 0.2362, 0.2164, 0.1776, 0.1292, 0.0966, 0.066, 0.05, 0.0328, 0.0212, 0.016, 0.0126, 0.0096, 0.0062, 0.0044, 0.0032, 0.0024, 0.0018, 0.001, 0.0006, 0.0004, 0.0002, 0.0002, 0.0, 0.0, 0.0, 0.0, 0.0, 0.0, 0.0, 0.0, 0.0, 0.0, 0.0, 0.0, 0.0, 0.0, 0.0, 0.0, 0.0, 0.0, 0.0, 0.0, 0.0, 0.0, 0.0, 0.0]}, "Growth_Arrest AUC": 2.5625999999999993}, "Bax": {"Timesteps": {"Growth_Arrest": [0.0, 0.5122, 0.4584, 0.2642, 0.2156, 0.2252, 0.1856, 0.1202, 0.0634, 0.0296, 0.0136, 0.0056, 0.0016, 0.0008, 0.0006, 0.0002, 0.0002, 0.0, 0.0, 0.0, 0.0, 0.0, 0.0, 0.0, 0.0, 0.0, 0.0, 0.0, 0.0, 0.0, 0.0, 0.0, 0.0, 0.0, 0.0, 0.0, 0.0, 0.0, 0.0, 0.0, 0.0, 0.0, 0.0, 0.0, 0.0, 0.0, 0.0, 0.0, 0.0, 0.0, 0.0]}, "Growth_Arrest AUC": 2.096999999999999}, "TNFR2": {"Timesteps": {"Growth_Arrest": [0.0, 0.509, 0.4636, 0.28, 0.236, 0.255, 0.2162, 0.1558, 0.0924, 0.0482, 0.0216, 0.0096, 0.006, 0.0018, 0.0012, 0.0006, 0.0004, 0.0002, 0.0, 0.0, 0.0, 0.0, 0.0, 0.0, 0.0, 0.0, 0.0, 0.0, 0.0, 0.0, 0.0, 0.0, 0.0, 0.0, 0.0, 0.0, 0.0, 0.0, 0.0, 0.0, 0.0, 0.0, 0.0, 0.0, 0.0, 0.0, 0.0, 0.0, 0.0, 0.0, 0.0]}, "Growth_Arrest AUC": 2.297599999999999}, "TNFR1": {"Timesteps": {"Growth_Arrest": [0.0, 0.5102, 0.4598, 0.273, 0.215, 0.2248, 0.189, 0.1084, 0.0582, 0.0262, 0.0124, 0.0054, 0.0026, 0.0, 0.0002, 0.0, 0.0, 0.0, 0.0, 0.0, 0.0, 0.0, 0.0, 0.0, 0.0, 0.0, 0.0, 0.0, 0.0, 0.0, 0.0, 0.0, 0.0, 0.0, 0.0, 0.0, 0.0, 0.0, 0.0, 0.0, 0.0, 0.0, 0.0, 0.0, 0.0, 0.0, 0.0, 0.0, 0.0, 0.0, 0.0]}, "Growth_Arrest AUC": 2.0851999999999995}, "SMAD": {"Timesteps": {"Growth_Arrest": [0.0, 0.7514, 1.0, 1.0, 1.0, 1.0, 1.0, 1.0, 1.0, 1.0, 1.0, 1.0, 1.0, 1.0, 1.0, 1.0, 1.0, 1.0, 1.0, 1.0, 1.0, 1.0, 1.0, 1.0, 1.0, 1.0, 1.0, 1.0, 1.0, 1.0, 1.0, 1.0, 1.0, 1.0, 1.0, 1.0, 1.0, 1.0, 1.0, 1.0, 1.0, 1.0, 1.0, 1.0, 1.0, 1.0, 1.0, 1.0, 1.0, 1.0, 1.0]}, "Growth_Arrest AUC": 49.751400000000004}, "BclxL": {"Timesteps": {"Growth_Arrest": [0.0, 0.5126, 0.4644, 0.2792, 0.2076, 0.2342, 0.1982, 0.1148, 0.0596, 0.0236, 0.0098, 0.0042, 0.002, 0.001, 0.0004, 0.0, 0.0, 0.0, 0.0, 0.0, 0.0, 0.0, 0.0, 0.0, 0.0, 0.0, 0.0, 0.0, 0.0, 0.0, 0.0, 0.0, 0.0, 0.0, 0.0, 0.0, 0.0, 0.0, 0.0, 0.0, 0.0, 0.0, 0.0, 0.0, 0.0, 0.0, 0.0, 0.0, 0.0, 0.0, 0.0]}, "Growth_Arrest AUC": 2.1115999999999993}, "p53": {"Timesteps": {"Growth_Arrest": [0.0, 0.6538, 0.866, 0.9684, 1.0, 1.0, 1.0, 1.0, 1.0, 1.0, 1.0, 1.0, 1.0, 1.0, 1.0, 1.0, 1.0, 1.0, 1.0, 1.0, 1.0, 1.0, 1.0, 1.0, 1.0, 1.0, 1.0, 1.0, 1.0, 1.0, 1.0, 1.0, 1.0, 1.0, 1.0, 1.0, 1.0, 1.0, 1.0, 1.0, 1.0, 1.0, 1.0, 1.0, 1.0, 1.0, 1.0, 1.0, 1.0, 1.0, 1.0]}, "Growth_Arrest AUC": 49.4882}, "Raf": {"Timesteps": {"Growth_Arrest": [0.0, 0.5078, 0.4606, 0.2362, 0.0884, 0.0276, 0.0032, 0.0, 0.0, 0.0, 0.0, 0.0, 0.0, 0.0, 0.0, 0.0, 0.0, 0.0, 0.0, 0.0, 0.0, 0.0, 0.0, 0.0, 0.0, 0.0, 0.0, 0.0, 0.0, 0.0, 0.0, 0.0, 0.0, 0.0, 0.0, 0.0, 0.0, 0.0, 0.0, 0.0, 0.0, 0.0, 0.0, 0.0, 0.0, 0.0, 0.0, 0.0, 0.0, 0.0, 0.0]}, "Growth_Arrest AUC": 1.3238000000000003},