{"TAK1": {"Timesteps": {"Growth_Arrest": [0.0, 0.558, 0.4996, 0.32, 0.3198, 0.4116, 0.442, 0.4508, 0.4382, 0.4592, 0.475, 0.4862, 0.4916, 0.5002, 0.5084, 0.497, 0.5006, 0.5034, 0.5032, 0.5038, 0.4908, 0.511, 0.5054, 0.5084, 0.5086, 0.4834, 0.5026, 0.5162, 0.5054, 0.5012, 0.4988, 0.4848, 0.5022, 0.5046, 0.495, 0.5002, 0.499, 0.4754, 0.4994, 0.5112, 0.4998, 0.5026, 0.4948, 0.5106, 0.4996, 0.4972, 0.5008, 0.4988, 0.5154, 0.4838, 0.494]}, "Growth_Arrest AUC": 24.3696}, "ATM": {"Timesteps": {"Growth_Arrest": [0.0, 0.5748, 0.732, 0.8848, 0.985, 1.0, 1.0, 1.0, 1.0, 1.0, 1.0, 1.0, 1.0, 1.0, 1.0, 1.0, 1.0, 1.0, 1.0, 1.0, 1.0, 1.0, 1.0, 1.0, 1.0, 1.0, 1.0, 1.0, 1.0, 1.0, 1.0, 1.0, 1.0, 1.0, 1.0, 1.0, 1.0, 1.0, 1.0, 1.0, 1.0, 1.0, 1.0, 1.0, 1.0, 1.0, 1.0, 1.0, 1.0, 1.0, 1.0]}, "Growth_Arrest AUC": 49.1766}, "AKT": {"Timesteps": {"Growth_Arrest": [0.0, 0.4856, 0.2954, 0.0628, 0.0, 0.0, 0.0, 0.0, 0.0, 0.0, 0.0, 0.0, 0.0, 0.0, 0.0, 0.0, 0.0, 0.0, 0.0, 0.0, 0.0, 0.0, 0.0, 0.0, 0.0, 0.0, 0.0, 0.0, 0.0, 0.0, 0.0, 0.0, 0.0, 0.0, 0.0, 0.0, 0.0, 0.0, 0.0, 0.0, 0.0, 0.0, 0.0, 0.0, 0.0, 0.0, 0.0, 0.0, 0.0, 0.0, 0.0]}, "Growth_Arrest AUC": 0.8437999999999999}, "XIAP": {"Timesteps": {"Growth_Arrest": [0.0, 0.5552, 0.4872, 0.2714, 0.2168, 0.2318, 0.1828, 0.1104, 0.058, 0.0246, 0.0104, 0.0054, 0.0024, 0.0012, 0.0006, 0.0002, 0.0002, 0.0, 0.0, 0.0, 0.0, 0.0, 0.0, 0.0, 0.0, 0.0, 0.0, 0.0, 0.0, 0.0, 0.0, 0.0, 0.0, 0.0, 0.0, 0.0, 0.0, 0.0, 0.0, 0.0, 0.0, 0.0, 0.0, 0.0, 0.0, 0.0, 0.0, 0.0, 0.0, 0.0, 0.0]}, "Growth_Arrest AUC": 2.1586}, "STAT3": {"Timesteps": {"Growth_Arrest": [0.0, 0.5482, 0.487, 0.3016, 0.2818, 0.3534, 0.3808, 0.3724, 0.3626, 0.361, 0.361, 0.361, 0.361, 0.361, 0.361, 0.361, 0.361, 0.361, 0.361, 0.361, 0.361, 0.361, 0.361, 0.361, 0.361, 0.361, 0.361, 0.361, 0.361, 0.361, 0.361, 0.361, 0.361, 0.361, 0.361, 0.361, 0.361, 0.361, 0.361, 0.361, 0.361, 0.361, 0.361, 0.361, 0.361, 0.361, 0.361, 0.361, 0.361, 0.361, 0.361]}, "Growth_Arrest AUC": 18.249800000000015}, "BID": {"Timesteps": {"Growth_Arrest": [0.0, 0.5476, 0.4752, 0.2772, 0.213, 0.2222, 0.1878, 0.1206, 0.0588, 0.0226, 0.0104, 0.0054, 0.002, 0.0006, 0.0002, 0.0002, 0.0002, 0.0, 0.0, 0.0, 0.0, 0.0, 0.0, 0.0, 0.0, 0.0, 0.0, 0.0, 0.0, 0.0, 0.0, 0.0, 0.0, 0.0, 0.0, 0.0, 0.0, 0.0, 0.0, 0.0, 0.0, 0.0, 0.0, 0.0, 0.0, 0.0, 0.0, 0.0, 0.0, 0.0, 0.0]}, "Growth_Arrest AUC": 2.1439999999999997}, "RIP": {"Timesteps": {"Growth_Arrest": [0.0, 0.549, 0.4836, 0.2896, 0.2362, 0.2382, 0.1938, 0.1186, 0.0614, 0.0286, 0.0112, 0.0056, 0.002, 0.001, 0.0004, 0.0, 0.0, 0.0, 0.0, 0.0, 0.0, 0.0, 0.0, 0.0, 0.0, 0.0, 0.0, 0.0, 0.0, 0.0, 0.0, 0.0, 0.0, 0.0, 0.0, 0.0, 0.0, 0.0, 0.0, 0.0, 0.0, 0.0, 0.0, 0.0, 0.0, 0.0, 0.0, 0.0, 0.0, 0.0, 0.0]}, "Growth_Arrest AUC": 2.2191999999999994}, "MYC": {"Timesteps": {"Growth_Arrest": [0.0, 0.5588, 0.5056, 0.3542, 0.3416, 0.3888, 0.3994, 0.3912, 0.3822, 0.38, 0.3794, 0.3792, 0.3792, 0.3792, 0.3792, 0.3792, 0.3792, 0.3792, 0.3792, 0.3792, 0.3792, 0.3792, 0.3792, 0.3792, 0.3792, 0.3792, 0.3792, 0.3792, 0.3792, 0.3792, 0.3792, 0.3792, 0.3792, 0.3792, 0.3792, 0.3792, 0.3792, 0.3792, 0.3792, 0.3792, 0.3792, 0.3792, 0.3792, 0.3792, 0.3792, 0.3792, 0.3792, 0.3792, 0.3792, 0.3792, 0.3792]}, "Growth_Arrest AUC": 19.249200000000023}, "DUSP1": {"Timesteps": {"Growth_Arrest": [0.0, 0.56, 0.4384, 0.1172, 0.0, 0.0, 0.0, 0.0, 0.0, 0.0, 0.0, 0.0, 0.0, 0.0, 0.0, 0.0, 0.0, 0.0, 0.0, 0.0, 0.0, 0.0, 0.0, 0.0, 0.0, 0.0, 0.0, 0.0, 0.0, 0.0, 0.0, 0.0, 0.0, 0.0, 0.0, 0.0, 0.0, 0.0, 0.0, 0.0, 0.0, 0.0, 0.0, 0.0, 0.0, 0.0, 0.0, 0.0, 0.0, 0.0, 0.0]}, "Growth_Arrest AUC": 1.1156000000000001}, "Bcl2": {"Timesteps": {"Growth_Arrest": [0.0, 0.5384, 0.4824, 0.2674, 0.2102, 0.2226, 0.1816, 0.1104, 0.0522, 0.0222, 0.012, 0.0056, 0.0012, 0.0004, 0.0006, 0.0004, 0.0002, 0.0, 0.0, 0.0, 0.0, 0.0, 0.0, 0.0, 0.0, 0.0, 0.0, 0.0, 0.0, 0.0, 0.0, 0.0, 0.0, 0.0, 0.0, 0.0, 0.0, 0.0, 0.0, 0.0, 0.0, 0.0, 0.0, 0.0, 0.0, 0.0, 0.0, 0.0, 0.0, 0.0, 0.0]}, "Growth_Arrest AUC": 2.1077999999999997}, "TRAF2": {"Timesteps": {"Growth_Arrest": [0.0, 0.5452, 0.49, 0.3076, 0.3046, 0.3952, 0.4394, 0.4686, 0.4926, 0.5126, 0.5368, 0.5504, 0.5582, 0.5654, 0.5738, 0.5792, 0.5976, 0.5918, 0.6024, 0.6082, 0.6046, 0.606, 0.613, 0.6132, 0.6236, 0.6172, 0.619, 0.6348, 0.632, 0.62, 0.6216, 0.625, 0.6286, 0.629, 0.6304, 0.6292, 0.6162, 0.623, 0.6224, 0.6278, 0.6202, 0.6186, 0.6158, 0.628, 0.6294, 0.6252, 0.6284, 0.626, 0.6226, 0.629, 0.628]}, "Growth_Arrest AUC": 29.0274}, "TRAF6": {"Timesteps": {"Growth_Arrest": [0.0, 0.569, 0.4876, 0.3066, 0.3058, 0.4054, 0.4586, 0.4496, 0.4386, 0.464, 0.4692, 0.4912, 0.4936, 0.4936, 0.5072, 0.485, 0.4908, 0.5156, 0.4948, 0.4966, 0.5016, 0.4976, 0.4982, 0.5026, 0.5032, 0.502, 0.5076, 0.5092, 0.4998, 0.5122, 0.496, 0.4926, 0.4988, 0.5078, 0.4932, 0.4826, 0.4998, 0.4986, 0.4958, 0.497, 0.5004, 0.5068, 0.5018, 0.4968, 0.4876, 0.4928, 0.5028, 0.5074, 0.5134, 0.5152, 0.491]}, "Growth_Arrest AUC": 24.335}, "NFkB": {"Timesteps": {"Growth_Arrest": [0.0, 0.5616, 0.4846, 0.2758, 0.2156, 0.235, 0.2272, 0.1784, 0.1278, 0.0888, 0.0608, 0.0444, 0.0336, 0.0232, 0.0158, 0.0116, 0.0092, 0.0074, 0.0048, 0.0034, 0.002, 0.0016, 0.0008, 0.0006, 0.0004, 0.0004, 0.0002, 0.0002, 0.0002, 0.0002, 0.0002, 0.0, 0.0, 0.0, 0.0, 0.0, 0.0, 0.0, 0.0, 0.0, 0.0, 0.0, 0.0, 0.0, 0.0, 0.0, 0.0, 0.0, 0.0, 0.0, 0.0]}, "Growth_Arrest AUC": 2.6157999999999997}, "Bax": {"Timesteps": {"Growth_Arrest": [0.0, 0.547, 0.481, 0.2732, 0.216, 0.2212, 0.184, 0.1122, 0.0552, 0.0232, 0.0098, 0.0048, 0.0014, 0.0008, 0.0004, 0.0002, 0.0, 0.0, 0.0, 0.0, 0.0, 0.0, 0.0, 0.0, 0.0, 0.0, 0.0, 0.0, 0.0, 0.0, 0.0, 0.0, 0.0, 0.0, 0.0, 0.0, 0.0, 0.0, 0.0, 0.0, 0.0, 0.0, 0.0, 0.0, 0.0, 0.0, 0.0, 0.0, 0.0, 0.0, 0.0]}, "Growth_Arrest AUC": 2.1304}, "TNFR2": {"Timesteps": {"Growth_Arrest": [0.0, 0.5448, 0.489, 0.2806, 0.251, 0.2776, 0.2412, 0.1706, 0.101, 0.051, 0.0246, 0.011, 0.0046, 0.002, 0.0012, 0.0006, 0.0004, 0.0002, 0.0002, 0.0004, 0.0002, 0.0004, 0.0004, 0.0, 0.0, 0.0, 0.0, 0.0, 0.0, 0.0, 0.0, 0.0, 0.0, 0.0, 0.0, 0.0, 0.0, 0.0, 0.0, 0.0, 0.0, 0.0, 0.0, 0.0, 0.0, 0.0, 0.0, 0.0, 0.0, 0.0, 0.0]}, "Growth_Arrest AUC": 2.4529999999999994}, "TNFR1": {"Timesteps": {"Growth_Arrest": [0.0, 0.5378, 0.489, 0.2768, 0.2168, 0.2238, 0.1856, 0.1168, 0.0576, 0.0254, 0.0112, 0.0052, 0.0026, 0.0012, 0.0008, 0.0006, 0.0002, 0.0, 0.0, 0.0, 0.0, 0.0, 0.0, 0.0, 0.0, 0.0, 0.0, 0.0, 0.0, 0.0, 0.0, 0.0, 0.0, 0.0, 0.0, 0.0, 0.0, 0.0, 0.0, 0.0, 0.0, 0.0, 0.0, 0.0, 0.0, 0.0, 0.0, 0.0, 0.0, 0.0, 0.0]}, "Growth_Arrest AUC": 2.1513999999999993}, "SMAD": {"Timesteps": {"Growth_Arrest": [0.0, 0.7512, 1.0, 1.0, 1.0, 1.0, 1.0, 1.0, 1.0, 1.0, 1.0, 1.0, 1.0, 1.0, 1.0, 1.0, 1.0, 1.0, 1.0, 1.0, 1.0, 1.0, 1.0, 1.0, 1.0, 1.0, 1.0, 1.0, 1.0, 1.0, 1.0, 1.0, 1.0, 1.0, 1.0, 1.0, 1.0, 1.0, 1.0, 1.0, 1.0, 1.0, 1.0, 1.0, 1.0, 1.0, 1.0, 1.0, 1.0, 1.0, 1.0]}, "Growth_Arrest AUC": 49.7512}, "BclxL": {"Timesteps": {"Growth_Arrest": [0.0, 0.5588, 0.4954, 0.2798, 0.2152, 0.218, 0.1748, 0.105, 0.0542, 0.0232, 0.0102, 0.0048, 0.0018, 0.0006, 0.0, 0.0, 0.0, 0.0, 0.0, 0.0, 0.0, 0.0, 0.0, 0.0, 0.0, 0.0, 0.0, 0.0, 0.0, 0.0, 0.0, 0.0, 0.0, 0.0, 0.0, 0.0, 0.0, 0.0, 0.0, 0.0, 0.0, 0.0, 0.0, 0.0, 0.0, 0.0, 0.0, 0.0, 0.0, 0.0, 0.0]}, "Growth_Arrest AUC": 2.1418}, "p53": {"Timesteps": {"Growth_Arrest": [0.0, 0.635, 0.8126, 0.9512, 1.0, 1.0, 1.0, 1.0, 1.0, 1.0, 1.0, 1.0, 1.0, 1.0, 1.0, 1.0, 1.0, 1.0, 1.0, 1.0, 1.0, 1.0, 1.0, 1.0, 1.0, 1.0, 1.0, 1.0, 1.0, 1.0, 1.0, 1.0, 1.0, 1.0, 1.0, 1.0, 1.0, 1.0, 1.0, 1.0, 1.0, 1.0, 1.0, 1.0, 1.0, 1.0, 1.0, 1.0, 1.0, 1.0, 1.0]}, "Growth_Arrest AUC": 49.3988}, "Raf": {"Timesteps": {"Growth_Arrest": [0.0, 0.5554, 0.4656, 0.2366, 0.095, 0.0288, 0.0036, 0.0, 0.0, 0.0, 0.0, 0.0, 0.0, 0.0, 0.0, 0.0, 0.0, 0.0, 0.0, 0.0, 0.0, 0.0, 0.0, 0.0, 0.0, 0.0, 0.0, 0.0, 0.0, 0.0, 0.0, 0.0, 0.0, 0.0, 0.0, 0.0, 0.0, 0.0, 0.0, 0.0, 0.0, 0.0, 0.0, 0.0, 0.0, 0.0, 0.0, 0.0, 0.0, 0.0, 0.0]}, "Growth_Arrest AUC": 1.3849999999999998},