{"TAK1": {"Timesteps": {"Proliferation": [0.0, 0.2186, 0.413, 0.5942, 0.5304, 0.3184, 0.1442, 0.0624, 0.0188, 0.0026, 0.0004, 0.0, 0.0, 0.0, 0.0, 0.0, 0.0, 0.0, 0.0, 0.0, 0.0, 0.0, 0.0, 0.0, 0.0, 0.0, 0.0, 0.0, 0.0, 0.0, 0.0, 0.0, 0.0, 0.0, 0.0, 0.0, 0.0, 0.0, 0.0, 0.0, 0.0, 0.0, 0.0, 0.0, 0.0, 0.0, 0.0, 0.0, 0.0, 0.0, 0.0]}, "Proliferation AUC": 2.3030000000000004}, "ATM": {"Timesteps": {"Proliferation": [0.0, 0.1876, 0.2126, 0.1038, 0.0182, 0.0, 0.0, 0.0, 0.0, 0.0, 0.0, 0.0, 0.0, 0.0, 0.0, 0.0, 0.0, 0.0, 0.0, 0.0, 0.0, 0.0, 0.0, 0.0, 0.0, 0.0, 0.0, 0.0, 0.0, 0.0, 0.0, 0.0, 0.0, 0.0, 0.0, 0.0, 0.0, 0.0, 0.0, 0.0, 0.0, 0.0, 0.0, 0.0, 0.0, 0.0, 0.0, 0.0, 0.0, 0.0, 0.0]}, "Proliferation AUC": 0.5222}, "AKT": {"Timesteps": {"Proliferation": [0.0, 0.3148, 0.713, 0.9394, 1.0, 1.0, 1.0, 1.0, 1.0, 1.0, 1.0, 1.0, 1.0, 1.0, 1.0, 1.0, 1.0, 1.0, 1.0, 1.0, 1.0, 1.0, 1.0, 1.0, 1.0, 1.0, 1.0, 1.0, 1.0, 1.0, 1.0, 1.0, 1.0, 1.0, 1.0, 1.0, 1.0, 1.0, 1.0, 1.0, 1.0, 1.0, 1.0, 1.0, 1.0, 1.0, 1.0, 1.0, 1.0, 1.0, 1.0]}, "Proliferation AUC": 48.9672}, "XIAP": {"Timesteps": {"Proliferation": [0.0, 0.2152, 0.428, 0.631, 0.583, 0.383, 0.2122, 0.094, 0.0356, 0.009, 0.0016, 0.0, 0.0, 0.0, 0.0, 0.0, 0.0, 0.0, 0.0, 0.0, 0.0, 0.0, 0.0, 0.0, 0.0, 0.0, 0.0, 0.0, 0.0, 0.0, 0.0, 0.0, 0.0, 0.0, 0.0, 0.0, 0.0, 0.0, 0.0, 0.0, 0.0, 0.0, 0.0, 0.0, 0.0, 0.0, 0.0, 0.0, 0.0, 0.0, 0.0]}, "Proliferation AUC": 2.5925999999999996}, "STAT3": {"Timesteps": {"Proliferation": [0.0, 0.2392, 0.4834, 0.7062, 0.7186, 0.637, 0.6232, 0.6342, 0.6454, 0.6472, 0.6474, 0.6474, 0.6474, 0.6474, 0.6474, 0.6474, 0.6474, 0.6474, 0.6474, 0.6474, 0.6474, 0.6474, 0.6474, 0.6474, 0.6474, 0.6474, 0.6474, 0.6474, 0.6474, 0.6474, 0.6474, 0.6474, 0.6474, 0.6474, 0.6474, 0.6474, 0.6474, 0.6474, 0.6474, 0.6474, 0.6474, 0.6474, 0.6474, 0.6474, 0.6474, 0.6474, 0.6474, 0.6474, 0.6474, 0.6474, 0.6474]}, "Proliferation AUC": 31.87780000000002}, "BID": {"Timesteps": {"Proliferation": [0.0, 0.2118, 0.4376, 0.6388, 0.6042, 0.393, 0.2044, 0.093, 0.0356, 0.008, 0.001, 0.0, 0.0, 0.0, 0.0, 0.0, 0.0, 0.0, 0.0, 0.0, 0.0, 0.0, 0.0, 0.0, 0.0, 0.0, 0.0, 0.0, 0.0, 0.0, 0.0, 0.0, 0.0, 0.0, 0.0, 0.0, 0.0, 0.0, 0.0, 0.0, 0.0, 0.0, 0.0, 0.0, 0.0, 0.0, 0.0, 0.0, 0.0, 0.0, 0.0]}, "Proliferation AUC": 2.6274}, "RIP": {"Timesteps": {"Proliferation": [0.0, 0.2084, 0.425, 0.6212, 0.599, 0.4088, 0.2344, 0.115, 0.0434, 0.0092, 0.0018, 0.0002, 0.0, 0.0, 0.0, 0.0, 0.0, 0.0, 0.0, 0.0, 0.0, 0.0, 0.0, 0.0, 0.0, 0.0, 0.0, 0.0, 0.0, 0.0, 0.0, 0.0, 0.0, 0.0, 0.0, 0.0, 0.0, 0.0, 0.0, 0.0, 0.0, 0.0, 0.0, 0.0, 0.0, 0.0, 0.0, 0.0, 0.0, 0.0, 0.0]}, "Proliferation AUC": 2.6664}, "MYC": {"Timesteps": {"Proliferation": [0.0, 0.421, 0.4646, 0.6356, 0.6522, 0.6032, 0.5936, 0.6074, 0.6172, 0.6192, 0.6194, 0.6196, 0.6196, 0.6196, 0.6196, 0.6196, 0.6196, 0.6196, 0.6196, 0.6196, 0.6196, 0.6196, 0.6196, 0.6196, 0.6196, 0.6196, 0.6196, 0.6196, 0.6196, 0.6196, 0.6196, 0.6196, 0.6196, 0.6196, 0.6196, 0.6196, 0.6196, 0.6196, 0.6196, 0.6196, 0.6196, 0.6196, 0.6196, 0.6196, 0.6196, 0.6196, 0.6196, 0.6196, 0.6196, 0.6196, 0.6196]}, "Proliferation AUC": 30.617399999999964}, "DUSP1": {"Timesteps": {"Proliferation": [0.0, 0.2016, 0.4666, 0.7604, 0.7432, 0.5198, 0.2862, 0.1198, 0.0422, 0.0094, 0.0016, 0.0002, 0.0, 0.0, 0.0, 0.0, 0.0, 0.0, 0.0, 0.0, 0.0, 0.0, 0.0, 0.0, 0.0, 0.0, 0.0, 0.0, 0.0, 0.0, 0.0, 0.0, 0.0, 0.0, 0.0, 0.0, 0.0, 0.0, 0.0, 0.0, 0.0, 0.0, 0.0, 0.0, 0.0, 0.0, 0.0, 0.0, 0.0, 0.0, 0.0]}, "Proliferation AUC": 3.1509999999999994}, "Bcl2": {"Timesteps": {"Proliferation": [0.0, 0.2128, 0.4352, 0.6388, 0.601, 0.3982, 0.2126, 0.1012, 0.0326, 0.0062, 0.001, 0.0002, 0.0, 0.0, 0.0, 0.0, 0.0, 0.0, 0.0, 0.0, 0.0, 0.0, 0.0, 0.0, 0.0, 0.0, 0.0, 0.0, 0.0, 0.0, 0.0, 0.0, 0.0, 0.0, 0.0, 0.0, 0.0, 0.0, 0.0, 0.0, 0.0, 0.0, 0.0, 0.0, 0.0, 0.0, 0.0, 0.0, 0.0, 0.0, 0.0]}, "Proliferation AUC": 2.6398}, "TRAF2": {"Timesteps": {"Proliferation": [0.0, 0.2062, 0.4264, 0.6204, 0.6134, 0.5184, 0.4524, 0.4352, 0.4336, 0.4248, 0.4046, 0.3704, 0.3674, 0.3636, 0.3506, 0.3512, 0.3456, 0.3416, 0.335, 0.3176, 0.3274, 0.3278, 0.3244, 0.326, 0.3146, 0.3182, 0.3226, 0.3186, 0.3124, 0.3106, 0.3128, 0.3036, 0.306, 0.3062, 0.3066, 0.3078, 0.2972, 0.2946, 0.3004, 0.3022, 0.3142, 0.3098, 0.3092, 0.3162, 0.3128, 0.3164, 0.3142, 0.3174, 0.318, 0.3152, 0.309]}, "Proliferation AUC": 17.3708}, "TRAF6": {"Timesteps": {"Proliferation": [0.0, 0.2218, 0.4254, 0.6072, 0.548, 0.3262, 0.1498, 0.0616, 0.0166, 0.002, 0.0004, 0.0, 0.0, 0.0, 0.0, 0.0, 0.0, 0.0, 0.0, 0.0, 0.0, 0.0, 0.0, 0.0, 0.0, 0.0, 0.0, 0.0, 0.0, 0.0, 0.0, 0.0, 0.0, 0.0, 0.0, 0.0, 0.0, 0.0, 0.0, 0.0, 0.0, 0.0, 0.0, 0.0, 0.0, 0.0, 0.0, 0.0, 0.0, 0.0, 0.0]}, "Proliferation AUC": 2.3589999999999995}, "NFkB": {"Timesteps": {"Proliferation": [0.0, 0.203, 0.4274, 0.671, 0.7174, 0.6774, 0.652, 0.6762, 0.715, 0.7568, 0.7752, 0.7924, 0.8036, 0.7992, 0.8046, 0.817, 0.8222, 0.8128, 0.816, 0.8166, 0.8176, 0.8184, 0.8264, 0.8196, 0.8284, 0.8222, 0.8236, 0.8284, 0.832, 0.8148, 0.8242, 0.8244, 0.8216, 0.8184, 0.8144, 0.8196, 0.8296, 0.8224, 0.8216, 0.8252, 0.8282, 0.8154, 0.8268, 0.8276, 0.8282, 0.8288, 0.8248, 0.8326, 0.8284, 0.8282, 0.8236]}, "Proliferation AUC": 39.101200000000006}, "Bax": {"Timesteps": {"Proliferation": [0.0, 0.2028, 0.421, 0.6322, 0.5842, 0.383, 0.196, 0.089, 0.0342, 0.009, 0.001, 0.0, 0.0, 0.0, 0.0, 0.0, 0.0, 0.0, 0.0, 0.0, 0.0, 0.0, 0.0, 0.0, 0.0, 0.0, 0.0, 0.0, 0.0, 0.0, 0.0, 0.0, 0.0, 0.0, 0.0, 0.0, 0.0, 0.0, 0.0, 0.0, 0.0, 0.0, 0.0, 0.0, 0.0, 0.0, 0.0, 0.0, 0.0, 0.0, 0.0]}, "Proliferation AUC": 2.5524}, "TNFR2": {"Timesteps": {"Proliferation": [0.0, 0.2172, 0.4326, 0.6244, 0.5926, 0.4308, 0.3058, 0.2236, 0.1336, 0.0602, 0.0212, 0.0042, 0.0002, 0.0002, 0.0, 0.0, 0.0, 0.0, 0.0, 0.0, 0.0, 0.0, 0.0, 0.0, 0.0, 0.0, 0.0, 0.0, 0.0, 0.0, 0.0, 0.0, 0.0, 0.0, 0.0, 0.0, 0.0, 0.0, 0.0, 0.0, 0.0, 0.0, 0.0, 0.0, 0.0, 0.0, 0.0, 0.0, 0.0, 0.0, 0.0]}, "Proliferation AUC": 3.0465999999999998}, "TNFR1": {"Timesteps": {"Proliferation": [0.0, 0.2078, 0.4174, 0.624, 0.5968, 0.3896, 0.21, 0.1022, 0.0388, 0.0094, 0.0012, 0.0, 0.0, 0.0, 0.0, 0.0, 0.0, 0.0, 0.0, 0.0, 0.0, 0.0, 0.0, 0.0, 0.0, 0.0, 0.0, 0.0, 0.0, 0.0, 0.0, 0.0, 0.0, 0.0, 0.0, 0.0, 0.0, 0.0, 0.0, 0.0, 0.0, 0.0, 0.0, 0.0, 0.0, 0.0, 0.0, 0.0, 0.0, 0.0, 0.0]}, "Proliferation AUC": 2.5972}, "SMAD": {"Timesteps": {"Proliferation": [0.0, 0.088, 0.0, 0.0, 0.0, 0.0, 0.0, 0.0, 0.0, 0.0, 0.0, 0.0, 0.0, 0.0, 0.0, 0.0, 0.0, 0.0, 0.0, 0.0, 0.0, 0.0, 0.0, 0.0, 0.0, 0.0, 0.0, 0.0, 0.0, 0.0, 0.0, 0.0, 0.0, 0.0, 0.0, 0.0, 0.0, 0.0, 0.0, 0.0, 0.0, 0.0, 0.0, 0.0, 0.0, 0.0, 0.0, 0.0, 0.0, 0.0, 0.0]}, "Proliferation AUC": 0.088}, "BclxL": {"Timesteps": {"Proliferation": [0.0, 0.2068, 0.418, 0.632, 0.6044, 0.3954, 0.1998, 0.0882, 0.0314, 0.008, 0.001, 0.0002, 0.0, 0.0, 0.0, 0.0, 0.0, 0.0, 0.0, 0.0, 0.0, 0.0, 0.0, 0.0, 0.0, 0.0, 0.0, 0.0, 0.0, 0.0, 0.0, 0.0, 0.0, 0.0, 0.0, 0.0, 0.0, 0.0, 0.0, 0.0, 0.0, 0.0, 0.0, 0.0, 0.0, 0.0, 0.0, 0.0, 0.0, 0.0, 0.0]}, "Proliferation AUC": 2.5852000000000004}, "p53": {"Timesteps": {"Proliferation": [0.0, 0.1488, 0.1152, 0.0226, 0.0, 0.0, 0.0, 0.0, 0.0, 0.0, 0.0, 0.0, 0.0, 0.0, 0.0, 0.0, 0.0, 0.0, 0.0, 0.0, 0.0, 0.0, 0.0, 0.0, 0.0, 0.0, 0.0, 0.0, 0.0, 0.0, 0.0, 0.0, 0.0, 0.0, 0.0, 0.0, 0.0, 0.0, 0.0, 0.0, 0.0, 0.0, 0.0, 0.0, 0.0, 0.0, 0.0, 0.0, 0.0, 0.0, 0.0]}, "Proliferation AUC": 0.2866}, "Raf": {"Timesteps": {"Proliferation": [0.0, 0.2076, 0.4228, 0.6588, 0.6714, 0.4744, 0.2618, 0.1198, 0.0416, 0.0074, 0.0012, 0.0, 0.0, 0.0, 0.0, 0.0, 0.0, 0.0, 0.0, 0.0, 0.0, 0.0, 0.0, 0.0, 0.0, 0.0, 0.0, 0.0, 0.0, 0.0, 0.0, 0.0, 0.0, 0.0, 0.0, 0.0, 0.0, 0.0, 0.0, 0.0, 0.0, 0.0, 0.0, 0.0, 0.0, 0.0, 0.0, 0.0, 0.0, 0.0, 0.0]}, "Proliferation AUC": 2.8668}, "TGFBR": {"Timesteps": {"Proliferation": [0.0, 0.1606, 0.0738, 0.0, 0.0, 0.0, 0.0, 0.0, 0.0, 0.0, 0.0, 0.0, 0.0, 0.0, 0.0, 0.0, 0.0, 0.0, 0.0, 0.0, 0.0, 0.0, 0.0, 0.0, 0.0, 0.0, 0.0, 0.0, 0.0, 0.0, 0.0, 0.0, 0.0, 0.0, 0.0, 0.0, 0.0, 0.0, 0.0, 0.0, 0.0, 0.0, 0.0, 0.0, 0.0, 0.0, 0.0, 0.0, 0.0, 0.0, 0.0]}, "Proliferation AUC": 0.2344},