{"TAK1": {"Timesteps": {"Proliferation": [0.0, 0.2166, 0.421, 0.5494, 0.5056, 0.3086, 0.1374, 0.0532, 0.0162, 0.003, 0.0002, 0.0, 0.0, 0.0, 0.0, 0.0, 0.0, 0.0, 0.0, 0.0, 0.0, 0.0, 0.0, 0.0, 0.0, 0.0, 0.0, 0.0, 0.0, 0.0, 0.0, 0.0, 0.0, 0.0, 0.0, 0.0, 0.0, 0.0, 0.0, 0.0, 0.0, 0.0, 0.0, 0.0, 0.0, 0.0, 0.0, 0.0, 0.0, 0.0, 0.0]}, "Proliferation AUC": 2.2112}, "ATM": {"Timesteps": {"Proliferation": [0.0, 0.2112, 0.2508, 0.1102, 0.0122, 0.0, 0.0, 0.0, 0.0, 0.0, 0.0, 0.0, 0.0, 0.0, 0.0, 0.0, 0.0, 0.0, 0.0, 0.0, 0.0, 0.0, 0.0, 0.0, 0.0, 0.0, 0.0, 0.0, 0.0, 0.0, 0.0, 0.0, 0.0, 0.0, 0.0, 0.0, 0.0, 0.0, 0.0, 0.0, 0.0, 0.0, 0.0, 0.0, 0.0, 0.0, 0.0, 0.0, 0.0, 0.0, 0.0]}, "Proliferation AUC": 0.5844}, "AKT": {"Timesteps": {"Proliferation": [0.0, 0.3086, 0.7108, 0.9372, 1.0, 1.0, 1.0, 1.0, 1.0, 1.0, 1.0, 1.0, 1.0, 1.0, 1.0, 1.0, 1.0, 1.0, 1.0, 1.0, 1.0, 1.0, 1.0, 1.0, 1.0, 1.0, 1.0, 1.0, 1.0, 1.0, 1.0, 1.0, 1.0, 1.0, 1.0, 1.0, 1.0, 1.0, 1.0, 1.0, 1.0, 1.0, 1.0, 1.0, 1.0, 1.0, 1.0, 1.0, 1.0, 1.0, 1.0]}, "Proliferation AUC": 48.9566}, "XIAP": {"Timesteps": {"Proliferation": [0.0, 0.2238, 0.4188, 0.5776, 0.5608, 0.3846, 0.2076, 0.0944, 0.0346, 0.0076, 0.001, 0.0, 0.0, 0.0, 0.0, 0.0, 0.0, 0.0, 0.0, 0.0, 0.0, 0.0, 0.0, 0.0, 0.0, 0.0, 0.0, 0.0, 0.0, 0.0, 0.0, 0.0, 0.0, 0.0, 0.0, 0.0, 0.0, 0.0, 0.0, 0.0, 0.0, 0.0, 0.0, 0.0, 0.0, 0.0, 0.0, 0.0, 0.0, 0.0, 0.0]}, "Proliferation AUC": 2.5107999999999997}, "STAT3": {"Timesteps": {"Proliferation": [0.0, 0.2534, 0.5228, 0.7096, 0.7114, 0.6368, 0.6154, 0.6272, 0.6346, 0.6368, 0.6368, 0.637, 0.637, 0.637, 0.637, 0.637, 0.637, 0.637, 0.637, 0.637, 0.637, 0.637, 0.637, 0.637, 0.637, 0.637, 0.637, 0.637, 0.637, 0.637, 0.637, 0.637, 0.637, 0.637, 0.637, 0.637, 0.637, 0.637, 0.637, 0.637, 0.637, 0.637, 0.637, 0.637, 0.637, 0.637, 0.637, 0.637, 0.637, 0.637, 0.637]}, "Proliferation AUC": 31.464800000000018}, "BID": {"Timesteps": {"Proliferation": [0.0, 0.214, 0.4224, 0.5624, 0.5492, 0.387, 0.2112, 0.0952, 0.0348, 0.0072, 0.0008, 0.0, 0.0, 0.0, 0.0, 0.0, 0.0, 0.0, 0.0, 0.0, 0.0, 0.0, 0.0, 0.0, 0.0, 0.0, 0.0, 0.0, 0.0, 0.0, 0.0, 0.0, 0.0, 0.0, 0.0, 0.0, 0.0, 0.0, 0.0, 0.0, 0.0, 0.0, 0.0, 0.0, 0.0, 0.0, 0.0, 0.0, 0.0, 0.0, 0.0]}, "Proliferation AUC": 2.4842}, "RIP": {"Timesteps": {"Proliferation": [0.0, 0.2194, 0.422, 0.5698, 0.5596, 0.4076, 0.2396, 0.1194, 0.0478, 0.011, 0.002, 0.0004, 0.0, 0.0, 0.0, 0.0, 0.0, 0.0, 0.0, 0.0, 0.0, 0.0, 0.0, 0.0, 0.0, 0.0, 0.0, 0.0, 0.0, 0.0, 0.0, 0.0, 0.0, 0.0, 0.0, 0.0, 0.0, 0.0, 0.0, 0.0, 0.0, 0.0, 0.0, 0.0, 0.0, 0.0, 0.0, 0.0, 0.0, 0.0, 0.0]}, "Proliferation AUC": 2.5986}, "MYC": {"Timesteps": {"Proliferation": [0.0, 0.4468, 0.496, 0.6396, 0.6512, 0.5972, 0.5754, 0.5844, 0.591, 0.5928, 0.5934, 0.5934, 0.5934, 0.5934, 0.5934, 0.5934, 0.5934, 0.5934, 0.5934, 0.5934, 0.5934, 0.5934, 0.5934, 0.5934, 0.5934, 0.5934, 0.5934, 0.5934, 0.5934, 0.5934, 0.5934, 0.5934, 0.5934, 0.5934, 0.5934, 0.5934, 0.5934, 0.5934, 0.5934, 0.5934, 0.5934, 0.5934, 0.5934, 0.5934, 0.5934, 0.5934, 0.5934, 0.5934, 0.5934, 0.5934, 0.5934]}, "Proliferation AUC": 29.50379999999999}, "DUSP1": {"Timesteps": {"Proliferation": [0.0, 0.218, 0.4712, 0.6864, 0.71, 0.5168, 0.2744, 0.1246, 0.0438, 0.0098, 0.0012, 0.0, 0.0, 0.0, 0.0, 0.0, 0.0, 0.0, 0.0, 0.0, 0.0, 0.0, 0.0, 0.0, 0.0, 0.0, 0.0, 0.0, 0.0, 0.0, 0.0, 0.0, 0.0, 0.0, 0.0, 0.0, 0.0, 0.0, 0.0, 0.0, 0.0, 0.0, 0.0, 0.0, 0.0, 0.0, 0.0, 0.0, 0.0, 0.0, 0.0]}, "Proliferation AUC": 3.0561999999999996}, "Bcl2": {"Timesteps": {"Proliferation": [0.0, 0.2102, 0.4128, 0.5768, 0.5594, 0.3884, 0.2204, 0.0978, 0.0356, 0.0078, 0.0006, 0.0, 0.0, 0.0, 0.0, 0.0, 0.0, 0.0, 0.0, 0.0, 0.0, 0.0, 0.0, 0.0, 0.0, 0.0, 0.0, 0.0, 0.0, 0.0, 0.0, 0.0, 0.0, 0.0, 0.0, 0.0, 0.0, 0.0, 0.0, 0.0, 0.0, 0.0, 0.0, 0.0, 0.0, 0.0, 0.0, 0.0, 0.0, 0.0, 0.0]}, "Proliferation AUC": 2.5098}, "TRAF2": {"Timesteps": {"Proliferation": [0.0, 0.2074, 0.417, 0.559, 0.5828, 0.5266, 0.463, 0.429, 0.4116, 0.404, 0.388, 0.3776, 0.3624, 0.3426, 0.3414, 0.3418, 0.3294, 0.3312, 0.3242, 0.33, 0.3166, 0.318, 0.3276, 0.3238, 0.3208, 0.3208, 0.319, 0.3174, 0.3146, 0.322, 0.3078, 0.3022, 0.313, 0.3172, 0.3108, 0.3118, 0.3096, 0.3182, 0.31, 0.3058, 0.3064, 0.3188, 0.3228, 0.3178, 0.3076, 0.3108, 0.313, 0.314, 0.314, 0.3048, 0.316]}, "Proliferation AUC": 17.222}, "TRAF6": {"Timesteps": {"Proliferation": [0.0, 0.223, 0.404, 0.5532, 0.499, 0.33, 0.1566, 0.0646, 0.0198, 0.0028, 0.0004, 0.0, 0.0, 0.0, 0.0, 0.0, 0.0, 0.0, 0.0, 0.0, 0.0, 0.0, 0.0, 0.0, 0.0, 0.0, 0.0, 0.0, 0.0, 0.0, 0.0, 0.0, 0.0, 0.0, 0.0, 0.0, 0.0, 0.0, 0.0, 0.0, 0.0, 0.0, 0.0, 0.0, 0.0, 0.0, 0.0, 0.0, 0.0, 0.0, 0.0]}, "Proliferation AUC": 2.2534000000000005}, "NFkB": {"Timesteps": {"Proliferation": [0.0, 0.2096, 0.442, 0.6184, 0.6772, 0.658, 0.6514, 0.6808, 0.7306, 0.7586, 0.7816, 0.7926, 0.806, 0.805, 0.8148, 0.8214, 0.8212, 0.818, 0.8196, 0.8254, 0.8224, 0.8164, 0.8264, 0.8214, 0.8268, 0.819, 0.8112, 0.8206, 0.8196, 0.8256, 0.8262, 0.8228, 0.8282, 0.8308, 0.824, 0.826, 0.8226, 0.8234, 0.8232, 0.8278, 0.8322, 0.8356, 0.8184, 0.8222, 0.8126, 0.8232, 0.8286, 0.8344, 0.8318, 0.8286, 0.8332]}, "Proliferation AUC": 39.09740000000001}, "Bax": {"Timesteps": {"Proliferation": [0.0, 0.2148, 0.4198, 0.5644, 0.543, 0.3778, 0.2054, 0.0898, 0.0316, 0.0074, 0.0006, 0.0, 0.0, 0.0, 0.0, 0.0, 0.0, 0.0, 0.0, 0.0, 0.0, 0.0, 0.0, 0.0, 0.0, 0.0, 0.0, 0.0, 0.0, 0.0, 0.0, 0.0, 0.0, 0.0, 0.0, 0.0, 0.0, 0.0, 0.0, 0.0, 0.0, 0.0, 0.0, 0.0, 0.0, 0.0, 0.0, 0.0, 0.0, 0.0, 0.0]}, "Proliferation AUC": 2.4546}, "TNFR2": {"Timesteps": {"Proliferation": [0.0, 0.22, 0.4162, 0.5792, 0.566, 0.446, 0.3252, 0.2252, 0.135, 0.0608, 0.0196, 0.0034, 0.0008, 0.0, 0.0, 0.0, 0.0, 0.0, 0.0, 0.0, 0.0, 0.0, 0.0, 0.0, 0.0, 0.0, 0.0, 0.0, 0.0, 0.0, 0.0, 0.0, 0.0, 0.0, 0.0, 0.0, 0.0, 0.0, 0.0, 0.0, 0.0, 0.0, 0.0, 0.0, 0.0, 0.0, 0.0, 0.0, 0.0, 0.0, 0.0]}, "Proliferation AUC": 2.9974000000000007}, "TNFR1": {"Timesteps": {"Proliferation": [0.0, 0.2232, 0.4224, 0.563, 0.5548, 0.3816, 0.2042, 0.0898, 0.0326, 0.0096, 0.0006, 0.0, 0.0, 0.0, 0.0, 0.0, 0.0, 0.0, 0.0, 0.0, 0.0, 0.0, 0.0, 0.0, 0.0, 0.0, 0.0, 0.0, 0.0, 0.0, 0.0, 0.0, 0.0, 0.0, 0.0, 0.0, 0.0, 0.0, 0.0, 0.0, 0.0, 0.0, 0.0, 0.0, 0.0, 0.0, 0.0, 0.0, 0.0, 0.0, 0.0]}, "Proliferation AUC": 2.4818}, "SMAD": {"Timesteps": {"Proliferation": [0.0, 0.0864, 0.0, 0.0, 0.0, 0.0, 0.0, 0.0, 0.0, 0.0, 0.0, 0.0, 0.0, 0.0, 0.0, 0.0, 0.0, 0.0, 0.0, 0.0, 0.0, 0.0, 0.0, 0.0, 0.0, 0.0, 0.0, 0.0, 0.0, 0.0, 0.0, 0.0, 0.0, 0.0, 0.0, 0.0, 0.0, 0.0, 0.0, 0.0, 0.0, 0.0, 0.0, 0.0, 0.0, 0.0, 0.0, 0.0, 0.0, 0.0, 0.0]}, "Proliferation AUC": 0.0864}, "BclxL": {"Timesteps": {"Proliferation": [0.0, 0.1962, 0.4124, 0.5696, 0.56, 0.383, 0.2022, 0.0958, 0.0336, 0.0078, 0.0004, 0.0, 0.0, 0.0, 0.0, 0.0, 0.0, 0.0, 0.0, 0.0, 0.0, 0.0, 0.0, 0.0, 0.0, 0.0, 0.0, 0.0, 0.0, 0.0, 0.0, 0.0, 0.0, 0.0, 0.0, 0.0, 0.0, 0.0, 0.0, 0.0, 0.0, 0.0, 0.0, 0.0, 0.0, 0.0, 0.0, 0.0, 0.0, 0.0, 0.0]}, "Proliferation AUC": 2.461}, "p53": {"Timesteps": {"Proliferation": [0.0, 0.1782, 0.1792, 0.0382, 0.0, 0.0, 0.0, 0.0, 0.0, 0.0, 0.0, 0.0, 0.0, 0.0, 0.0, 0.0, 0.0, 0.0, 0.0, 0.0, 0.0, 0.0, 0.0, 0.0, 0.0, 0.0, 0.0, 0.0, 0.0, 0.0, 0.0, 0.0, 0.0, 0.0, 0.0, 0.0, 0.0, 0.0, 0.0, 0.0, 0.0, 0.0, 0.0, 0.0, 0.0, 0.0, 0.0, 0.0, 0.0, 0.0, 0.0]}, "Proliferation AUC": 0.3956}, "Raf": {"Timesteps": {"Proliferation": [0.0, 0.2084, 0.4162, 0.5966, 0.6274, 0.4762, 0.2748, 0.1344, 0.0428, 0.0076, 0.001, 0.0, 0.0, 0.0, 0.0, 0.0, 0.0, 0.0, 0.0, 0.0, 0.0, 0.0, 0.0, 0.0, 0.0, 0.0, 0.0, 0.0, 0.0, 0.0, 0.0, 0.0, 0.0, 0.0, 0.0, 0.0, 0.0, 0.0, 0.0, 0.0, 0.0, 0.0, 0.0, 0.0, 0.0, 0.0, 0.0, 0.0, 0.0, 0.0, 0.0]}, "Proliferation AUC": 2.7854}, "TGFBR": {"Timesteps": {"Proliferation": [0.0, 0.1596, 0.0718, 0.0, 0.0, 0.0, 0.0, 0.0, 0.0, 0.0, 0.0, 0.0, 0.0, 0.0, 0.0, 0.0, 0.0, 0.0, 0.0, 0.0, 0.0, 0.0, 0.0, 0.0, 0.0, 0.0, 0.0, 0.0, 0.0, 0.0, 0.0, 0.0, 0.0, 0.0, 0.0, 0.0, 0.0, 0.0, 0.0, 0.0, 0.0, 0.0, 0.0, 0.0, 0.0, 0.0, 0.0, 0.0, 0.0, 0.0, 0.0]}, "Proliferation AUC": 0.2314},