{"TAK1": {"Timesteps": {"Proliferation": [0.0, 0.2374, 0.4148, 0.5248, 0.4862, 0.3034, 0.1412, 0.0546, 0.016, 0.0036, 0.0004, 0.0, 0.0, 0.0, 0.0, 0.0, 0.0, 0.0, 0.0, 0.0, 0.0, 0.0, 0.0, 0.0, 0.0, 0.0, 0.0, 0.0, 0.0, 0.0, 0.0, 0.0, 0.0, 0.0, 0.0, 0.0, 0.0, 0.0, 0.0, 0.0, 0.0, 0.0, 0.0, 0.0, 0.0, 0.0, 0.0, 0.0, 0.0, 0.0, 0.0]}, "Proliferation AUC": 2.1824000000000003}, "ATM": {"Timesteps": {"Proliferation": [0.0, 0.219, 0.2602, 0.1416, 0.0284, 0.0, 0.0, 0.0, 0.0, 0.0, 0.0, 0.0, 0.0, 0.0, 0.0, 0.0, 0.0, 0.0, 0.0, 0.0, 0.0, 0.0, 0.0, 0.0, 0.0, 0.0, 0.0, 0.0, 0.0, 0.0, 0.0, 0.0, 0.0, 0.0, 0.0, 0.0, 0.0, 0.0, 0.0, 0.0, 0.0, 0.0, 0.0, 0.0, 0.0, 0.0, 0.0, 0.0, 0.0, 0.0, 0.0]}, "Proliferation AUC": 0.6492}, "AKT": {"Timesteps": {"Proliferation": [0.0, 0.305, 0.7034, 0.9356, 1.0, 1.0, 1.0, 1.0, 1.0, 1.0, 1.0, 1.0, 1.0, 1.0, 1.0, 1.0, 1.0, 1.0, 1.0, 1.0, 1.0, 1.0, 1.0, 1.0, 1.0, 1.0, 1.0, 1.0, 1.0, 1.0, 1.0, 1.0, 1.0, 1.0, 1.0, 1.0, 1.0, 1.0, 1.0, 1.0, 1.0, 1.0, 1.0, 1.0, 1.0, 1.0, 1.0, 1.0, 1.0, 1.0, 1.0]}, "Proliferation AUC": 48.944}, "XIAP": {"Timesteps": {"Proliferation": [0.0, 0.24, 0.4364, 0.5866, 0.5716, 0.3878, 0.2186, 0.0956, 0.0312, 0.008, 0.0014, 0.0002, 0.0, 0.0, 0.0, 0.0, 0.0, 0.0, 0.0, 0.0, 0.0, 0.0, 0.0, 0.0, 0.0, 0.0, 0.0, 0.0, 0.0, 0.0, 0.0, 0.0, 0.0, 0.0, 0.0, 0.0, 0.0, 0.0, 0.0, 0.0, 0.0, 0.0, 0.0, 0.0, 0.0, 0.0, 0.0, 0.0, 0.0, 0.0, 0.0]}, "Proliferation AUC": 2.5774}, "STAT3": {"Timesteps": {"Proliferation": [0.0, 0.2862, 0.539, 0.7098, 0.7106, 0.64, 0.6232, 0.6322, 0.6408, 0.6432, 0.6434, 0.6434, 0.6434, 0.6434, 0.6434, 0.6434, 0.6434, 0.6434, 0.6434, 0.6434, 0.6434, 0.6434, 0.6434, 0.6434, 0.6434, 0.6434, 0.6434, 0.6434, 0.6434, 0.6434, 0.6434, 0.6434, 0.6434, 0.6434, 0.6434, 0.6434, 0.6434, 0.6434, 0.6434, 0.6434, 0.6434, 0.6434, 0.6434, 0.6434, 0.6434, 0.6434, 0.6434, 0.6434, 0.6434, 0.6434, 0.6434]}, "Proliferation AUC": 31.80439999999999}, "BID": {"Timesteps": {"Proliferation": [0.0, 0.2302, 0.4334, 0.5786, 0.5656, 0.3888, 0.216, 0.098, 0.0352, 0.008, 0.001, 0.0, 0.0, 0.0, 0.0, 0.0, 0.0, 0.0, 0.0, 0.0, 0.0, 0.0, 0.0, 0.0, 0.0, 0.0, 0.0, 0.0, 0.0, 0.0, 0.0, 0.0, 0.0, 0.0, 0.0, 0.0, 0.0, 0.0, 0.0, 0.0, 0.0, 0.0, 0.0, 0.0, 0.0, 0.0, 0.0, 0.0, 0.0, 0.0, 0.0]}, "Proliferation AUC": 2.5547999999999997}, "RIP": {"Timesteps": {"Proliferation": [0.0, 0.2408, 0.447, 0.5888, 0.571, 0.401, 0.2318, 0.119, 0.049, 0.012, 0.0022, 0.0002, 0.0, 0.0, 0.0, 0.0, 0.0, 0.0, 0.0, 0.0, 0.0, 0.0, 0.0, 0.0, 0.0, 0.0, 0.0, 0.0, 0.0, 0.0, 0.0, 0.0, 0.0, 0.0, 0.0, 0.0, 0.0, 0.0, 0.0, 0.0, 0.0, 0.0, 0.0, 0.0, 0.0, 0.0, 0.0, 0.0, 0.0, 0.0, 0.0]}, "Proliferation AUC": 2.6627999999999994}, "MYC": {"Timesteps": {"Proliferation": [0.0, 0.488, 0.5208, 0.6502, 0.6568, 0.6088, 0.6028, 0.6094, 0.6168, 0.6206, 0.6214, 0.6214, 0.6214, 0.6214, 0.6214, 0.6214, 0.6214, 0.6214, 0.6214, 0.6214, 0.6214, 0.6214, 0.6214, 0.6214, 0.6214, 0.6214, 0.6214, 0.6214, 0.6214, 0.6214, 0.6214, 0.6214, 0.6214, 0.6214, 0.6214, 0.6214, 0.6214, 0.6214, 0.6214, 0.6214, 0.6214, 0.6214, 0.6214, 0.6214, 0.6214, 0.6214, 0.6214, 0.6214, 0.6214, 0.6214, 0.6214]}, "Proliferation AUC": 30.851600000000023}, "DUSP1": {"Timesteps": {"Proliferation": [0.0, 0.2382, 0.471, 0.6902, 0.725, 0.5308, 0.2924, 0.127, 0.0406, 0.0096, 0.0016, 0.0, 0.0, 0.0, 0.0, 0.0, 0.0, 0.0, 0.0, 0.0, 0.0, 0.0, 0.0, 0.0, 0.0, 0.0, 0.0, 0.0, 0.0, 0.0, 0.0, 0.0, 0.0, 0.0, 0.0, 0.0, 0.0, 0.0, 0.0, 0.0, 0.0, 0.0, 0.0, 0.0, 0.0, 0.0, 0.0, 0.0, 0.0, 0.0, 0.0]}, "Proliferation AUC": 3.1264}, "Bcl2": {"Timesteps": {"Proliferation": [0.0, 0.2442, 0.442, 0.575, 0.5628, 0.3912, 0.21, 0.0962, 0.031, 0.0064, 0.0006, 0.0, 0.0, 0.0, 0.0, 0.0, 0.0, 0.0, 0.0, 0.0, 0.0, 0.0, 0.0, 0.0, 0.0, 0.0, 0.0, 0.0, 0.0, 0.0, 0.0, 0.0, 0.0, 0.0, 0.0, 0.0, 0.0, 0.0, 0.0, 0.0, 0.0, 0.0, 0.0, 0.0, 0.0, 0.0, 0.0, 0.0, 0.0, 0.0, 0.0]}, "Proliferation AUC": 2.5594000000000006}, "TRAF2": {"Timesteps": {"Proliferation": [0.0, 0.2302, 0.4292, 0.592, 0.6052, 0.5188, 0.4554, 0.4208, 0.4136, 0.3998, 0.3896, 0.371, 0.3522, 0.349, 0.3486, 0.3386, 0.3326, 0.3274, 0.3326, 0.3298, 0.3214, 0.32, 0.317, 0.3166, 0.3246, 0.3126, 0.3078, 0.3134, 0.313, 0.313, 0.3212, 0.3196, 0.3094, 0.2944, 0.313, 0.318, 0.3094, 0.3096, 0.3062, 0.3152, 0.3158, 0.318, 0.32, 0.3126, 0.302, 0.3196, 0.32, 0.3212, 0.3078, 0.3054, 0.309]}, "Proliferation AUC": 17.263199999999998}, "TRAF6": {"Timesteps": {"Proliferation": [0.0, 0.2482, 0.4286, 0.5566, 0.5156, 0.3118, 0.148, 0.0602, 0.016, 0.0036, 0.0002, 0.0, 0.0, 0.0, 0.0, 0.0, 0.0, 0.0, 0.0, 0.0, 0.0, 0.0, 0.0, 0.0, 0.0, 0.0, 0.0, 0.0, 0.0, 0.0, 0.0, 0.0, 0.0, 0.0, 0.0, 0.0, 0.0, 0.0, 0.0, 0.0, 0.0, 0.0, 0.0, 0.0, 0.0, 0.0, 0.0, 0.0, 0.0, 0.0, 0.0]}, "Proliferation AUC": 2.2888}, "NFkB": {"Timesteps": {"Proliferation": [0.0, 0.2306, 0.42, 0.6154, 0.6904, 0.6666, 0.6486, 0.6784, 0.7196, 0.7482, 0.7814, 0.8018, 0.8104, 0.8162, 0.8176, 0.8154, 0.8232, 0.8304, 0.8262, 0.817, 0.8238, 0.8292, 0.8284, 0.8388, 0.8238, 0.8238, 0.825, 0.8272, 0.8242, 0.8268, 0.8268, 0.824, 0.8278, 0.823, 0.8242, 0.8242, 0.8254, 0.833, 0.83, 0.8338, 0.82, 0.8158, 0.8244, 0.8298, 0.8174, 0.8276, 0.8276, 0.8156, 0.8294, 0.8342, 0.8336]}, "Proliferation AUC": 39.17599999999999}, "Bax": {"Timesteps": {"Proliferation": [0.0, 0.234, 0.4326, 0.5664, 0.5528, 0.39, 0.21, 0.093, 0.0348, 0.0082, 0.0008, 0.0, 0.0, 0.0, 0.0, 0.0, 0.0, 0.0, 0.0, 0.0, 0.0, 0.0, 0.0, 0.0, 0.0, 0.0, 0.0, 0.0, 0.0, 0.0, 0.0, 0.0, 0.0, 0.0, 0.0, 0.0, 0.0, 0.0, 0.0, 0.0, 0.0, 0.0, 0.0, 0.0, 0.0, 0.0, 0.0, 0.0, 0.0, 0.0, 0.0]}, "Proliferation AUC": 2.5226}, "TNFR2": {"Timesteps": {"Proliferation": [0.0, 0.2418, 0.447, 0.5858, 0.5742, 0.4294, 0.321, 0.224, 0.1312, 0.06, 0.0198, 0.0028, 0.0, 0.0, 0.0, 0.0, 0.0, 0.0, 0.0, 0.0, 0.0, 0.0, 0.0, 0.0, 0.0, 0.0, 0.0, 0.0, 0.0, 0.0, 0.0, 0.0, 0.0, 0.0, 0.0, 0.0, 0.0, 0.0, 0.0, 0.0, 0.0, 0.0, 0.0, 0.0, 0.0, 0.0, 0.0, 0.0, 0.0, 0.0, 0.0]}, "Proliferation AUC": 3.037000000000001}, "TNFR1": {"Timesteps": {"Proliferation": [0.0, 0.2352, 0.4346, 0.579, 0.5736, 0.3938, 0.209, 0.0946, 0.032, 0.006, 0.0016, 0.0, 0.0, 0.0, 0.0, 0.0, 0.0, 0.0, 0.0, 0.0, 0.0, 0.0, 0.0, 0.0, 0.0, 0.0, 0.0, 0.0, 0.0, 0.0, 0.0, 0.0, 0.0, 0.0, 0.0, 0.0, 0.0, 0.0, 0.0, 0.0, 0.0, 0.0, 0.0, 0.0, 0.0, 0.0, 0.0, 0.0, 0.0, 0.0, 0.0]}, "Proliferation AUC": 2.5593999999999997}, "SMAD": {"Timesteps": {"Proliferation": [0.0, 0.0774, 0.0, 0.0, 0.0, 0.0, 0.0, 0.0, 0.0, 0.0, 0.0, 0.0, 0.0, 0.0, 0.0, 0.0, 0.0, 0.0, 0.0, 0.0, 0.0, 0.0, 0.0, 0.0, 0.0, 0.0, 0.0, 0.0, 0.0, 0.0, 0.0, 0.0, 0.0, 0.0, 0.0, 0.0, 0.0, 0.0, 0.0, 0.0, 0.0, 0.0, 0.0, 0.0, 0.0, 0.0, 0.0, 0.0, 0.0, 0.0, 0.0]}, "Proliferation AUC": 0.0774}, "BclxL": {"Timesteps": {"Proliferation": [0.0, 0.2334, 0.4514, 0.579, 0.5552, 0.3848, 0.2104, 0.089, 0.03, 0.0062, 0.001, 0.0, 0.0, 0.0, 0.0, 0.0, 0.0, 0.0, 0.0, 0.0, 0.0, 0.0, 0.0, 0.0, 0.0, 0.0, 0.0, 0.0, 0.0, 0.0, 0.0, 0.0, 0.0, 0.0, 0.0, 0.0, 0.0, 0.0, 0.0, 0.0, 0.0, 0.0, 0.0, 0.0, 0.0, 0.0, 0.0, 0.0, 0.0, 0.0, 0.0]}, "Proliferation AUC": 2.5403999999999995}, "p53": {"Timesteps": {"Proliferation": [0.0, 0.1534, 0.1118, 0.024, 0.0, 0.0, 0.0, 0.0, 0.0, 0.0, 0.0, 0.0, 0.0, 0.0, 0.0, 0.0, 0.0, 0.0, 0.0, 0.0, 0.0, 0.0, 0.0, 0.0, 0.0, 0.0, 0.0, 0.0, 0.0, 0.0, 0.0, 0.0, 0.0, 0.0, 0.0, 0.0, 0.0, 0.0, 0.0, 0.0, 0.0, 0.0, 0.0, 0.0, 0.0, 0.0, 0.0, 0.0, 0.0, 0.0, 0.0]}, "Proliferation AUC": 0.2892}, "Raf": {"Timesteps": {"Proliferation": [0.0, 0.244, 0.4248, 0.5902, 0.6396, 0.475, 0.2772, 0.1208, 0.0428, 0.0084, 0.0014, 0.0, 0.0, 0.0, 0.0, 0.0, 0.0, 0.0, 0.0, 0.0, 0.0, 0.0, 0.0, 0.0, 0.0, 0.0, 0.0, 0.0, 0.0, 0.0, 0.0, 0.0, 0.0, 0.0, 0.0, 0.0, 0.0, 0.0, 0.0, 0.0, 0.0, 0.0, 0.0, 0.0, 0.0, 0.0, 0.0, 0.0, 0.0, 0.0, 0.0]}, "Proliferation AUC": 2.8242}, "TGFBR": {"Timesteps": {"Proliferation": [0.0, 0.1848, 0.094, 0.0, 0.0, 0.0, 0.0, 0.0, 0.0, 0.0, 0.0, 0.0, 0.0, 0.0, 0.0, 0.0, 0.0, 0.0, 0.0, 0.0, 0.0, 0.0, 0.0, 0.0, 0.0, 0.0, 0.0, 0.0, 0.0, 0.0, 0.0, 0.0, 0.0, 0.0, 0.0, 0.0, 0.0, 0.0, 0.0, 0.0, 0.0, 0.0, 0.0, 0.0, 0.0, 0.0, 0.0, 0.0, 0.0, 0.0, 0.0]}, "Proliferation AUC": 0.2788},