{"TAK1": {"Timesteps": {"Proliferation": [0.0, 0.2092, 0.4036, 0.5436, 0.5036, 0.3204, 0.1464, 0.063, 0.0194, 0.0042, 0.0004, 0.0, 0.0, 0.0, 0.0, 0.0, 0.0, 0.0, 0.0, 0.0, 0.0, 0.0, 0.0, 0.0, 0.0, 0.0, 0.0, 0.0, 0.0, 0.0, 0.0, 0.0, 0.0, 0.0, 0.0, 0.0, 0.0, 0.0, 0.0, 0.0, 0.0, 0.0, 0.0, 0.0, 0.0, 0.0, 0.0, 0.0, 0.0, 0.0, 0.0]}, "Proliferation AUC": 2.2138000000000004}, "ATM": {"Timesteps": {"Proliferation": [0.0, 0.1906, 0.1972, 0.087, 0.019, 0.0, 0.0, 0.0, 0.0, 0.0, 0.0, 0.0, 0.0, 0.0, 0.0, 0.0, 0.0, 0.0, 0.0, 0.0, 0.0, 0.0, 0.0, 0.0, 0.0, 0.0, 0.0, 0.0, 0.0, 0.0, 0.0, 0.0, 0.0, 0.0, 0.0, 0.0, 0.0, 0.0, 0.0, 0.0, 0.0, 0.0, 0.0, 0.0, 0.0, 0.0, 0.0, 0.0, 0.0, 0.0, 0.0]}, "Proliferation AUC": 0.4938}, "AKT": {"Timesteps": {"Proliferation": [0.0, 0.3094, 0.708, 0.9366, 1.0, 1.0, 1.0, 1.0, 1.0, 1.0, 1.0, 1.0, 1.0, 1.0, 1.0, 1.0, 1.0, 1.0, 1.0, 1.0, 1.0, 1.0, 1.0, 1.0, 1.0, 1.0, 1.0, 1.0, 1.0, 1.0, 1.0, 1.0, 1.0, 1.0, 1.0, 1.0, 1.0, 1.0, 1.0, 1.0, 1.0, 1.0, 1.0, 1.0, 1.0, 1.0, 1.0, 1.0, 1.0, 1.0, 1.0]}, "Proliferation AUC": 48.954}, "XIAP": {"Timesteps": {"Proliferation": [0.0, 0.1986, 0.3966, 0.5802, 0.5784, 0.393, 0.2094, 0.0892, 0.0314, 0.0084, 0.0016, 0.0002, 0.0, 0.0, 0.0, 0.0, 0.0, 0.0, 0.0, 0.0, 0.0, 0.0, 0.0, 0.0, 0.0, 0.0, 0.0, 0.0, 0.0, 0.0, 0.0, 0.0, 0.0, 0.0, 0.0, 0.0, 0.0, 0.0, 0.0, 0.0, 0.0, 0.0, 0.0, 0.0, 0.0, 0.0, 0.0, 0.0, 0.0, 0.0, 0.0]}, "Proliferation AUC": 2.4869999999999997}, "STAT3": {"Timesteps": {"Proliferation": [0.0, 0.2438, 0.5036, 0.722, 0.725, 0.6406, 0.6136, 0.6258, 0.6354, 0.6378, 0.638, 0.638, 0.638, 0.638, 0.638, 0.638, 0.638, 0.638, 0.638, 0.638, 0.638, 0.638, 0.638, 0.638, 0.638, 0.638, 0.638, 0.638, 0.638, 0.638, 0.638, 0.638, 0.638, 0.638, 0.638, 0.638, 0.638, 0.638, 0.638, 0.638, 0.638, 0.638, 0.638, 0.638, 0.638, 0.638, 0.638, 0.638, 0.638, 0.638, 0.638]}, "Proliferation AUC": 31.50560000000004}, "BID": {"Timesteps": {"Proliferation": [0.0, 0.2044, 0.4026, 0.5758, 0.5616, 0.3848, 0.2052, 0.0892, 0.0312, 0.0074, 0.0014, 0.0, 0.0, 0.0, 0.0, 0.0, 0.0, 0.0, 0.0, 0.0, 0.0, 0.0, 0.0, 0.0, 0.0, 0.0, 0.0, 0.0, 0.0, 0.0, 0.0, 0.0, 0.0, 0.0, 0.0, 0.0, 0.0, 0.0, 0.0, 0.0, 0.0, 0.0, 0.0, 0.0, 0.0, 0.0, 0.0, 0.0, 0.0, 0.0, 0.0]}, "Proliferation AUC": 2.4635999999999996}, "RIP": {"Timesteps": {"Proliferation": [0.0, 0.2116, 0.4084, 0.584, 0.5806, 0.414, 0.2258, 0.112, 0.0398, 0.01, 0.0022, 0.0, 0.0, 0.0, 0.0, 0.0, 0.0, 0.0, 0.0, 0.0, 0.0, 0.0, 0.0, 0.0, 0.0, 0.0, 0.0, 0.0, 0.0, 0.0, 0.0, 0.0, 0.0, 0.0, 0.0, 0.0, 0.0, 0.0, 0.0, 0.0, 0.0, 0.0, 0.0, 0.0, 0.0, 0.0, 0.0, 0.0, 0.0, 0.0, 0.0]}, "Proliferation AUC": 2.5884}, "MYC": {"Timesteps": {"Proliferation": [0.0, 0.439, 0.481, 0.6616, 0.675, 0.622, 0.6038, 0.6116, 0.6208, 0.6242, 0.6246, 0.6246, 0.6246, 0.6246, 0.6246, 0.6246, 0.6246, 0.6246, 0.6246, 0.6246, 0.6246, 0.6246, 0.6246, 0.6246, 0.6246, 0.6246, 0.6246, 0.6246, 0.6246, 0.6246, 0.6246, 0.6246, 0.6246, 0.6246, 0.6246, 0.6246, 0.6246, 0.6246, 0.6246, 0.6246, 0.6246, 0.6246, 0.6246, 0.6246, 0.6246, 0.6246, 0.6246, 0.6246, 0.6246, 0.6246, 0.6246]}, "Proliferation AUC": 30.947600000000033}, "DUSP1": {"Timesteps": {"Proliferation": [0.0, 0.217, 0.4404, 0.6776, 0.7122, 0.5244, 0.2808, 0.1266, 0.0438, 0.0096, 0.0016, 0.0, 0.0, 0.0, 0.0, 0.0, 0.0, 0.0, 0.0, 0.0, 0.0, 0.0, 0.0, 0.0, 0.0, 0.0, 0.0, 0.0, 0.0, 0.0, 0.0, 0.0, 0.0, 0.0, 0.0, 0.0, 0.0, 0.0, 0.0, 0.0, 0.0, 0.0, 0.0, 0.0, 0.0, 0.0, 0.0, 0.0, 0.0, 0.0, 0.0]}, "Proliferation AUC": 3.034}, "Bcl2": {"Timesteps": {"Proliferation": [0.0, 0.2052, 0.42, 0.5864, 0.5676, 0.3904, 0.2172, 0.1002, 0.0352, 0.0054, 0.0006, 0.0002, 0.0, 0.0, 0.0, 0.0, 0.0, 0.0, 0.0, 0.0, 0.0, 0.0, 0.0, 0.0, 0.0, 0.0, 0.0, 0.0, 0.0, 0.0, 0.0, 0.0, 0.0, 0.0, 0.0, 0.0, 0.0, 0.0, 0.0, 0.0, 0.0, 0.0, 0.0, 0.0, 0.0, 0.0, 0.0, 0.0, 0.0, 0.0, 0.0]}, "Proliferation AUC": 2.5284}, "TRAF2": {"Timesteps": {"Proliferation": [0.0, 0.2116, 0.403, 0.5876, 0.6022, 0.5246, 0.4568, 0.4196, 0.4082, 0.4064, 0.3926, 0.369, 0.3502, 0.3412, 0.3466, 0.3302, 0.3372, 0.3336, 0.3358, 0.3286, 0.316, 0.322, 0.3212, 0.324, 0.3148, 0.3266, 0.3156, 0.3196, 0.3198, 0.3172, 0.3094, 0.3164, 0.3122, 0.3098, 0.3096, 0.3152, 0.3196, 0.3162, 0.319, 0.3202, 0.3194, 0.3154, 0.3124, 0.2972, 0.311, 0.3028, 0.307, 0.3044, 0.3044, 0.2966, 0.3028]}, "Proliferation AUC": 17.202800000000003}, "TRAF6": {"Timesteps": {"Proliferation": [0.0, 0.2082, 0.3972, 0.5638, 0.5116, 0.3204, 0.149, 0.0556, 0.016, 0.0026, 0.0002, 0.0, 0.0, 0.0, 0.0, 0.0, 0.0, 0.0, 0.0, 0.0, 0.0, 0.0, 0.0, 0.0, 0.0, 0.0, 0.0, 0.0, 0.0, 0.0, 0.0, 0.0, 0.0, 0.0, 0.0, 0.0, 0.0, 0.0, 0.0, 0.0, 0.0, 0.0, 0.0, 0.0, 0.0, 0.0, 0.0, 0.0, 0.0, 0.0, 0.0]}, "Proliferation AUC": 2.2246}, "NFkB": {"Timesteps": {"Proliferation": [0.0, 0.2066, 0.422, 0.6346, 0.6976, 0.668, 0.6474, 0.6808, 0.717, 0.75, 0.7736, 0.7896, 0.8032, 0.8046, 0.8162, 0.8112, 0.8174, 0.8164, 0.8196, 0.8336, 0.8328, 0.8194, 0.825, 0.8264, 0.824, 0.8318, 0.8318, 0.8232, 0.8248, 0.8186, 0.8252, 0.8262, 0.8262, 0.813, 0.8212, 0.8352, 0.8346, 0.8136, 0.8136, 0.822, 0.8262, 0.822, 0.8152, 0.8162, 0.835, 0.8246, 0.8288, 0.8254, 0.8204, 0.8206, 0.8248]}, "Proliferation AUC": 39.0572}, "Bax": {"Timesteps": {"Proliferation": [0.0, 0.2126, 0.4174, 0.578, 0.5698, 0.3934, 0.2122, 0.0984, 0.0368, 0.008, 0.0004, 0.0, 0.0, 0.0, 0.0, 0.0, 0.0, 0.0, 0.0, 0.0, 0.0, 0.0, 0.0, 0.0, 0.0, 0.0, 0.0, 0.0, 0.0, 0.0, 0.0, 0.0, 0.0, 0.0, 0.0, 0.0, 0.0, 0.0, 0.0, 0.0, 0.0, 0.0, 0.0, 0.0, 0.0, 0.0, 0.0, 0.0, 0.0, 0.0, 0.0]}, "Proliferation AUC": 2.527}, "TNFR2": {"Timesteps": {"Proliferation": [0.0, 0.2086, 0.3908, 0.5804, 0.5778, 0.4464, 0.32, 0.2174, 0.128, 0.0568, 0.0176, 0.0036, 0.0006, 0.0002, 0.0, 0.0, 0.0, 0.0, 0.0, 0.0, 0.0, 0.0, 0.0, 0.0, 0.0, 0.0, 0.0, 0.0, 0.0, 0.0, 0.0, 0.0, 0.0, 0.0, 0.0, 0.0, 0.0, 0.0, 0.0, 0.0, 0.0, 0.0, 0.0, 0.0, 0.0, 0.0, 0.0, 0.0, 0.0, 0.0, 0.0]}, "Proliferation AUC": 2.9482}, "TNFR1": {"Timesteps": {"Proliferation": [0.0, 0.2008, 0.395, 0.5806, 0.5734, 0.3908, 0.219, 0.1006, 0.0286, 0.0066, 0.001, 0.0, 0.0, 0.0, 0.0, 0.0, 0.0, 0.0, 0.0, 0.0, 0.0, 0.0, 0.0, 0.0, 0.0, 0.0, 0.0, 0.0, 0.0, 0.0, 0.0, 0.0, 0.0, 0.0, 0.0, 0.0, 0.0, 0.0, 0.0, 0.0, 0.0, 0.0, 0.0, 0.0, 0.0, 0.0, 0.0, 0.0, 0.0, 0.0, 0.0]}, "Proliferation AUC": 2.4964}, "SMAD": {"Timesteps": {"Proliferation": [0.0, 0.0804, 0.0, 0.0, 0.0, 0.0, 0.0, 0.0, 0.0, 0.0, 0.0, 0.0, 0.0, 0.0, 0.0, 0.0, 0.0, 0.0, 0.0, 0.0, 0.0, 0.0, 0.0, 0.0, 0.0, 0.0, 0.0, 0.0, 0.0, 0.0, 0.0, 0.0, 0.0, 0.0, 0.0, 0.0, 0.0, 0.0, 0.0, 0.0, 0.0, 0.0, 0.0, 0.0, 0.0, 0.0, 0.0, 0.0, 0.0, 0.0, 0.0]}, "Proliferation AUC": 0.0804}, "BclxL": {"Timesteps": {"Proliferation": [0.0, 0.2162, 0.412, 0.588, 0.5788, 0.397, 0.2126, 0.1016, 0.0376, 0.0088, 0.0008, 0.0, 0.0, 0.0, 0.0, 0.0, 0.0, 0.0, 0.0, 0.0, 0.0, 0.0, 0.0, 0.0, 0.0, 0.0, 0.0, 0.0, 0.0, 0.0, 0.0, 0.0, 0.0, 0.0, 0.0, 0.0, 0.0, 0.0, 0.0, 0.0, 0.0, 0.0, 0.0, 0.0, 0.0, 0.0, 0.0, 0.0, 0.0, 0.0, 0.0]}, "Proliferation AUC": 2.5534}, "p53": {"Timesteps": {"Proliferation": [0.0, 0.1644, 0.1236, 0.025, 0.0, 0.0, 0.0, 0.0, 0.0, 0.0, 0.0, 0.0, 0.0, 0.0, 0.0, 0.0, 0.0, 0.0, 0.0, 0.0, 0.0, 0.0, 0.0, 0.0, 0.0, 0.0, 0.0, 0.0, 0.0, 0.0, 0.0, 0.0, 0.0, 0.0, 0.0, 0.0, 0.0, 0.0, 0.0, 0.0, 0.0, 0.0, 0.0, 0.0, 0.0, 0.0, 0.0, 0.0, 0.0, 0.0, 0.0]}, "Proliferation AUC": 0.313}, "Raf": {"Timesteps": {"Proliferation": [0.0, 0.2084, 0.404, 0.602, 0.636, 0.4796, 0.2726, 0.131, 0.0428, 0.0078, 0.001, 0.0, 0.0, 0.0, 0.0, 0.0, 0.0, 0.0, 0.0, 0.0, 0.0, 0.0, 0.0, 0.0, 0.0, 0.0, 0.0, 0.0, 0.0, 0.0, 0.0, 0.0, 0.0, 0.0, 0.0, 0.0, 0.0, 0.0, 0.0, 0.0, 0.0, 0.0, 0.0, 0.0, 0.0, 0.0, 0.0, 0.0, 0.0, 0.0, 0.0]}, "Proliferation AUC": 2.7852}, "TGFBR": {"Timesteps": {"Proliferation": [0.0, 0.1602, 0.0716, 0.0, 0.0, 0.0, 0.0, 0.0, 0.0, 0.0, 0.0, 0.0, 0.0, 0.0, 0.0, 0.0, 0.0, 0.0, 0.0, 0.0, 0.0, 0.0, 0.0, 0.0, 0.0, 0.0, 0.0, 0.0, 0.0, 0.0, 0.0, 0.0, 0.0, 0.0, 0.0, 0.0, 0.0, 0.0, 0.0, 0.0, 0.0, 0.0, 0.0, 0.0, 0.0, 0.0, 0.0, 0.0, 0.0, 0.0, 0.0]}, "Proliferation AUC": 0.2318},