{"TAK1": {"Timesteps": {"Apoptosis": [0.0, 0.1496, 0.1236, 0.1264, 0.0724, 0.0846, 0.1386, 0.2278, 0.3224, 0.4128, 0.4624, 0.4876, 0.4962, 0.4994, 0.4998, 0.4998, 0.4998, 0.4998, 0.4998, 0.4998, 0.4998, 0.4998, 0.4998, 0.4998, 0.4998, 0.4998, 0.4998, 0.4998, 0.4998, 0.4998, 0.4998, 0.4998, 0.4998, 0.4998, 0.4998, 0.4998, 0.4998, 0.4998, 0.4998, 0.4998, 0.4998, 0.4998, 0.4998, 0.4998, 0.4998, 0.4998, 0.4998, 0.4998, 0.4998, 0.4998, 0.4998]}, "Apoptosis AUC": 22.096400000000017}, "ATM": {"Timesteps": {"Apoptosis": [0.0, 0.1422, 0.116, 0.143, 0.0906, 0.1078, 0.1712, 0.2592, 0.386, 0.5068, 0.5948, 0.6508, 0.6814, 0.6936, 0.6968, 0.6976, 0.6978, 0.6978, 0.6978, 0.6978, 0.6978, 0.6978, 0.6978, 0.6978, 0.6978, 0.6978, 0.6978, 0.6978, 0.6978, 0.6978, 0.6978, 0.6978, 0.6978, 0.6978, 0.6978, 0.6978, 0.6978, 0.6978, 0.6978, 0.6978, 0.6978, 0.6978, 0.6978, 0.6978, 0.6978, 0.6978, 0.6978, 0.6978, 0.6978, 0.6978, 0.6978]}, "Apoptosis AUC": 30.360800000000026}, "AKT": {"Timesteps": {"Apoptosis": [0.0, 0.1518, 0.1238, 0.146, 0.101, 0.1354, 0.2268, 0.3676, 0.524, 0.6554, 0.7394, 0.778, 0.789, 0.7932, 0.7936, 0.7938, 0.7938, 0.7938, 0.7938, 0.7938, 0.7938, 0.7938, 0.7938, 0.7938, 0.7938, 0.7938, 0.7938, 0.7938, 0.7938, 0.7938, 0.7938, 0.7938, 0.7938, 0.7938, 0.7938, 0.7938, 0.7938, 0.7938, 0.7938, 0.7938, 0.7938, 0.7938, 0.7938, 0.7938, 0.7938, 0.7938, 0.7938, 0.7938, 0.7938, 0.7938, 0.7938]}, "Apoptosis AUC": 34.9018}, "XIAP": {"Timesteps": {"Apoptosis": [0.0, 0.2128, 0.3982, 0.4906, 0.3758, 0.3586, 0.4444, 0.5362, 0.611, 0.666, 0.6928, 0.703, 0.707, 0.7074, 0.7076, 0.7076, 0.7076, 0.7076, 0.7076, 0.7076, 0.7076, 0.7076, 0.7076, 0.7076, 0.7076, 0.7076, 0.7076, 0.7076, 0.7076, 0.7076, 0.7076, 0.7076, 0.7076, 0.7076, 0.7076, 0.7076, 0.7076, 0.7076, 0.7076, 0.7076, 0.7076, 0.7076, 0.7076, 0.7076, 0.7076, 0.7076, 0.7076, 0.7076, 0.7076, 0.7076, 0.7076]}, "Apoptosis AUC": 33.08499999999998}, "STAT3": {"Timesteps": {"Apoptosis": [0.0, 0.1422, 0.1286, 0.1746, 0.1524, 0.1826, 0.2328, 0.2928, 0.3926, 0.5004, 0.5856, 0.6434, 0.6748, 0.6858, 0.689, 0.6902, 0.6904, 0.6904, 0.6904, 0.6904, 0.6904, 0.6904, 0.6904, 0.6904, 0.6904, 0.6904, 0.6904, 0.6904, 0.6904, 0.6904, 0.6904, 0.6904, 0.6904, 0.6904, 0.6904, 0.6904, 0.6904, 0.6904, 0.6904, 0.6904, 0.6904, 0.6904, 0.6904, 0.6904, 0.6904, 0.6904, 0.6904, 0.6904, 0.6904, 0.6904, 0.6904]}, "Apoptosis AUC": 30.331800000000012}, "BID": {"Timesteps": {"Apoptosis": [0.0, 0.1466, 0.1266, 0.134, 0.0652, 0.0374, 0.0172, 0.003, 0.0, 0.0, 0.0, 0.0, 0.0, 0.0, 0.0, 0.0, 0.0, 0.0, 0.0, 0.0, 0.0, 0.0, 0.0, 0.0, 0.0, 0.0, 0.0, 0.0, 0.0, 0.0, 0.0, 0.0, 0.0, 0.0, 0.0, 0.0, 0.0, 0.0, 0.0, 0.0, 0.0, 0.0, 0.0, 0.0, 0.0, 0.0, 0.0, 0.0, 0.0, 0.0, 0.0]}, "Apoptosis AUC": 0.53}, "RIP": {"Timesteps": {"Apoptosis": [0.0, 0.1474, 0.1318, 0.1522, 0.0966, 0.1114, 0.1814, 0.2734, 0.4068, 0.5286, 0.617, 0.6626, 0.6804, 0.691, 0.6944, 0.6948, 0.695, 0.695, 0.695, 0.695, 0.695, 0.695, 0.695, 0.695, 0.695, 0.695, 0.695, 0.695, 0.695, 0.695, 0.695, 0.695, 0.695, 0.695, 0.695, 0.695, 0.695, 0.695, 0.695, 0.695, 0.695, 0.695, 0.695, 0.695, 0.695, 0.695, 0.695, 0.695, 0.695, 0.695, 0.695]}, "Apoptosis AUC": 30.394800000000007}, "MYC": {"Timesteps": {"Apoptosis": [0.0, 0.147, 0.1216, 0.1402, 0.096, 0.1094, 0.1712, 0.2652, 0.3898, 0.511, 0.596, 0.647, 0.67, 0.6786, 0.6798, 0.6802, 0.6802, 0.6802, 0.6802, 0.6802, 0.6802, 0.6802, 0.6802, 0.6802, 0.6802, 0.6802, 0.6802, 0.6802, 0.6802, 0.6802, 0.6802, 0.6802, 0.6802, 0.6802, 0.6802, 0.6802, 0.6802, 0.6802, 0.6802, 0.6802, 0.6802, 0.6802, 0.6802, 0.6802, 0.6802, 0.6802, 0.6802, 0.6802, 0.6802, 0.6802, 0.6802]}, "Apoptosis AUC": 29.70999999999998}, "DUSP1": {"Timesteps": {"Apoptosis": [0.0, 0.1542, 0.1376, 0.1714, 0.1296, 0.159, 0.2374, 0.3552, 0.5344, 0.7014, 0.809, 0.8686, 0.8994, 0.912, 0.9148, 0.9154, 0.9156, 0.9156, 0.9156, 0.9156, 0.9156, 0.9156, 0.9156, 0.9156, 0.9156, 0.9156, 0.9156, 0.9156, 0.9156, 0.9156, 0.9156, 0.9156, 0.9156, 0.9156, 0.9156, 0.9156, 0.9156, 0.9156, 0.9156, 0.9156, 0.9156, 0.9156, 0.9156, 0.9156, 0.9156, 0.9156, 0.9156, 0.9156, 0.9156, 0.9156, 0.9156]}, "Apoptosis AUC": 39.9454}, "Bcl2": {"Timesteps": {"Apoptosis": [0.0, 0.1532, 0.1396, 0.186, 0.1332, 0.1438, 0.2134, 0.3194, 0.448, 0.5562, 0.632, 0.6748, 0.6968, 0.7056, 0.7084, 0.7086, 0.7086, 0.7086, 0.7086, 0.7086, 0.7086, 0.7086, 0.7086, 0.7086, 0.7086, 0.7086, 0.7086, 0.7086, 0.7086, 0.7086, 0.7086, 0.7086, 0.7086, 0.7086, 0.7086, 0.7086, 0.7086, 0.7086, 0.7086, 0.7086, 0.7086, 0.7086, 0.7086, 0.7086, 0.7086, 0.7086, 0.7086, 0.7086, 0.7086, 0.7086, 0.7086]}, "Apoptosis AUC": 31.220000000000017}, "TRAF2": {"Timesteps": {"Apoptosis": [0.0, 0.1502, 0.1242, 0.1484, 0.106, 0.1308, 0.2068, 0.2992, 0.425, 0.5446, 0.6168, 0.6612, 0.6848, 0.6936, 0.6972, 0.6978, 0.6978, 0.6978, 0.6978, 0.6978, 0.6978, 0.6978, 0.6978, 0.6978, 0.6978, 0.6978, 0.6978, 0.6978, 0.6978, 0.6978, 0.6978, 0.6978, 0.6978, 0.6978, 0.6978, 0.6978, 0.6978, 0.6978, 0.6978, 0.6978, 0.6978, 0.6978, 0.6978, 0.6978, 0.6978, 0.6978, 0.6978, 0.6978, 0.6978, 0.6978, 0.6978]}, "Apoptosis AUC": 30.609600000000025}, "TRAF6": {"Timesteps": {"Apoptosis": [0.0, 0.1456, 0.1272, 0.1424, 0.0806, 0.0882, 0.1462, 0.2414, 0.357, 0.4652, 0.5316, 0.56, 0.5678, 0.5698, 0.57, 0.5704, 0.5704, 0.5704, 0.5704, 0.5704, 0.5704, 0.5704, 0.5704, 0.5704, 0.5704, 0.5704, 0.5704, 0.5704, 0.5704, 0.5704, 0.5704, 0.5704, 0.5704, 0.5704, 0.5704, 0.5704, 0.5704, 0.5704, 0.5704, 0.5704, 0.5704, 0.5704, 0.5704, 0.5704, 0.5704, 0.5704, 0.5704, 0.5704, 0.5704, 0.5704, 0.5704]}, "Apoptosis AUC": 25.127399999999984}, "NFkB": {"Timesteps": {"Apoptosis": [0.0, 0.1562, 0.1298, 0.1748, 0.157, 0.2166, 0.3038, 0.3928, 0.4872, 0.5788, 0.6434, 0.6858, 0.705, 0.712, 0.714, 0.7144, 0.7144, 0.7144, 0.7144, 0.7144, 0.7144, 0.7144, 0.7144, 0.7144, 0.7144, 0.7144, 0.7144, 0.7144, 0.7144, 0.7144, 0.7144, 0.7144, 0.7144, 0.7144, 0.7144, 0.7144, 0.7144, 0.7144, 0.7144, 0.7144, 0.7144, 0.7144, 0.7144, 0.7144, 0.7144, 0.7144, 0.7144, 0.7144, 0.7144, 0.7144, 0.7144]}, "Apoptosis AUC": 31.775600000000022}, "Bax": {"Timesteps": {"Apoptosis": [0.0, 0.142, 0.0618, 0.0306, 0.0, 0.0, 0.0, 0.0, 0.0, 0.0, 0.0, 0.0, 0.0, 0.0, 0.0, 0.0, 0.0, 0.0, 0.0, 0.0, 0.0, 0.0, 0.0, 0.0, 0.0, 0.0, 0.0, 0.0, 0.0, 0.0, 0.0, 0.0, 0.0, 0.0, 0.0, 0.0, 0.0, 0.0, 0.0, 0.0, 0.0, 0.0, 0.0, 0.0, 0.0, 0.0, 0.0, 0.0, 0.0, 0.0, 0.0]}, "Apoptosis AUC": 0.23439999999999997}, "TNFR2": {"Timesteps": {"Apoptosis": [0.0, 0.1514, 0.1304, 0.1482, 0.0974, 0.1226, 0.189, 0.277, 0.4076, 0.53, 0.6146, 0.6628, 0.6866, 0.6954, 0.6984, 0.699, 0.6992, 0.6992, 0.6992, 0.6992, 0.6992, 0.6992, 0.6992, 0.6992, 0.6992, 0.6992, 0.6992, 0.6992, 0.6992, 0.6992, 0.6992, 0.6992, 0.6992, 0.6992, 0.6992, 0.6992, 0.6992, 0.6992, 0.6992, 0.6992, 0.6992, 0.6992, 0.6992, 0.6992, 0.6992, 0.6992, 0.6992, 0.6992, 0.6992, 0.6992, 0.6992]}, "Apoptosis AUC": 30.582400000000018}, "TNFR1": {"Timesteps": {"Apoptosis": [0.0, 0.1506, 0.13, 0.1502, 0.096, 0.1204, 0.183, 0.2754, 0.4068, 0.528, 0.6176, 0.6636, 0.6942, 0.7046, 0.7082, 0.709, 0.709, 0.709, 0.709, 0.709, 0.709, 0.709, 0.709, 0.709, 0.709, 0.709, 0.709, 0.709, 0.709, 0.709, 0.709, 0.709, 0.709, 0.709, 0.709, 0.709, 0.709, 0.709, 0.709, 0.709, 0.709, 0.709, 0.709, 0.709, 0.709, 0.709, 0.709, 0.709, 0.709, 0.709, 0.709]}, "Apoptosis AUC": 30.95259999999999}, "SMAD": {"Timesteps": {"Apoptosis": [0.0, 0.1428, 0.126, 0.134, 0.0716, 0.0828, 0.1492, 0.259, 0.3836, 0.4988, 0.5728, 0.6086, 0.6204, 0.626, 0.6276, 0.6276, 0.6276, 0.6276, 0.6276, 0.6276, 0.6276, 0.6276, 0.6276, 0.6276, 0.6276, 0.6276, 0.6276, 0.6276, 0.6276, 0.6276, 0.6276, 0.6276, 0.6276, 0.6276, 0.6276, 0.6276, 0.6276, 0.6276, 0.6276, 0.6276, 0.6276, 0.6276, 0.6276, 0.6276, 0.6276, 0.6276, 0.6276, 0.6276, 0.6276, 0.6276, 0.6276]}, "Apoptosis AUC": 27.49680000000001},