{"TAK1": {"Timesteps": {"Apoptosis": [0.0, 0.1484, 0.1218, 0.1234, 0.0682, 0.077, 0.1234, 0.2056, 0.3006, 0.3836, 0.4396, 0.46, 0.4692, 0.4718, 0.4718, 0.472, 0.472, 0.472, 0.472, 0.472, 0.472, 0.472, 0.472, 0.472, 0.472, 0.472, 0.472, 0.472, 0.472, 0.472, 0.472, 0.472, 0.472, 0.472, 0.472, 0.472, 0.472, 0.472, 0.472, 0.472, 0.472, 0.472, 0.472, 0.472, 0.472, 0.472, 0.472, 0.472, 0.472, 0.472, 0.472]}, "Apoptosis AUC": 20.8564}, "ATM": {"Timesteps": {"Apoptosis": [0.0, 0.1528, 0.1308, 0.1484, 0.0894, 0.1024, 0.1592, 0.2574, 0.3746, 0.4846, 0.5626, 0.615, 0.6366, 0.6484, 0.6518, 0.6524, 0.6526, 0.6526, 0.6526, 0.6526, 0.6526, 0.6526, 0.6526, 0.6526, 0.6526, 0.6526, 0.6526, 0.6526, 0.6526, 0.6526, 0.6526, 0.6526, 0.6526, 0.6526, 0.6526, 0.6526, 0.6526, 0.6526, 0.6526, 0.6526, 0.6526, 0.6526, 0.6526, 0.6526, 0.6526, 0.6526, 0.6526, 0.6526, 0.6526, 0.6526, 0.6526]}, "Apoptosis AUC": 28.50739999999999}, "AKT": {"Timesteps": {"Apoptosis": [0.0, 0.1412, 0.1302, 0.1538, 0.1004, 0.13, 0.2188, 0.3496, 0.5004, 0.636, 0.7244, 0.7568, 0.7678, 0.7712, 0.7718, 0.7718, 0.7718, 0.7718, 0.7718, 0.7718, 0.7718, 0.7718, 0.7718, 0.7718, 0.7718, 0.7718, 0.7718, 0.7718, 0.7718, 0.7718, 0.7718, 0.7718, 0.7718, 0.7718, 0.7718, 0.7718, 0.7718, 0.7718, 0.7718, 0.7718, 0.7718, 0.7718, 0.7718, 0.7718, 0.7718, 0.7718, 0.7718, 0.7718, 0.7718, 0.7718, 0.7718]}, "Apoptosis AUC": 33.93719999999998}, "XIAP": {"Timesteps": {"Apoptosis": [0.0, 0.2086, 0.4086, 0.4954, 0.3736, 0.3524, 0.4176, 0.5134, 0.5862, 0.6346, 0.6644, 0.6722, 0.675, 0.675, 0.675, 0.675, 0.675, 0.675, 0.675, 0.675, 0.675, 0.675, 0.675, 0.675, 0.675, 0.675, 0.675, 0.675, 0.675, 0.675, 0.675, 0.675, 0.675, 0.675, 0.675, 0.675, 0.675, 0.675, 0.675, 0.675, 0.675, 0.675, 0.675, 0.675, 0.675, 0.675, 0.675, 0.675, 0.675, 0.675, 0.675]}, "Apoptosis AUC": 31.652000000000022}, "STAT3": {"Timesteps": {"Apoptosis": [0.0, 0.1536, 0.1406, 0.1748, 0.1396, 0.158, 0.2014, 0.2702, 0.3628, 0.4724, 0.5576, 0.6122, 0.6396, 0.6524, 0.6548, 0.656, 0.656, 0.656, 0.656, 0.656, 0.656, 0.656, 0.656, 0.656, 0.656, 0.656, 0.656, 0.656, 0.656, 0.656, 0.656, 0.656, 0.656, 0.656, 0.656, 0.656, 0.656, 0.656, 0.656, 0.656, 0.656, 0.656, 0.656, 0.656, 0.656, 0.656, 0.656, 0.656, 0.656, 0.656, 0.656]}, "Apoptosis AUC": 28.805999999999983}, "BID": {"Timesteps": {"Apoptosis": [0.0, 0.1564, 0.1328, 0.1248, 0.048, 0.0226, 0.0092, 0.0012, 0.0, 0.0, 0.0, 0.0, 0.0, 0.0, 0.0, 0.0, 0.0, 0.0, 0.0, 0.0, 0.0, 0.0, 0.0, 0.0, 0.0, 0.0, 0.0, 0.0, 0.0, 0.0, 0.0, 0.0, 0.0, 0.0, 0.0, 0.0, 0.0, 0.0, 0.0, 0.0, 0.0, 0.0, 0.0, 0.0, 0.0, 0.0, 0.0, 0.0, 0.0, 0.0, 0.0]}, "Apoptosis AUC": 0.495}, "RIP": {"Timesteps": {"Apoptosis": [0.0, 0.1454, 0.1234, 0.1438, 0.0882, 0.113, 0.1868, 0.2654, 0.3862, 0.5034, 0.593, 0.6334, 0.6574, 0.6646, 0.6666, 0.6668, 0.6668, 0.6668, 0.6668, 0.6668, 0.6668, 0.6668, 0.6668, 0.6668, 0.6668, 0.6668, 0.6668, 0.6668, 0.6668, 0.6668, 0.6668, 0.6668, 0.6668, 0.6668, 0.6668, 0.6668, 0.6668, 0.6668, 0.6668, 0.6668, 0.6668, 0.6668, 0.6668, 0.6668, 0.6668, 0.6668, 0.6668, 0.6668, 0.6668, 0.6668, 0.6668]}, "Apoptosis AUC": 29.175399999999975}, "MYC": {"Timesteps": {"Apoptosis": [0.0, 0.1518, 0.1242, 0.1384, 0.0866, 0.1082, 0.1648, 0.2554, 0.3742, 0.4938, 0.5802, 0.6226, 0.644, 0.6508, 0.6522, 0.6528, 0.6528, 0.6528, 0.6528, 0.6528, 0.6528, 0.6528, 0.6528, 0.6528, 0.6528, 0.6528, 0.6528, 0.6528, 0.6528, 0.6528, 0.6528, 0.6528, 0.6528, 0.6528, 0.6528, 0.6528, 0.6528, 0.6528, 0.6528, 0.6528, 0.6528, 0.6528, 0.6528, 0.6528, 0.6528, 0.6528, 0.6528, 0.6528, 0.6528, 0.6528, 0.6528]}, "Apoptosis AUC": 28.547999999999973}, "DUSP1": {"Timesteps": {"Apoptosis": [0.0, 0.1506, 0.1388, 0.1696, 0.1102, 0.1386, 0.225, 0.3456, 0.5212, 0.6776, 0.7914, 0.8542, 0.884, 0.8922, 0.8952, 0.8966, 0.8968, 0.8968, 0.8968, 0.8968, 0.8968, 0.8968, 0.8968, 0.8968, 0.8968, 0.8968, 0.8968, 0.8968, 0.8968, 0.8968, 0.8968, 0.8968, 0.8968, 0.8968, 0.8968, 0.8968, 0.8968, 0.8968, 0.8968, 0.8968, 0.8968, 0.8968, 0.8968, 0.8968, 0.8968, 0.8968, 0.8968, 0.8968, 0.8968, 0.8968, 0.8968]}, "Apoptosis AUC": 39.07879999999998}, "Bcl2": {"Timesteps": {"Apoptosis": [0.0, 0.149, 0.1334, 0.1804, 0.1236, 0.1308, 0.1938, 0.2908, 0.411, 0.5238, 0.5986, 0.6392, 0.6634, 0.67, 0.6724, 0.6732, 0.6734, 0.6734, 0.6734, 0.6734, 0.6734, 0.6734, 0.6734, 0.6734, 0.6734, 0.6734, 0.6734, 0.6734, 0.6734, 0.6734, 0.6734, 0.6734, 0.6734, 0.6734, 0.6734, 0.6734, 0.6734, 0.6734, 0.6734, 0.6734, 0.6734, 0.6734, 0.6734, 0.6734, 0.6734, 0.6734, 0.6734, 0.6734, 0.6734, 0.6734, 0.6734]}, "Apoptosis AUC": 29.622400000000027}, "TRAF2": {"Timesteps": {"Apoptosis": [0.0, 0.1508, 0.1186, 0.1298, 0.0878, 0.124, 0.1902, 0.2828, 0.4126, 0.53, 0.5982, 0.6364, 0.6532, 0.6586, 0.6616, 0.6624, 0.6624, 0.6624, 0.6624, 0.6624, 0.6624, 0.6624, 0.6624, 0.6624, 0.6624, 0.6624, 0.6624, 0.6624, 0.6624, 0.6624, 0.6624, 0.6624, 0.6624, 0.6624, 0.6624, 0.6624, 0.6624, 0.6624, 0.6624, 0.6624, 0.6624, 0.6624, 0.6624, 0.6624, 0.6624, 0.6624, 0.6624, 0.6624, 0.6624, 0.6624, 0.6624]}, "Apoptosis AUC": 29.08100000000003}, "TRAF6": {"Timesteps": {"Apoptosis": [0.0, 0.151, 0.1344, 0.1428, 0.0826, 0.0886, 0.142, 0.2296, 0.336, 0.4394, 0.5016, 0.5284, 0.5394, 0.5406, 0.541, 0.541, 0.5412, 0.5412, 0.5412, 0.5412, 0.5412, 0.5412, 0.5412, 0.5412, 0.5412, 0.5412, 0.5412, 0.5412, 0.5412, 0.5412, 0.5412, 0.5412, 0.5412, 0.5412, 0.5412, 0.5412, 0.5412, 0.5412, 0.5412, 0.5412, 0.5412, 0.5412, 0.5412, 0.5412, 0.5412, 0.5412, 0.5412, 0.5412, 0.5412, 0.5412, 0.5412]}, "Apoptosis AUC": 23.880399999999998}, "NFkB": {"Timesteps": {"Apoptosis": [0.0, 0.1506, 0.1368, 0.1616, 0.1376, 0.1944, 0.2832, 0.381, 0.4728, 0.552, 0.6124, 0.6474, 0.6642, 0.6702, 0.6726, 0.6736, 0.6738, 0.6738, 0.6738, 0.6738, 0.6738, 0.6738, 0.6738, 0.6738, 0.6738, 0.6738, 0.6738, 0.6738, 0.6738, 0.6738, 0.6738, 0.6738, 0.6738, 0.6738, 0.6738, 0.6738, 0.6738, 0.6738, 0.6738, 0.6738, 0.6738, 0.6738, 0.6738, 0.6738, 0.6738, 0.6738, 0.6738, 0.6738, 0.6738, 0.6738, 0.6738]}, "Apoptosis AUC": 29.9934}, "Bax": {"Timesteps": {"Apoptosis": [0.0, 0.1432, 0.0594, 0.0292, 0.0, 0.0, 0.0, 0.0, 0.0, 0.0, 0.0, 0.0, 0.0, 0.0, 0.0, 0.0, 0.0, 0.0, 0.0, 0.0, 0.0, 0.0, 0.0, 0.0, 0.0, 0.0, 0.0, 0.0, 0.0, 0.0, 0.0, 0.0, 0.0, 0.0, 0.0, 0.0, 0.0, 0.0, 0.0, 0.0, 0.0, 0.0, 0.0, 0.0, 0.0, 0.0, 0.0, 0.0, 0.0, 0.0, 0.0]}, "Apoptosis AUC": 0.2318}, "TNFR2": {"Timesteps": {"Apoptosis": [0.0, 0.1476, 0.1244, 0.1464, 0.0878, 0.1108, 0.1778, 0.273, 0.3972, 0.5116, 0.5932, 0.6368, 0.6584, 0.6668, 0.6702, 0.6708, 0.6708, 0.6708, 0.6708, 0.6708, 0.6708, 0.6708, 0.6708, 0.6708, 0.6708, 0.6708, 0.6708, 0.6708, 0.6708, 0.6708, 0.6708, 0.6708, 0.6708, 0.6708, 0.6708, 0.6708, 0.6708, 0.6708, 0.6708, 0.6708, 0.6708, 0.6708, 0.6708, 0.6708, 0.6708, 0.6708, 0.6708, 0.6708, 0.6708, 0.6708, 0.6708]}, "Apoptosis AUC": 29.350799999999996}, "TNFR1": {"Timesteps": {"Apoptosis": [0.0, 0.139, 0.1338, 0.1416, 0.088, 0.11, 0.1788, 0.2746, 0.3876, 0.503, 0.5914, 0.6368, 0.6588, 0.6692, 0.6722, 0.6732, 0.6732, 0.6732, 0.6732, 0.6732, 0.6732, 0.6732, 0.6732, 0.6732, 0.6732, 0.6732, 0.6732, 0.6732, 0.6732, 0.6732, 0.6732, 0.6732, 0.6732, 0.6732, 0.6732, 0.6732, 0.6732, 0.6732, 0.6732, 0.6732, 0.6732, 0.6732, 0.6732, 0.6732, 0.6732, 0.6732, 0.6732, 0.6732, 0.6732, 0.6732, 0.6732]}, "Apoptosis AUC": 29.42000000000002}, "SMAD": {"Timesteps": {"Apoptosis": [0.0, 0.1466, 0.1238, 0.1242, 0.0706, 0.0858, 0.1504, 0.2494, 0.3658, 0.4762, 0.549, 0.5914, 0.61, 0.6164, 0.6176, 0.6176, 0.6178, 0.6178, 0.6178, 0.6178, 0.6178, 0.6178, 0.6178, 0.6178, 0.6178, 0.6178, 0.6178, 0.6178, 0.6178, 0.6178, 0.6178, 0.6178, 0.6178, 0.6178, 0.6178, 0.6178, 0.6178, 0.6178, 0.6178, 0.6178, 0.6178, 0.6178, 0.6178, 0.6178, 0.6178, 0.6178, 0.6178, 0.6178, 0.6178, 0.6178, 0.6178]}, "Apoptosis AUC": 27.017799999999994},