{"TAK1": {"Timesteps": {"Apoptosis": [0.0, 0.1528, 0.125, 0.133, 0.0718, 0.0794, 0.1416, 0.2332, 0.3288, 0.4066, 0.4612, 0.486, 0.494, 0.4958, 0.4958, 0.4958, 0.4958, 0.4958, 0.4958, 0.4958, 0.4958, 0.4958, 0.4958, 0.4958, 0.4958, 0.4958, 0.4958, 0.4958, 0.4958, 0.4958, 0.4958, 0.4958, 0.4958, 0.4958, 0.4958, 0.4958, 0.4958, 0.4958, 0.4958, 0.4958, 0.4958, 0.4958, 0.4958, 0.4958, 0.4958, 0.4958, 0.4958, 0.4958, 0.4958, 0.4958, 0.4958]}, "Apoptosis AUC": 21.953799999999976}, "ATM": {"Timesteps": {"Apoptosis": [0.0, 0.1558, 0.1278, 0.1356, 0.089, 0.1094, 0.1706, 0.2684, 0.3822, 0.4966, 0.5824, 0.6328, 0.6574, 0.6686, 0.6712, 0.6712, 0.6712, 0.6712, 0.6712, 0.6712, 0.6712, 0.6712, 0.6712, 0.6712, 0.6712, 0.6712, 0.6712, 0.6712, 0.6712, 0.6712, 0.6712, 0.6712, 0.6712, 0.6712, 0.6712, 0.6712, 0.6712, 0.6712, 0.6712, 0.6712, 0.6712, 0.6712, 0.6712, 0.6712, 0.6712, 0.6712, 0.6712, 0.6712, 0.6712, 0.6712, 0.6712]}, "Apoptosis AUC": 29.310999999999986}, "AKT": {"Timesteps": {"Apoptosis": [0.0, 0.1444, 0.1206, 0.1378, 0.0894, 0.1232, 0.2122, 0.3534, 0.5096, 0.6348, 0.7158, 0.7494, 0.7578, 0.7606, 0.761, 0.7612, 0.7612, 0.7612, 0.7612, 0.7612, 0.7612, 0.7612, 0.7612, 0.7612, 0.7612, 0.7612, 0.7612, 0.7612, 0.7612, 0.7612, 0.7612, 0.7612, 0.7612, 0.7612, 0.7612, 0.7612, 0.7612, 0.7612, 0.7612, 0.7612, 0.7612, 0.7612, 0.7612, 0.7612, 0.7612, 0.7612, 0.7612, 0.7612, 0.7612, 0.7612, 0.7612]}, "Apoptosis AUC": 33.473199999999984}, "XIAP": {"Timesteps": {"Apoptosis": [0.0, 0.2188, 0.3916, 0.4788, 0.3768, 0.367, 0.4514, 0.5316, 0.5916, 0.6484, 0.68, 0.6896, 0.6934, 0.6936, 0.6936, 0.6936, 0.6936, 0.6936, 0.6936, 0.6936, 0.6936, 0.6936, 0.6936, 0.6936, 0.6936, 0.6936, 0.6936, 0.6936, 0.6936, 0.6936, 0.6936, 0.6936, 0.6936, 0.6936, 0.6936, 0.6936, 0.6936, 0.6936, 0.6936, 0.6936, 0.6936, 0.6936, 0.6936, 0.6936, 0.6936, 0.6936, 0.6936, 0.6936, 0.6936, 0.6936, 0.6936]}, "Apoptosis AUC": 32.4758}, "STAT3": {"Timesteps": {"Apoptosis": [0.0, 0.1492, 0.1336, 0.1762, 0.1396, 0.1678, 0.2198, 0.2828, 0.3814, 0.4934, 0.5802, 0.6366, 0.6642, 0.6734, 0.677, 0.6776, 0.6776, 0.6776, 0.6776, 0.6776, 0.6776, 0.6776, 0.6776, 0.6776, 0.6776, 0.6776, 0.6776, 0.6776, 0.6776, 0.6776, 0.6776, 0.6776, 0.6776, 0.6776, 0.6776, 0.6776, 0.6776, 0.6776, 0.6776, 0.6776, 0.6776, 0.6776, 0.6776, 0.6776, 0.6776, 0.6776, 0.6776, 0.6776, 0.6776, 0.6776, 0.6776]}, "Apoptosis AUC": 29.768799999999963}, "BID": {"Timesteps": {"Apoptosis": [0.0, 0.1488, 0.1248, 0.1344, 0.0536, 0.0238, 0.0076, 0.0022, 0.0, 0.0, 0.0, 0.0, 0.0, 0.0, 0.0, 0.0, 0.0, 0.0, 0.0, 0.0, 0.0, 0.0, 0.0, 0.0, 0.0, 0.0, 0.0, 0.0, 0.0, 0.0, 0.0, 0.0, 0.0, 0.0, 0.0, 0.0, 0.0, 0.0, 0.0, 0.0, 0.0, 0.0, 0.0, 0.0, 0.0, 0.0, 0.0, 0.0, 0.0, 0.0, 0.0]}, "Apoptosis AUC": 0.49519999999999986}, "RIP": {"Timesteps": {"Apoptosis": [0.0, 0.1426, 0.1374, 0.144, 0.0818, 0.1038, 0.1752, 0.2852, 0.4134, 0.536, 0.6162, 0.6572, 0.6766, 0.6842, 0.6864, 0.6872, 0.6872, 0.6872, 0.6872, 0.6872, 0.6872, 0.6872, 0.6872, 0.6872, 0.6872, 0.6872, 0.6872, 0.6872, 0.6872, 0.6872, 0.6872, 0.6872, 0.6872, 0.6872, 0.6872, 0.6872, 0.6872, 0.6872, 0.6872, 0.6872, 0.6872, 0.6872, 0.6872, 0.6872, 0.6872, 0.6872, 0.6872, 0.6872, 0.6872, 0.6872, 0.6872]}, "Apoptosis AUC": 30.07920000000002}, "MYC": {"Timesteps": {"Apoptosis": [0.0, 0.1452, 0.1306, 0.1344, 0.0836, 0.0978, 0.1638, 0.2564, 0.3788, 0.5022, 0.5838, 0.6314, 0.6508, 0.6562, 0.6582, 0.6588, 0.6588, 0.6588, 0.6588, 0.6588, 0.6588, 0.6588, 0.6588, 0.6588, 0.6588, 0.6588, 0.6588, 0.6588, 0.6588, 0.6588, 0.6588, 0.6588, 0.6588, 0.6588, 0.6588, 0.6588, 0.6588, 0.6588, 0.6588, 0.6588, 0.6588, 0.6588, 0.6588, 0.6588, 0.6588, 0.6588, 0.6588, 0.6588, 0.6588, 0.6588, 0.6588]}, "Apoptosis AUC": 28.78999999999998}, "DUSP1": {"Timesteps": {"Apoptosis": [0.0, 0.1524, 0.1372, 0.1622, 0.1126, 0.1398, 0.2164, 0.3604, 0.535, 0.7002, 0.8082, 0.8636, 0.8914, 0.9002, 0.9036, 0.9038, 0.9038, 0.9038, 0.9038, 0.9038, 0.9038, 0.9038, 0.9038, 0.9038, 0.9038, 0.9038, 0.9038, 0.9038, 0.9038, 0.9038, 0.9038, 0.9038, 0.9038, 0.9038, 0.9038, 0.9038, 0.9038, 0.9038, 0.9038, 0.9038, 0.9038, 0.9038, 0.9038, 0.9038, 0.9038, 0.9038, 0.9038, 0.9038, 0.9038, 0.9038, 0.9038]}, "Apoptosis AUC": 39.41999999999998}, "Bcl2": {"Timesteps": {"Apoptosis": [0.0, 0.1456, 0.1398, 0.1808, 0.1196, 0.1336, 0.1948, 0.3056, 0.4264, 0.541, 0.6162, 0.6598, 0.6788, 0.6854, 0.6876, 0.6884, 0.6888, 0.6888, 0.6888, 0.6888, 0.6888, 0.6888, 0.6888, 0.6888, 0.6888, 0.6888, 0.6888, 0.6888, 0.6888, 0.6888, 0.6888, 0.6888, 0.6888, 0.6888, 0.6888, 0.6888, 0.6888, 0.6888, 0.6888, 0.6888, 0.6888, 0.6888, 0.6888, 0.6888, 0.6888, 0.6888, 0.6888, 0.6888, 0.6888, 0.6888, 0.6888]}, "Apoptosis AUC": 30.311400000000017}, "TRAF2": {"Timesteps": {"Apoptosis": [0.0, 0.1478, 0.1162, 0.1396, 0.0908, 0.1166, 0.1924, 0.2982, 0.4252, 0.5402, 0.6068, 0.6396, 0.6582, 0.663, 0.6652, 0.6664, 0.6666, 0.6666, 0.6666, 0.6666, 0.6666, 0.6666, 0.6666, 0.6666, 0.6666, 0.6666, 0.6666, 0.6666, 0.6666, 0.6666, 0.6666, 0.6666, 0.6666, 0.6666, 0.6666, 0.6666, 0.6666, 0.6666, 0.6666, 0.6666, 0.6666, 0.6666, 0.6666, 0.6666, 0.6666, 0.6666, 0.6666, 0.6666, 0.6666, 0.6666, 0.6666]}, "Apoptosis AUC": 29.29719999999999}, "TRAF6": {"Timesteps": {"Apoptosis": [0.0, 0.15, 0.134, 0.1448, 0.0804, 0.0818, 0.1378, 0.2274, 0.341, 0.4492, 0.516, 0.549, 0.5586, 0.5614, 0.5618, 0.5618, 0.5618, 0.5618, 0.5618, 0.5618, 0.5618, 0.5618, 0.5618, 0.5618, 0.5618, 0.5618, 0.5618, 0.5618, 0.5618, 0.5618, 0.5618, 0.5618, 0.5618, 0.5618, 0.5618, 0.5618, 0.5618, 0.5618, 0.5618, 0.5618, 0.5618, 0.5618, 0.5618, 0.5618, 0.5618, 0.5618, 0.5618, 0.5618, 0.5618, 0.5618, 0.5618]}, "Apoptosis AUC": 24.71800000000002}, "NFkB": {"Timesteps": {"Apoptosis": [0.0, 0.1538, 0.1254, 0.164, 0.1394, 0.1966, 0.292, 0.3772, 0.4742, 0.567, 0.6278, 0.6604, 0.678, 0.6844, 0.6864, 0.6868, 0.6868, 0.6868, 0.6868, 0.6868, 0.6868, 0.6868, 0.6868, 0.6868, 0.6868, 0.6868, 0.6868, 0.6868, 0.6868, 0.6868, 0.6868, 0.6868, 0.6868, 0.6868, 0.6868, 0.6868, 0.6868, 0.6868, 0.6868, 0.6868, 0.6868, 0.6868, 0.6868, 0.6868, 0.6868, 0.6868, 0.6868, 0.6868, 0.6868, 0.6868, 0.6868]}, "Apoptosis AUC": 30.551400000000033}, "Bax": {"Timesteps": {"Apoptosis": [0.0, 0.153, 0.0668, 0.0286, 0.0, 0.0, 0.0, 0.0, 0.0, 0.0, 0.0, 0.0, 0.0, 0.0, 0.0, 0.0, 0.0, 0.0, 0.0, 0.0, 0.0, 0.0, 0.0, 0.0, 0.0, 0.0, 0.0, 0.0, 0.0, 0.0, 0.0, 0.0, 0.0, 0.0, 0.0, 0.0, 0.0, 0.0, 0.0, 0.0, 0.0, 0.0, 0.0, 0.0, 0.0, 0.0, 0.0, 0.0, 0.0, 0.0, 0.0]}, "Apoptosis AUC": 0.2484}, "TNFR2": {"Timesteps": {"Apoptosis": [0.0, 0.1492, 0.1276, 0.1394, 0.0924, 0.1084, 0.1824, 0.2794, 0.4038, 0.5158, 0.5972, 0.6404, 0.6658, 0.673, 0.6762, 0.6764, 0.6766, 0.6766, 0.6766, 0.6766, 0.6766, 0.6766, 0.6766, 0.6766, 0.6766, 0.6766, 0.6766, 0.6766, 0.6766, 0.6766, 0.6766, 0.6766, 0.6766, 0.6766, 0.6766, 0.6766, 0.6766, 0.6766, 0.6766, 0.6766, 0.6766, 0.6766, 0.6766, 0.6766, 0.6766, 0.6766, 0.6766, 0.6766, 0.6766, 0.6766, 0.6766]}, "Apoptosis AUC": 29.608400000000014}, "TNFR1": {"Timesteps": {"Apoptosis": [0.0, 0.1456, 0.1258, 0.1466, 0.0896, 0.1054, 0.174, 0.272, 0.3984, 0.5148, 0.602, 0.65, 0.6706, 0.6794, 0.682, 0.6826, 0.6828, 0.6828, 0.6828, 0.6828, 0.6828, 0.6828, 0.6828, 0.6828, 0.6828, 0.6828, 0.6828, 0.6828, 0.6828, 0.6828, 0.6828, 0.6828, 0.6828, 0.6828, 0.6828, 0.6828, 0.6828, 0.6828, 0.6828, 0.6828, 0.6828, 0.6828, 0.6828, 0.6828, 0.6828, 0.6828, 0.6828, 0.6828, 0.6828, 0.6828, 0.6828]}, "Apoptosis AUC": 29.836800000000007}, "SMAD": {"Timesteps": {"Apoptosis": [0.0, 0.1476, 0.1324, 0.1282, 0.0648, 0.0804, 0.1572, 0.2624, 0.391, 0.508, 0.5828, 0.621, 0.6344, 0.64, 0.6412, 0.6414, 0.6414, 0.6414, 0.6414, 0.6414, 0.6414, 0.6414, 0.6414, 0.6414, 0.6414, 0.6414, 0.6414, 0.6414, 0.6414, 0.6414, 0.6414, 0.6414, 0.6414, 0.6414, 0.6414, 0.6414, 0.6414, 0.6414, 0.6414, 0.6414, 0.6414, 0.6414, 0.6414, 0.6414, 0.6414, 0.6414, 0.6414, 0.6414, 0.6414, 0.6414, 0.6414]}, "Apoptosis AUC": 28.081800000000026},