{"TAK1": {"Timesteps": {"Apoptosis": [0.0, 0.1396, 0.1234, 0.1354, 0.0914, 0.1288, 0.2106, 0.3302, 0.4712, 0.626, 0.748, 0.8306, 0.8788, 0.9086, 0.9378, 0.9578, 0.9762, 0.987, 0.9932, 0.997, 0.9992, 0.9998, 1.0, 1.0, 1.0, 1.0, 1.0, 1.0, 1.0, 1.0, 1.0, 1.0, 1.0, 1.0, 1.0, 1.0, 1.0, 1.0, 1.0, 1.0, 1.0, 1.0, 1.0, 1.0, 1.0, 1.0, 1.0, 1.0, 1.0, 1.0, 1.0]}, "Apoptosis AUC": 42.470600000000005}, "ATM": {"Timesteps": {"Apoptosis": [0.0, 0.1444, 0.1268, 0.1386, 0.0782, 0.097, 0.1686, 0.2564, 0.3782, 0.4872, 0.5716, 0.6266, 0.654, 0.6642, 0.667, 0.6678, 0.668, 0.6682, 0.6682, 0.6682, 0.6682, 0.6682, 0.6682, 0.6682, 0.6682, 0.6682, 0.6682, 0.6682, 0.6682, 0.6682, 0.6682, 0.6682, 0.6682, 0.6682, 0.6682, 0.6682, 0.6682, 0.6682, 0.6682, 0.6682, 0.6682, 0.6682, 0.6682, 0.6682, 0.6682, 0.6682, 0.6682, 0.6682, 0.6682, 0.6682, 0.6682]}, "Apoptosis AUC": 29.11339999999998}, "AKT": {"Timesteps": {"Apoptosis": [0.0, 0.149, 0.129, 0.1512, 0.1014, 0.1496, 0.2514, 0.398, 0.5762, 0.7236, 0.827, 0.8838, 0.9168, 0.9412, 0.9578, 0.972, 0.9862, 0.996, 0.9984, 0.9996, 1.0, 1.0, 1.0, 1.0, 1.0, 1.0, 1.0, 1.0, 1.0, 1.0, 1.0, 1.0, 1.0, 1.0, 1.0, 1.0, 1.0, 1.0, 1.0, 1.0, 1.0, 1.0, 1.0, 1.0, 1.0, 1.0, 1.0, 1.0, 1.0, 1.0, 1.0]}, "Apoptosis AUC": 43.1082}, "XIAP": {"Timesteps": {"Apoptosis": [0.0, 0.214, 0.3866, 0.4726, 0.4114, 0.4308, 0.5604, 0.6898, 0.792, 0.862, 0.9016, 0.9286, 0.9498, 0.9684, 0.9838, 0.995, 0.9982, 0.9996, 1.0, 1.0, 1.0, 1.0, 1.0, 1.0, 1.0, 1.0, 1.0, 1.0, 1.0, 1.0, 1.0, 1.0, 1.0, 1.0, 1.0, 1.0, 1.0, 1.0, 1.0, 1.0, 1.0, 1.0, 1.0, 1.0, 1.0, 1.0, 1.0, 1.0, 1.0, 1.0, 1.0]}, "Apoptosis AUC": 45.5446}, "STAT3": {"Timesteps": {"Apoptosis": [0.0, 0.1474, 0.1292, 0.1756, 0.1632, 0.2054, 0.291, 0.4038, 0.5328, 0.6646, 0.7796, 0.851, 0.8892, 0.9198, 0.9412, 0.9574, 0.9742, 0.9874, 0.9954, 0.9984, 0.9994, 0.9998, 1.0, 1.0, 1.0, 1.0, 1.0, 1.0, 1.0, 1.0, 1.0, 1.0, 1.0, 1.0, 1.0, 1.0, 1.0, 1.0, 1.0, 1.0, 1.0, 1.0, 1.0, 1.0, 1.0, 1.0, 1.0, 1.0, 1.0, 1.0, 1.0]}, "Apoptosis AUC": 43.0058}, "BID": {"Timesteps": {"Apoptosis": [0.0, 0.1478, 0.1202, 0.1308, 0.0516, 0.0226, 0.0082, 0.001, 0.0, 0.0, 0.0, 0.0, 0.0, 0.0, 0.0, 0.0, 0.0, 0.0, 0.0, 0.0, 0.0, 0.0, 0.0, 0.0, 0.0, 0.0, 0.0, 0.0, 0.0, 0.0, 0.0, 0.0, 0.0, 0.0, 0.0, 0.0, 0.0, 0.0, 0.0, 0.0, 0.0, 0.0, 0.0, 0.0, 0.0, 0.0, 0.0, 0.0, 0.0, 0.0, 0.0]}, "Apoptosis AUC": 0.4822}, "RIP": {"Timesteps": {"Apoptosis": [0.0, 0.15, 0.1342, 0.1462, 0.095, 0.1428, 0.2378, 0.3594, 0.5108, 0.6526, 0.7672, 0.8424, 0.8926, 0.9224, 0.9466, 0.9682, 0.9832, 0.9922, 0.9982, 0.9996, 1.0, 1.0, 1.0, 1.0, 1.0, 1.0, 1.0, 1.0, 1.0, 1.0, 1.0, 1.0, 1.0, 1.0, 1.0, 1.0, 1.0, 1.0, 1.0, 1.0, 1.0, 1.0, 1.0, 1.0, 1.0, 1.0, 1.0, 1.0, 1.0, 1.0, 1.0]}, "Apoptosis AUC": 42.7414}, "MYC": {"Timesteps": {"Apoptosis": [0.0, 0.1496, 0.131, 0.1504, 0.0982, 0.1314, 0.223, 0.344, 0.4944, 0.6506, 0.7614, 0.8418, 0.885, 0.9176, 0.9414, 0.9638, 0.9802, 0.9894, 0.9964, 0.9982, 0.9996, 0.9998, 1.0, 1.0, 1.0, 1.0, 1.0, 1.0, 1.0, 1.0, 1.0, 1.0, 1.0, 1.0, 1.0, 1.0, 1.0, 1.0, 1.0, 1.0, 1.0, 1.0, 1.0, 1.0, 1.0, 1.0, 1.0, 1.0, 1.0, 1.0, 1.0]}, "Apoptosis AUC": 42.6472}, "DUSP1": {"Timesteps": {"Apoptosis": [0.0, 0.1464, 0.1356, 0.1712, 0.126, 0.1776, 0.2886, 0.4372, 0.6338, 0.8242, 0.9272, 0.9772, 0.9944, 0.9996, 1.0, 1.0, 1.0, 1.0, 1.0, 1.0, 1.0, 1.0, 1.0, 1.0, 1.0, 1.0, 1.0, 1.0, 1.0, 1.0, 1.0, 1.0, 1.0, 1.0, 1.0, 1.0, 1.0, 1.0, 1.0, 1.0, 1.0, 1.0, 1.0, 1.0, 1.0, 1.0, 1.0, 1.0, 1.0, 1.0, 1.0]}, "Apoptosis AUC": 43.839}, "Bcl2": {"Timesteps": {"Apoptosis": [0.0, 0.1472, 0.1274, 0.1814, 0.1348, 0.1676, 0.2434, 0.3488, 0.4958, 0.6508, 0.7682, 0.8398, 0.89, 0.9202, 0.943, 0.9644, 0.9822, 0.9924, 0.9974, 0.9984, 0.9996, 1.0, 1.0, 1.0, 1.0, 1.0, 1.0, 1.0, 1.0, 1.0, 1.0, 1.0, 1.0, 1.0, 1.0, 1.0, 1.0, 1.0, 1.0, 1.0, 1.0, 1.0, 1.0, 1.0, 1.0, 1.0, 1.0, 1.0, 1.0, 1.0, 1.0]}, "Apoptosis AUC": 42.7928}, "TRAF2": {"Timesteps": {"Apoptosis": [0.0, 0.1442, 0.1254, 0.1448, 0.1026, 0.1492, 0.2414, 0.364, 0.5178, 0.6626, 0.7706, 0.845, 0.891, 0.9214, 0.9468, 0.9654, 0.9806, 0.9904, 0.9966, 0.999, 0.9998, 1.0, 1.0, 1.0, 1.0, 1.0, 1.0, 1.0, 1.0, 1.0, 1.0, 1.0, 1.0, 1.0, 1.0, 1.0, 1.0, 1.0, 1.0, 1.0, 1.0, 1.0, 1.0, 1.0, 1.0, 1.0, 1.0, 1.0, 1.0, 1.0, 1.0]}, "Apoptosis AUC": 42.7586}, "TRAF6": {"Timesteps": {"Apoptosis": [0.0, 0.1422, 0.1266, 0.1432, 0.0976, 0.1262, 0.2098, 0.3304, 0.4804, 0.6406, 0.759, 0.8388, 0.8858, 0.9172, 0.939, 0.9608, 0.977, 0.9906, 0.9964, 0.9996, 0.9998, 0.9998, 1.0, 1.0, 1.0, 1.0, 1.0, 1.0, 1.0, 1.0, 1.0, 1.0, 1.0, 1.0, 1.0, 1.0, 1.0, 1.0, 1.0, 1.0, 1.0, 1.0, 1.0, 1.0, 1.0, 1.0, 1.0, 1.0, 1.0, 1.0, 1.0]}, "Apoptosis AUC": 42.5608}, "NFkB": {"Timesteps": {"Apoptosis": [0.0, 0.1398, 0.1268, 0.1666, 0.1532, 0.2326, 0.3418, 0.4432, 0.5562, 0.6774, 0.7682, 0.837, 0.8812, 0.9186, 0.9456, 0.9708, 0.9892, 0.997, 0.9992, 1.0, 1.0, 1.0, 1.0, 1.0, 1.0, 1.0, 1.0, 1.0, 1.0, 1.0, 1.0, 1.0, 1.0, 1.0, 1.0, 1.0, 1.0, 1.0, 1.0, 1.0, 1.0, 1.0, 1.0, 1.0, 1.0, 1.0, 1.0, 1.0, 1.0, 1.0, 1.0]}, "Apoptosis AUC": 43.1444}, "Bax": {"Timesteps": {"Apoptosis": [0.0, 0.141, 0.0664, 0.0268, 0.0, 0.0, 0.0, 0.0, 0.0, 0.0, 0.0, 0.0, 0.0, 0.0, 0.0, 0.0, 0.0, 0.0, 0.0, 0.0, 0.0, 0.0, 0.0, 0.0, 0.0, 0.0, 0.0, 0.0, 0.0, 0.0, 0.0, 0.0, 0.0, 0.0, 0.0, 0.0, 0.0, 0.0, 0.0, 0.0, 0.0, 0.0, 0.0, 0.0, 0.0, 0.0, 0.0, 0.0, 0.0, 0.0, 0.0]}, "Apoptosis AUC": 0.23419999999999996}, "TNFR2": {"Timesteps": {"Apoptosis": [0.0, 0.1452, 0.1296, 0.144, 0.107, 0.1454, 0.2292, 0.337, 0.487, 0.6336, 0.7594, 0.833, 0.8832, 0.9112, 0.9368, 0.9592, 0.9796, 0.9912, 0.9966, 0.9996, 0.9998, 1.0, 1.0, 1.0, 1.0, 1.0, 1.0, 1.0, 1.0, 1.0, 1.0, 1.0, 1.0, 1.0, 1.0, 1.0, 1.0, 1.0, 1.0, 1.0, 1.0, 1.0, 1.0, 1.0, 1.0, 1.0, 1.0, 1.0, 1.0, 1.0, 1.0]}, "Apoptosis AUC": 42.6076}, "TNFR1": {"Timesteps": {"Apoptosis": [0.0, 0.1502, 0.128, 0.1402, 0.0874, 0.129, 0.2194, 0.332, 0.4912, 0.6502, 0.7652, 0.8354, 0.8864, 0.9152, 0.9426, 0.9616, 0.979, 0.9906, 0.9966, 0.999, 0.9998, 1.0, 1.0, 1.0, 1.0, 1.0, 1.0, 1.0, 1.0, 1.0, 1.0, 1.0, 1.0, 1.0, 1.0, 1.0, 1.0, 1.0, 1.0, 1.0, 1.0, 1.0, 1.0, 1.0, 1.0, 1.0, 1.0, 1.0, 1.0, 1.0, 1.0]}, "Apoptosis AUC": 42.599000000000004}, "SMAD": {"Timesteps": {"Apoptosis": [0.0, 0.146, 0.1224, 0.133, 0.0744, 0.1158, 0.2098, 0.3346, 0.4866, 0.6494, 0.7608, 0.8326, 0.881, 0.913, 0.9386, 0.9618, 0.9768, 0.9894, 0.9952, 0.9986, 0.9996, 1.0, 1.0, 1.0, 1.0, 1.0, 1.0, 1.0, 1.0, 1.0, 1.0, 1.0, 1.0, 1.0, 1.0, 1.0, 1.0, 1.0, 1.0, 1.0, 1.0, 1.0, 1.0, 1.0, 1.0, 1.0, 1.0, 1.0, 1.0, 1.0, 1.0]}, "Apoptosis AUC": 42.519400000000005}, "BclxL": {"Timesteps": {"Apoptosis": [0.0, 0.1448, 0.1438, 0.2022, 0.1872, 0.231, 0.2956, 0.3794, 0.5134, 0.6508, 0.7702, 0.8386, 0.8836, 0.9168, 0.9404, 0.9638, 0.9804, 0.989, 0.9956, 0.9996, 1.0, 1.0, 1.0, 1.0, 1.0, 1.0, 1.0, 1.0, 1.0, 1.0, 1.0, 1.0, 1.0, 1.0, 1.0, 1.0, 1.0, 1.0, 1.0, 1.0, 1.0, 1.0, 1.0, 1.0, 1.0, 1.0, 1.0, 1.0, 1.0, 1.0, 1.0]}, "Apoptosis AUC": 43.0262}, "p53": {"Timesteps": {"Apoptosis": [0.0, 0.1404, 0.1182, 0.1348, 0.0766, 0.086, 0.136, 0.216, 0.3292, 0.4184, 0.4852, 0.5146, 0.5322, 0.5378, 0.5388, 0.539, 0.539, 0.539, 0.539, 0.539, 0.539, 0.539, 0.539, 0.539, 0.539, 0.539, 0.539, 0.539, 0.539, 0.539, 0.539, 0.539, 0.539, 0.539, 0.539, 0.539, 0.539, 0.539, 0.539, 0.539, 0.539, 0.539, 0.539, 0.539, 0.539, 0.539, 0.539, 0.539, 0.539, 0.539, 0.539]}, "Apoptosis AUC": 23.668200000000013}, "Raf": {"Timesteps": {"Apoptosis": [0.0, 0.1966, 0.1814, 0.199, 0.1334, 0.1666, 0.2566, 0.3796, 0.549, 0.728, 0.8636, 0.9514, 0.9888, 0.9972, 0.9996, 1.0, 1.0, 1.0, 1.0, 1.0, 1.0, 1.0, 1.0, 1.0, 1.0, 1.0, 1.0, 1.0, 1.0, 1.0, 1.0, 1.0, 1.0, 1.0, 1.0, 1.0, 1.0, 1.0, 1.0, 1.0, 1.0, 1.0, 1.0, 1.0, 1.0, 1.0, 1.0, 1.0, 1.0, 1.0, 1.0]}, "Apoptosis AUC": 43.5908}, "TGFBR": {"Timesteps": {"Apoptosis": [0.0, 0.1478, 0.126, 0.135, 0.0922, 0.1274, 0.2248, 0.3434, 0.502, 0.6616, 0.7798, 0.8526, 0.8976, 0.9266, 0.9488, 0.9676, 0.981, 0.9922, 0.9962, 0.9986, 0.9998, 1.0, 1.0, 1.0, 1.0, 1.0, 1.0, 1.0, 1.0, 1.0, 1.0, 1.0, 1.0, 1.0, 1.0, 1.0, 1.0, 1.0, 1.0, 1.0, 1.0, 1.0, 1.0, 1.0, 1.0, 1.0, 1.0, 1.0, 1.0, 1.0, 1.0]}, "Apoptosis AUC": 42.701},