{"TAK1": {"Timesteps": {"Apoptosis": [0.0, 0.1428, 0.1226, 0.117, 0.0604, 0.061, 0.1266, 0.2158, 0.3118, 0.398, 0.4544, 0.4796, 0.4882, 0.4892, 0.4894, 0.4894, 0.4894, 0.4894, 0.4894, 0.4894, 0.4894, 0.4894, 0.4894, 0.4894, 0.4894, 0.4894, 0.4894, 0.4894, 0.4894, 0.4894, 0.4894, 0.4894, 0.4894, 0.4894, 0.4894, 0.4894, 0.4894, 0.4894, 0.4894, 0.4894, 0.4894, 0.4894, 0.4894, 0.4894, 0.4894, 0.4894, 0.4894, 0.4894, 0.4894, 0.4894, 0.4894]}, "Apoptosis AUC": 21.575199999999995}, "ATM": {"Timesteps": {"Apoptosis": [0.0, 0.1478, 0.1264, 0.1316, 0.0756, 0.0974, 0.1502, 0.2462, 0.3696, 0.493, 0.5694, 0.6214, 0.6446, 0.6528, 0.655, 0.656, 0.656, 0.656, 0.656, 0.656, 0.656, 0.656, 0.656, 0.656, 0.656, 0.656, 0.656, 0.656, 0.656, 0.656, 0.656, 0.656, 0.656, 0.656, 0.656, 0.656, 0.656, 0.656, 0.656, 0.656, 0.656, 0.656, 0.656, 0.656, 0.656, 0.656, 0.656, 0.656, 0.656, 0.656, 0.656]}, "Apoptosis AUC": 28.596999999999984}, "AKT": {"Timesteps": {"Apoptosis": [0.0, 0.1506, 0.1294, 0.1392, 0.0824, 0.115, 0.2054, 0.347, 0.512, 0.6498, 0.7236, 0.752, 0.7652, 0.7676, 0.7684, 0.7686, 0.7686, 0.7686, 0.7686, 0.7686, 0.7686, 0.7686, 0.7686, 0.7686, 0.7686, 0.7686, 0.7686, 0.7686, 0.7686, 0.7686, 0.7686, 0.7686, 0.7686, 0.7686, 0.7686, 0.7686, 0.7686, 0.7686, 0.7686, 0.7686, 0.7686, 0.7686, 0.7686, 0.7686, 0.7686, 0.7686, 0.7686, 0.7686, 0.7686, 0.7686, 0.7686]}, "Apoptosis AUC": 33.77719999999998}, "XIAP": {"Timesteps": {"Apoptosis": [0.0, 0.22, 0.4004, 0.468, 0.3394, 0.3358, 0.4236, 0.5134, 0.5826, 0.6308, 0.661, 0.6698, 0.6726, 0.6734, 0.6736, 0.6736, 0.6736, 0.6736, 0.6736, 0.6736, 0.6736, 0.6736, 0.6736, 0.6736, 0.6736, 0.6736, 0.6736, 0.6736, 0.6736, 0.6736, 0.6736, 0.6736, 0.6736, 0.6736, 0.6736, 0.6736, 0.6736, 0.6736, 0.6736, 0.6736, 0.6736, 0.6736, 0.6736, 0.6736, 0.6736, 0.6736, 0.6736, 0.6736, 0.6736, 0.6736, 0.6736]}, "Apoptosis AUC": 31.514000000000014}, "STAT3": {"Timesteps": {"Apoptosis": [0.0, 0.1472, 0.1392, 0.1644, 0.1266, 0.1428, 0.1926, 0.2704, 0.3542, 0.4652, 0.5568, 0.6132, 0.642, 0.6552, 0.6584, 0.6588, 0.6588, 0.6588, 0.6588, 0.6588, 0.6588, 0.6588, 0.6588, 0.6588, 0.6588, 0.6588, 0.6588, 0.6588, 0.6588, 0.6588, 0.6588, 0.6588, 0.6588, 0.6588, 0.6588, 0.6588, 0.6588, 0.6588, 0.6588, 0.6588, 0.6588, 0.6588, 0.6588, 0.6588, 0.6588, 0.6588, 0.6588, 0.6588, 0.6588, 0.6588, 0.6588]}, "Apoptosis AUC": 28.84499999999998}, "BID": {"Timesteps": {"Apoptosis": [0.0, 0.1414, 0.1246, 0.1284, 0.0478, 0.0234, 0.008, 0.001, 0.0, 0.0, 0.0, 0.0, 0.0, 0.0, 0.0, 0.0, 0.0, 0.0, 0.0, 0.0, 0.0, 0.0, 0.0, 0.0, 0.0, 0.0, 0.0, 0.0, 0.0, 0.0, 0.0, 0.0, 0.0, 0.0, 0.0, 0.0, 0.0, 0.0, 0.0, 0.0, 0.0, 0.0, 0.0, 0.0, 0.0, 0.0, 0.0, 0.0, 0.0, 0.0, 0.0]}, "Apoptosis AUC": 0.47459999999999997}, "RIP": {"Timesteps": {"Apoptosis": [0.0, 0.1482, 0.1292, 0.1416, 0.085, 0.1076, 0.1774, 0.2804, 0.3992, 0.5158, 0.5986, 0.6416, 0.663, 0.6722, 0.6746, 0.6754, 0.6754, 0.6754, 0.6754, 0.6754, 0.6754, 0.6754, 0.6754, 0.6754, 0.6754, 0.6754, 0.6754, 0.6754, 0.6754, 0.6754, 0.6754, 0.6754, 0.6754, 0.6754, 0.6754, 0.6754, 0.6754, 0.6754, 0.6754, 0.6754, 0.6754, 0.6754, 0.6754, 0.6754, 0.6754, 0.6754, 0.6754, 0.6754, 0.6754, 0.6754, 0.6754]}, "Apoptosis AUC": 29.548799999999993}, "MYC": {"Timesteps": {"Apoptosis": [0.0, 0.1494, 0.1326, 0.1336, 0.0814, 0.0976, 0.1602, 0.2646, 0.383, 0.5032, 0.5896, 0.636, 0.6552, 0.6612, 0.6632, 0.6638, 0.664, 0.664, 0.664, 0.664, 0.664, 0.664, 0.664, 0.664, 0.664, 0.664, 0.664, 0.664, 0.664, 0.664, 0.664, 0.664, 0.664, 0.664, 0.664, 0.664, 0.664, 0.664, 0.664, 0.664, 0.664, 0.664, 0.664, 0.664, 0.664, 0.664, 0.664, 0.664, 0.664, 0.664, 0.664]}, "Apoptosis AUC": 29.014600000000026}, "DUSP1": {"Timesteps": {"Apoptosis": [0.0, 0.1438, 0.134, 0.1618, 0.104, 0.1398, 0.2264, 0.3652, 0.5338, 0.6932, 0.802, 0.8702, 0.897, 0.9058, 0.9092, 0.91, 0.91, 0.91, 0.91, 0.91, 0.91, 0.91, 0.91, 0.91, 0.91, 0.91, 0.91, 0.91, 0.91, 0.91, 0.91, 0.91, 0.91, 0.91, 0.91, 0.91, 0.91, 0.91, 0.91, 0.91, 0.91, 0.91, 0.91, 0.91, 0.91, 0.91, 0.91, 0.91, 0.91, 0.91, 0.91]}, "Apoptosis AUC": 39.64619999999997}, "Bcl2": {"Timesteps": {"Apoptosis": [0.0, 0.1502, 0.133, 0.173, 0.1112, 0.1274, 0.2012, 0.3108, 0.435, 0.5404, 0.6094, 0.648, 0.6638, 0.672, 0.6732, 0.6738, 0.6738, 0.6738, 0.6738, 0.6738, 0.6738, 0.6738, 0.6738, 0.6738, 0.6738, 0.6738, 0.6738, 0.6738, 0.6738, 0.6738, 0.6738, 0.6738, 0.6738, 0.6738, 0.6738, 0.6738, 0.6738, 0.6738, 0.6738, 0.6738, 0.6738, 0.6738, 0.6738, 0.6738, 0.6738, 0.6738, 0.6738, 0.6738, 0.6738, 0.6738, 0.6738]}, "Apoptosis AUC": 29.705399999999997}, "TRAF2": {"Timesteps": {"Apoptosis": [0.0, 0.1482, 0.1232, 0.1344, 0.0834, 0.1076, 0.1794, 0.2876, 0.4122, 0.5286, 0.5994, 0.6354, 0.6552, 0.6636, 0.6654, 0.6656, 0.6656, 0.6656, 0.6656, 0.6656, 0.6656, 0.6656, 0.6656, 0.6656, 0.6656, 0.6656, 0.6656, 0.6656, 0.6656, 0.6656, 0.6656, 0.6656, 0.6656, 0.6656, 0.6656, 0.6656, 0.6656, 0.6656, 0.6656, 0.6656, 0.6656, 0.6656, 0.6656, 0.6656, 0.6656, 0.6656, 0.6656, 0.6656, 0.6656, 0.6656, 0.6656]}, "Apoptosis AUC": 29.185200000000016}, "TRAF6": {"Timesteps": {"Apoptosis": [0.0, 0.1466, 0.1268, 0.129, 0.0734, 0.0832, 0.144, 0.2438, 0.3624, 0.458, 0.5216, 0.55, 0.5632, 0.5662, 0.5666, 0.5668, 0.5668, 0.5668, 0.5668, 0.5668, 0.5668, 0.5668, 0.5668, 0.5668, 0.5668, 0.5668, 0.5668, 0.5668, 0.5668, 0.5668, 0.5668, 0.5668, 0.5668, 0.5668, 0.5668, 0.5668, 0.5668, 0.5668, 0.5668, 0.5668, 0.5668, 0.5668, 0.5668, 0.5668, 0.5668, 0.5668, 0.5668, 0.5668, 0.5668, 0.5668, 0.5668]}, "Apoptosis AUC": 24.939600000000016}, "NFkB": {"Timesteps": {"Apoptosis": [0.0, 0.1444, 0.1368, 0.1694, 0.1378, 0.187, 0.2814, 0.3776, 0.4786, 0.5696, 0.6308, 0.6662, 0.6834, 0.6914, 0.694, 0.6942, 0.6942, 0.6942, 0.6942, 0.6942, 0.6942, 0.6942, 0.6942, 0.6942, 0.6942, 0.6942, 0.6942, 0.6942, 0.6942, 0.6942, 0.6942, 0.6942, 0.6942, 0.6942, 0.6942, 0.6942, 0.6942, 0.6942, 0.6942, 0.6942, 0.6942, 0.6942, 0.6942, 0.6942, 0.6942, 0.6942, 0.6942, 0.6942, 0.6942, 0.6942, 0.6942]}, "Apoptosis AUC": 30.839599999999972}, "Bax": {"Timesteps": {"Apoptosis": [0.0, 0.1416, 0.0578, 0.0242, 0.0, 0.0, 0.0, 0.0, 0.0, 0.0, 0.0, 0.0, 0.0, 0.0, 0.0, 0.0, 0.0, 0.0, 0.0, 0.0, 0.0, 0.0, 0.0, 0.0, 0.0, 0.0, 0.0, 0.0, 0.0, 0.0, 0.0, 0.0, 0.0, 0.0, 0.0, 0.0, 0.0, 0.0, 0.0, 0.0, 0.0, 0.0, 0.0, 0.0, 0.0, 0.0, 0.0, 0.0, 0.0, 0.0, 0.0]}, "Apoptosis AUC": 0.2236}, "TNFR2": {"Timesteps": {"Apoptosis": [0.0, 0.1472, 0.1326, 0.135, 0.0822, 0.1018, 0.1668, 0.2714, 0.397, 0.5116, 0.5984, 0.647, 0.6664, 0.672, 0.674, 0.6748, 0.675, 0.675, 0.675, 0.675, 0.675, 0.675, 0.675, 0.675, 0.675, 0.675, 0.675, 0.675, 0.675, 0.675, 0.675, 0.675, 0.675, 0.675, 0.675, 0.675, 0.675, 0.675, 0.675, 0.675, 0.675, 0.675, 0.675, 0.675, 0.675, 0.675, 0.675, 0.675, 0.675, 0.675, 0.675]}, "Apoptosis AUC": 29.50320000000002}, "TNFR1": {"Timesteps": {"Apoptosis": [0.0, 0.1492, 0.1306, 0.1346, 0.0828, 0.0956, 0.1666, 0.269, 0.3878, 0.5022, 0.5874, 0.6366, 0.662, 0.6704, 0.6718, 0.6718, 0.6718, 0.6718, 0.6718, 0.6718, 0.6718, 0.6718, 0.6718, 0.6718, 0.6718, 0.6718, 0.6718, 0.6718, 0.6718, 0.6718, 0.6718, 0.6718, 0.6718, 0.6718, 0.6718, 0.6718, 0.6718, 0.6718, 0.6718, 0.6718, 0.6718, 0.6718, 0.6718, 0.6718, 0.6718, 0.6718, 0.6718, 0.6718, 0.6718, 0.6718, 0.6718]}, "Apoptosis AUC": 29.331400000000013}, "SMAD": {"Timesteps": {"Apoptosis": [0.0, 0.1514, 0.1268, 0.122, 0.0634, 0.0778, 0.1526, 0.255, 0.3758, 0.4908, 0.5726, 0.6128, 0.6266, 0.6322, 0.6334, 0.6334, 0.6334, 0.6334, 0.6334, 0.6334, 0.6334, 0.6334, 0.6334, 0.6334, 0.6334, 0.6334, 0.6334, 0.6334, 0.6334, 0.6334, 0.6334, 0.6334, 0.6334, 0.6334, 0.6334, 0.6334, 0.6334, 0.6334, 0.6334, 0.6334, 0.6334, 0.6334, 0.6334, 0.6334, 0.6334, 0.6334, 0.6334, 0.6334, 0.6334, 0.6334, 0.6334]}, "Apoptosis AUC": 27.695600000000027},