{"TAK1": {"Timesteps": {"Apoptosis": [0.0, 0.1432, 0.1204, 0.1236, 0.0624, 0.0734, 0.1256, 0.207, 0.2846, 0.3624, 0.4154, 0.4332, 0.4374, 0.439, 0.4394, 0.4394, 0.4394, 0.4394, 0.4394, 0.4394, 0.4394, 0.4394, 0.4394, 0.4394, 0.4394, 0.4394, 0.4394, 0.4394, 0.4394, 0.4394, 0.4394, 0.4394, 0.4394, 0.4394, 0.4394, 0.4394, 0.4394, 0.4394, 0.4394, 0.4394, 0.4394, 0.4394, 0.4394, 0.4394, 0.4394, 0.4394, 0.4394, 0.4394, 0.4394, 0.4394, 0.4394]}, "Apoptosis AUC": 19.485399999999977}, "ATM": {"Timesteps": {"Apoptosis": [0.0, 0.15, 0.1268, 0.1314, 0.0782, 0.0906, 0.1492, 0.2438, 0.3562, 0.4662, 0.5506, 0.6034, 0.629, 0.6396, 0.6432, 0.6442, 0.6444, 0.6444, 0.6444, 0.6444, 0.6444, 0.6444, 0.6444, 0.6444, 0.6444, 0.6444, 0.6444, 0.6444, 0.6444, 0.6444, 0.6444, 0.6444, 0.6444, 0.6444, 0.6444, 0.6444, 0.6444, 0.6444, 0.6444, 0.6444, 0.6444, 0.6444, 0.6444, 0.6444, 0.6444, 0.6444, 0.6444, 0.6444, 0.6444, 0.6444, 0.6444]}, "Apoptosis AUC": 28.056400000000007}, "AKT": {"Timesteps": {"Apoptosis": [0.0, 0.1486, 0.1244, 0.1446, 0.0976, 0.133, 0.2106, 0.3282, 0.4788, 0.6166, 0.6978, 0.7348, 0.748, 0.7496, 0.75, 0.75, 0.75, 0.75, 0.75, 0.75, 0.75, 0.75, 0.75, 0.75, 0.75, 0.75, 0.75, 0.75, 0.75, 0.75, 0.75, 0.75, 0.75, 0.75, 0.75, 0.75, 0.75, 0.75, 0.75, 0.75, 0.75, 0.75, 0.75, 0.75, 0.75, 0.75, 0.75, 0.75, 0.75, 0.75, 0.75]}, "Apoptosis AUC": 32.9626}, "XIAP": {"Timesteps": {"Apoptosis": [0.0, 0.2058, 0.3892, 0.4712, 0.3638, 0.3524, 0.4186, 0.5086, 0.576, 0.6244, 0.6492, 0.661, 0.663, 0.6638, 0.6638, 0.6638, 0.6638, 0.6638, 0.6638, 0.6638, 0.6638, 0.6638, 0.6638, 0.6638, 0.6638, 0.6638, 0.6638, 0.6638, 0.6638, 0.6638, 0.6638, 0.6638, 0.6638, 0.6638, 0.6638, 0.6638, 0.6638, 0.6638, 0.6638, 0.6638, 0.6638, 0.6638, 0.6638, 0.6638, 0.6638, 0.6638, 0.6638, 0.6638, 0.6638, 0.6638, 0.6638]}, "Apoptosis AUC": 31.107599999999966}, "STAT3": {"Timesteps": {"Apoptosis": [0.0, 0.1314, 0.1274, 0.1754, 0.14, 0.1536, 0.1998, 0.2654, 0.364, 0.4684, 0.5616, 0.6124, 0.6426, 0.655, 0.6588, 0.6598, 0.6598, 0.6598, 0.6598, 0.6598, 0.6598, 0.6598, 0.6598, 0.6598, 0.6598, 0.6598, 0.6598, 0.6598, 0.6598, 0.6598, 0.6598, 0.6598, 0.6598, 0.6598, 0.6598, 0.6598, 0.6598, 0.6598, 0.6598, 0.6598, 0.6598, 0.6598, 0.6598, 0.6598, 0.6598, 0.6598, 0.6598, 0.6598, 0.6598, 0.6598, 0.6598]}, "Apoptosis AUC": 28.908600000000018}, "BID": {"Timesteps": {"Apoptosis": [0.0, 0.144, 0.115, 0.1164, 0.0442, 0.02, 0.009, 0.0008, 0.0, 0.0, 0.0, 0.0, 0.0, 0.0, 0.0, 0.0, 0.0, 0.0, 0.0, 0.0, 0.0, 0.0, 0.0, 0.0, 0.0, 0.0, 0.0, 0.0, 0.0, 0.0, 0.0, 0.0, 0.0, 0.0, 0.0, 0.0, 0.0, 0.0, 0.0, 0.0, 0.0, 0.0, 0.0, 0.0, 0.0, 0.0, 0.0, 0.0, 0.0, 0.0, 0.0]}, "Apoptosis AUC": 0.4494000000000001}, "RIP": {"Timesteps": {"Apoptosis": [0.0, 0.1466, 0.1356, 0.1422, 0.0882, 0.1054, 0.1702, 0.2598, 0.387, 0.503, 0.5786, 0.6232, 0.645, 0.6534, 0.6548, 0.6556, 0.6558, 0.6558, 0.6558, 0.6558, 0.6558, 0.6558, 0.6558, 0.6558, 0.6558, 0.6558, 0.6558, 0.6558, 0.6558, 0.6558, 0.6558, 0.6558, 0.6558, 0.6558, 0.6558, 0.6558, 0.6558, 0.6558, 0.6558, 0.6558, 0.6558, 0.6558, 0.6558, 0.6558, 0.6558, 0.6558, 0.6558, 0.6558, 0.6558, 0.6558, 0.6558]}, "Apoptosis AUC": 28.701599999999978}, "MYC": {"Timesteps": {"Apoptosis": [0.0, 0.148, 0.122, 0.1356, 0.0786, 0.0954, 0.1596, 0.2498, 0.375, 0.4928, 0.5692, 0.6146, 0.6342, 0.6408, 0.643, 0.6434, 0.6436, 0.6436, 0.6436, 0.6436, 0.6436, 0.6436, 0.6436, 0.6436, 0.6436, 0.6436, 0.6436, 0.6436, 0.6436, 0.6436, 0.6436, 0.6436, 0.6436, 0.6436, 0.6436, 0.6436, 0.6436, 0.6436, 0.6436, 0.6436, 0.6436, 0.6436, 0.6436, 0.6436, 0.6436, 0.6436, 0.6436, 0.6436, 0.6436, 0.6436, 0.6436]}, "Apoptosis AUC": 28.12799999999998}, "DUSP1": {"Timesteps": {"Apoptosis": [0.0, 0.148, 0.1328, 0.1544, 0.1066, 0.133, 0.2126, 0.344, 0.505, 0.6626, 0.7766, 0.842, 0.8704, 0.88, 0.882, 0.882, 0.8822, 0.8822, 0.8822, 0.8822, 0.8822, 0.8822, 0.8822, 0.8822, 0.8822, 0.8822, 0.8822, 0.8822, 0.8822, 0.8822, 0.8822, 0.8822, 0.8822, 0.8822, 0.8822, 0.8822, 0.8822, 0.8822, 0.8822, 0.8822, 0.8822, 0.8822, 0.8822, 0.8822, 0.8822, 0.8822, 0.8822, 0.8822, 0.8822, 0.8822, 0.8822]}, "Apoptosis AUC": 38.40899999999999}, "Bcl2": {"Timesteps": {"Apoptosis": [0.0, 0.1486, 0.1432, 0.1742, 0.122, 0.1316, 0.188, 0.2824, 0.4062, 0.5182, 0.5952, 0.6358, 0.6576, 0.6676, 0.6706, 0.6712, 0.6716, 0.6716, 0.6716, 0.6716, 0.6716, 0.6716, 0.6716, 0.6716, 0.6716, 0.6716, 0.6716, 0.6716, 0.6716, 0.6716, 0.6716, 0.6716, 0.6716, 0.6716, 0.6716, 0.6716, 0.6716, 0.6716, 0.6716, 0.6716, 0.6716, 0.6716, 0.6716, 0.6716, 0.6716, 0.6716, 0.6716, 0.6716, 0.6716, 0.6716, 0.6716]}, "Apoptosis AUC": 29.518400000000028}, "TRAF2": {"Timesteps": {"Apoptosis": [0.0, 0.139, 0.1212, 0.129, 0.0878, 0.1108, 0.175, 0.2778, 0.3948, 0.4992, 0.5718, 0.6166, 0.6348, 0.642, 0.6438, 0.6448, 0.6448, 0.645, 0.645, 0.645, 0.645, 0.645, 0.645, 0.645, 0.645, 0.645, 0.645, 0.645, 0.645, 0.645, 0.645, 0.645, 0.645, 0.645, 0.645, 0.645, 0.645, 0.645, 0.645, 0.645, 0.645, 0.645, 0.645, 0.645, 0.645, 0.645, 0.645, 0.645, 0.645, 0.645, 0.645]}, "Apoptosis AUC": 28.263199999999987}, "TRAF6": {"Timesteps": {"Apoptosis": [0.0, 0.1402, 0.1196, 0.138, 0.0788, 0.0848, 0.1404, 0.2302, 0.341, 0.4384, 0.4962, 0.5238, 0.5346, 0.5378, 0.538, 0.538, 0.538, 0.538, 0.538, 0.538, 0.538, 0.538, 0.538, 0.538, 0.538, 0.538, 0.538, 0.538, 0.538, 0.538, 0.538, 0.538, 0.538, 0.538, 0.538, 0.538, 0.538, 0.538, 0.538, 0.538, 0.538, 0.538, 0.538, 0.538, 0.538, 0.538, 0.538, 0.538, 0.538, 0.538, 0.538]}, "Apoptosis AUC": 23.70980000000001}, "NFkB": {"Timesteps": {"Apoptosis": [0.0, 0.1462, 0.1348, 0.1584, 0.1308, 0.1814, 0.2722, 0.3652, 0.458, 0.54, 0.6042, 0.6422, 0.6582, 0.6652, 0.6666, 0.6666, 0.6668, 0.667, 0.667, 0.667, 0.667, 0.667, 0.667, 0.667, 0.667, 0.667, 0.667, 0.667, 0.667, 0.667, 0.667, 0.667, 0.667, 0.667, 0.667, 0.667, 0.667, 0.667, 0.667, 0.667, 0.667, 0.667, 0.667, 0.667, 0.667, 0.667, 0.667, 0.667, 0.667, 0.667, 0.667]}, "Apoptosis AUC": 29.63480000000003}, "Bax": {"Timesteps": {"Apoptosis": [0.0, 0.1494, 0.059, 0.0278, 0.0, 0.0, 0.0, 0.0, 0.0, 0.0, 0.0, 0.0, 0.0, 0.0, 0.0, 0.0, 0.0, 0.0, 0.0, 0.0, 0.0, 0.0, 0.0, 0.0, 0.0, 0.0, 0.0, 0.0, 0.0, 0.0, 0.0, 0.0, 0.0, 0.0, 0.0, 0.0, 0.0, 0.0, 0.0, 0.0, 0.0, 0.0, 0.0, 0.0, 0.0, 0.0, 0.0, 0.0, 0.0, 0.0, 0.0]}, "Apoptosis AUC": 0.2362}, "TNFR2": {"Timesteps": {"Apoptosis": [0.0, 0.1528, 0.1302, 0.1354, 0.0826, 0.1044, 0.1698, 0.2656, 0.3956, 0.5054, 0.5872, 0.628, 0.6486, 0.6558, 0.6578, 0.6588, 0.6588, 0.6588, 0.6588, 0.6588, 0.6588, 0.6588, 0.6588, 0.6588, 0.6588, 0.6588, 0.6588, 0.6588, 0.6588, 0.6588, 0.6588, 0.6588, 0.6588, 0.6588, 0.6588, 0.6588, 0.6588, 0.6588, 0.6588, 0.6588, 0.6588, 0.6588, 0.6588, 0.6588, 0.6588, 0.6588, 0.6588, 0.6588, 0.6588, 0.6588, 0.6588]}, "Apoptosis AUC": 28.835999999999984}, "TNFR1": {"Timesteps": {"Apoptosis": [0.0, 0.1482, 0.1188, 0.132, 0.0894, 0.1082, 0.1696, 0.2574, 0.3822, 0.5008, 0.5852, 0.6348, 0.6564, 0.6632, 0.666, 0.6662, 0.6662, 0.6662, 0.6662, 0.6662, 0.6662, 0.6662, 0.6662, 0.6662, 0.6662, 0.6662, 0.6662, 0.6662, 0.6662, 0.6662, 0.6662, 0.6662, 0.6662, 0.6662, 0.6662, 0.6662, 0.6662, 0.6662, 0.6662, 0.6662, 0.6662, 0.6662, 0.6662, 0.6662, 0.6662, 0.6662, 0.6662, 0.6662, 0.6662, 0.6662, 0.6662]}, "Apoptosis AUC": 29.095399999999998}, "SMAD": {"Timesteps": {"Apoptosis": [0.0, 0.1456, 0.1316, 0.1272, 0.0666, 0.0856, 0.1582, 0.2604, 0.3798, 0.496, 0.5692, 0.6096, 0.6226, 0.6288, 0.6298, 0.63, 0.6302, 0.6302, 0.6302, 0.6302, 0.6302, 0.6302, 0.6302, 0.6302, 0.6302, 0.6302, 0.6302, 0.6302, 0.6302, 0.6302, 0.6302, 0.6302, 0.6302, 0.6302, 0.6302, 0.6302, 0.6302, 0.6302, 0.6302, 0.6302, 0.6302, 0.6302, 0.6302, 0.6302, 0.6302, 0.6302, 0.6302, 0.6302, 0.6302, 0.6302, 0.6302]}, "Apoptosis AUC": 27.597999999999978},