{"TAK1": {"Timesteps": {"Apoptosis": [0.0, 0.141, 0.1402, 0.1658, 0.1404, 0.2458, 0.4408, 0.6602, 0.8348, 0.9388, 0.983, 0.995, 0.9982, 0.9998, 1.0, 1.0, 1.0, 1.0, 1.0, 1.0, 1.0, 1.0, 1.0, 1.0, 1.0, 1.0, 1.0, 1.0, 1.0, 1.0, 1.0, 1.0, 1.0, 1.0, 1.0, 1.0, 1.0, 1.0, 1.0, 1.0, 1.0, 1.0, 1.0, 1.0, 1.0, 1.0, 1.0, 1.0, 1.0, 1.0, 1.0]}, "Apoptosis AUC": 44.6838}, "ATM": {"Timesteps": {"Apoptosis": [0.0, 0.1426, 0.1206, 0.157, 0.1412, 0.2564, 0.4712, 0.712, 0.8708, 0.9556, 0.9892, 0.998, 0.9998, 1.0, 1.0, 1.0, 1.0, 1.0, 1.0, 1.0, 1.0, 1.0, 1.0, 1.0, 1.0, 1.0, 1.0, 1.0, 1.0, 1.0, 1.0, 1.0, 1.0, 1.0, 1.0, 1.0, 1.0, 1.0, 1.0, 1.0, 1.0, 1.0, 1.0, 1.0, 1.0, 1.0, 1.0, 1.0, 1.0, 1.0, 1.0]}, "Apoptosis AUC": 44.8144}, "AKT": {"Timesteps": {"Apoptosis": [0.0, 0.1416, 0.1292, 0.1464, 0.0984, 0.1584, 0.3152, 0.4606, 0.5936, 0.6954, 0.79, 0.869, 0.9306, 0.9738, 0.9892, 0.9972, 0.9994, 0.9998, 1.0, 1.0, 1.0, 1.0, 1.0, 1.0, 1.0, 1.0, 1.0, 1.0, 1.0, 1.0, 1.0, 1.0, 1.0, 1.0, 1.0, 1.0, 1.0, 1.0, 1.0, 1.0, 1.0, 1.0, 1.0, 1.0, 1.0, 1.0, 1.0, 1.0, 1.0, 1.0, 1.0]}, "Apoptosis AUC": 43.287800000000004}, "XIAP": {"Timesteps": {"Apoptosis": [0.0, 0.1304, 0.0, 0.0, 0.0, 0.0, 0.0, 0.0, 0.0, 0.0, 0.0, 0.0, 0.0, 0.0, 0.0, 0.0, 0.0, 0.0, 0.0, 0.0, 0.0, 0.0, 0.0, 0.0, 0.0, 0.0, 0.0, 0.0, 0.0, 0.0, 0.0, 0.0, 0.0, 0.0, 0.0, 0.0, 0.0, 0.0, 0.0, 0.0, 0.0, 0.0, 0.0, 0.0, 0.0, 0.0, 0.0, 0.0, 0.0, 0.0, 0.0]}, "Apoptosis AUC": 0.1304}, "STAT3": {"Timesteps": {"Apoptosis": [0.0, 0.1466, 0.129, 0.1264, 0.0264, 0.0028, 0.0, 0.0, 0.0, 0.0, 0.0, 0.0, 0.0, 0.0, 0.0, 0.0, 0.0, 0.0, 0.0, 0.0, 0.0, 0.0, 0.0, 0.0, 0.0, 0.0, 0.0, 0.0, 0.0, 0.0, 0.0, 0.0, 0.0, 0.0, 0.0, 0.0, 0.0, 0.0, 0.0, 0.0, 0.0, 0.0, 0.0, 0.0, 0.0, 0.0, 0.0, 0.0, 0.0, 0.0, 0.0]}, "Apoptosis AUC": 0.4312}, "BID": {"Timesteps": {"Apoptosis": [0.0, 0.1468, 0.1424, 0.1904, 0.186, 0.2908, 0.4566, 0.6348, 0.785, 0.8932, 0.964, 0.9886, 0.9978, 0.9998, 1.0, 1.0, 1.0, 1.0, 1.0, 1.0, 1.0, 1.0, 1.0, 1.0, 1.0, 1.0, 1.0, 1.0, 1.0, 1.0, 1.0, 1.0, 1.0, 1.0, 1.0, 1.0, 1.0, 1.0, 1.0, 1.0, 1.0, 1.0, 1.0, 1.0, 1.0, 1.0, 1.0, 1.0, 1.0, 1.0, 1.0]}, "Apoptosis AUC": 44.6762}, "RIP": {"Timesteps": {"Apoptosis": [0.0, 0.1462, 0.1338, 0.1706, 0.129, 0.1978, 0.3698, 0.5712, 0.7424, 0.8756, 0.9492, 0.9852, 0.997, 0.9992, 1.0, 1.0, 1.0, 1.0, 1.0, 1.0, 1.0, 1.0, 1.0, 1.0, 1.0, 1.0, 1.0, 1.0, 1.0, 1.0, 1.0, 1.0, 1.0, 1.0, 1.0, 1.0, 1.0, 1.0, 1.0, 1.0, 1.0, 1.0, 1.0, 1.0, 1.0, 1.0, 1.0, 1.0, 1.0, 1.0, 1.0]}, "Apoptosis AUC": 44.266999999999996}, "MYC": {"Timesteps": {"Apoptosis": [0.0, 0.1366, 0.141, 0.1588, 0.1338, 0.226, 0.412, 0.6196, 0.7956, 0.9066, 0.9666, 0.9896, 0.9972, 1.0, 1.0, 1.0, 1.0, 1.0, 1.0, 1.0, 1.0, 1.0, 1.0, 1.0, 1.0, 1.0, 1.0, 1.0, 1.0, 1.0, 1.0, 1.0, 1.0, 1.0, 1.0, 1.0, 1.0, 1.0, 1.0, 1.0, 1.0, 1.0, 1.0, 1.0, 1.0, 1.0, 1.0, 1.0, 1.0, 1.0, 1.0]}, "Apoptosis AUC": 44.4834}, "DUSP1": {"Timesteps": {"Apoptosis": [0.0, 0.1468, 0.1232, 0.1298, 0.085, 0.1498, 0.3124, 0.5304, 0.7158, 0.8522, 0.9394, 0.9824, 0.996, 0.9992, 0.9998, 1.0, 1.0, 1.0, 1.0, 1.0, 1.0, 1.0, 1.0, 1.0, 1.0, 1.0, 1.0, 1.0, 1.0, 1.0, 1.0, 1.0, 1.0, 1.0, 1.0, 1.0, 1.0, 1.0, 1.0, 1.0, 1.0, 1.0, 1.0, 1.0, 1.0, 1.0, 1.0, 1.0, 1.0, 1.0, 1.0]}, "Apoptosis AUC": 43.9622}, "Bcl2": {"Timesteps": {"Apoptosis": [0.0, 0.1416, 0.1208, 0.1018, 0.0182, 0.0, 0.0, 0.0, 0.0, 0.0, 0.0, 0.0, 0.0, 0.0, 0.0, 0.0, 0.0, 0.0, 0.0, 0.0, 0.0, 0.0, 0.0, 0.0, 0.0, 0.0, 0.0, 0.0, 0.0, 0.0, 0.0, 0.0, 0.0, 0.0, 0.0, 0.0, 0.0, 0.0, 0.0, 0.0, 0.0, 0.0, 0.0, 0.0, 0.0, 0.0, 0.0, 0.0, 0.0, 0.0, 0.0]}, "Apoptosis AUC": 0.3824}, "TRAF2": {"Timesteps": {"Apoptosis": [0.0, 0.1518, 0.141, 0.1662, 0.0914, 0.0392, 0.0116, 0.0012, 0.0, 0.0, 0.0, 0.0, 0.0, 0.0, 0.0, 0.0, 0.0, 0.0, 0.0, 0.0, 0.0, 0.0, 0.0, 0.0, 0.0, 0.0, 0.0, 0.0, 0.0, 0.0, 0.0, 0.0, 0.0, 0.0, 0.0, 0.0, 0.0, 0.0, 0.0, 0.0, 0.0, 0.0, 0.0, 0.0, 0.0, 0.0, 0.0, 0.0, 0.0, 0.0, 0.0]}, "Apoptosis AUC": 0.6023999999999999}, "TRAF6": {"Timesteps": {"Apoptosis": [0.0, 0.1478, 0.1362, 0.1702, 0.1412, 0.252, 0.4518, 0.6638, 0.8404, 0.9418, 0.9824, 0.9946, 0.9984, 0.9998, 1.0, 1.0, 1.0, 1.0, 1.0, 1.0, 1.0, 1.0, 1.0, 1.0, 1.0, 1.0, 1.0, 1.0, 1.0, 1.0, 1.0, 1.0, 1.0, 1.0, 1.0, 1.0, 1.0, 1.0, 1.0, 1.0, 1.0, 1.0, 1.0, 1.0, 1.0, 1.0, 1.0, 1.0, 1.0, 1.0, 1.0]}, "Apoptosis AUC": 44.7204}, "NFkB": {"Timesteps": {"Apoptosis": [0.0, 0.1422, 0.1296, 0.1416, 0.035, 0.003, 0.0, 0.0, 0.0, 0.0, 0.0, 0.0, 0.0, 0.0, 0.0, 0.0, 0.0, 0.0, 0.0, 0.0, 0.0, 0.0, 0.0, 0.0, 0.0, 0.0, 0.0, 0.0, 0.0, 0.0, 0.0, 0.0, 0.0, 0.0, 0.0, 0.0, 0.0, 0.0, 0.0, 0.0, 0.0, 0.0, 0.0, 0.0, 0.0, 0.0, 0.0, 0.0, 0.0, 0.0, 0.0]}, "Apoptosis AUC": 0.4514}, "Bax": {"Timesteps": {"Apoptosis": [0.0, 0.1472, 0.2602, 0.592, 0.6608, 0.6668, 0.7428, 0.8334, 0.9032, 0.9554, 0.9844, 0.9966, 0.9998, 1.0, 1.0, 1.0, 1.0, 1.0, 1.0, 1.0, 1.0, 1.0, 1.0, 1.0, 1.0, 1.0, 1.0, 1.0, 1.0, 1.0, 1.0, 1.0, 1.0, 1.0, 1.0, 1.0, 1.0, 1.0, 1.0, 1.0, 1.0, 1.0, 1.0, 1.0, 1.0, 1.0, 1.0, 1.0, 1.0, 1.0, 1.0]}, "Apoptosis AUC": 46.742599999999996}, "TNFR2": {"Timesteps": {"Apoptosis": [0.0, 0.154, 0.1278, 0.1514, 0.1134, 0.1656, 0.2848, 0.438, 0.5998, 0.7498, 0.8682, 0.9386, 0.9776, 0.9914, 0.9974, 0.9996, 1.0, 1.0, 1.0, 1.0, 1.0, 1.0, 1.0, 1.0, 1.0, 1.0, 1.0, 1.0, 1.0, 1.0, 1.0, 1.0, 1.0, 1.0, 1.0, 1.0, 1.0, 1.0, 1.0, 1.0, 1.0, 1.0, 1.0, 1.0, 1.0, 1.0, 1.0, 1.0, 1.0, 1.0, 1.0]}, "Apoptosis AUC": 43.5574}, "TNFR1": {"Timesteps": {"Apoptosis": [0.0, 0.1428, 0.1278, 0.161, 0.125, 0.2166, 0.3866, 0.6132, 0.7762, 0.897, 0.9586, 0.9884, 0.9976, 0.9996, 1.0, 1.0, 1.0, 1.0, 1.0, 1.0, 1.0, 1.0, 1.0, 1.0, 1.0, 1.0, 1.0, 1.0, 1.0, 1.0, 1.0, 1.0, 1.0, 1.0, 1.0, 1.0, 1.0, 1.0, 1.0, 1.0, 1.0, 1.0, 1.0, 1.0, 1.0, 1.0, 1.0, 1.0, 1.0, 1.0, 1.0]}, "Apoptosis AUC": 44.3904}, "SMAD": {"Timesteps": {"Apoptosis": [0.0, 0.147, 0.1402, 0.1742, 0.1786, 0.3066, 0.5008, 0.6692, 0.8184, 0.9268, 0.9808, 0.995, 0.9992, 1.0, 1.0, 1.0, 1.0, 1.0, 1.0, 1.0, 1.0, 1.0, 1.0, 1.0, 1.0, 1.0, 1.0, 1.0, 1.0, 1.0, 1.0, 1.0, 1.0, 1.0, 1.0, 1.0, 1.0, 1.0, 1.0, 1.0, 1.0, 1.0, 1.0, 1.0, 1.0, 1.0, 1.0, 1.0, 1.0, 1.0, 1.0]}, "Apoptosis AUC": 44.8368}, "BclxL": {"Timesteps": {"Apoptosis": [0.0, 0.1464, 0.1224, 0.1048, 0.0184, 0.0, 0.0, 0.0, 0.0, 0.0, 0.0, 0.0, 0.0, 0.0, 0.0, 0.0, 0.0, 0.0, 0.0, 0.0, 0.0, 0.0, 0.0, 0.0, 0.0, 0.0, 0.0, 0.0, 0.0, 0.0, 0.0, 0.0, 0.0, 0.0, 0.0, 0.0, 0.0, 0.0, 0.0, 0.0, 0.0, 0.0, 0.0, 0.0, 0.0, 0.0, 0.0, 0.0, 0.0, 0.0, 0.0]}, "Apoptosis AUC": 0.392}, "p53": {"Timesteps": {"Apoptosis": [0.0, 0.1444, 0.1326, 0.1748, 0.1444, 0.255, 0.4774, 0.7104, 0.8714, 0.9584, 0.9882, 0.9982, 1.0, 1.0, 1.0, 1.0, 1.0, 1.0, 1.0, 1.0, 1.0, 1.0, 1.0, 1.0, 1.0, 1.0, 1.0, 1.0, 1.0, 1.0, 1.0, 1.0, 1.0, 1.0, 1.0, 1.0, 1.0, 1.0, 1.0, 1.0, 1.0, 1.0, 1.0, 1.0, 1.0, 1.0, 1.0, 1.0, 1.0, 1.0, 1.0]}, "Apoptosis AUC": 44.855199999999996}, "Raf": {"Timesteps": {"Apoptosis": [0.0, 0.0812, 0.0, 0.0, 0.0, 0.0, 0.0, 0.0, 0.0, 0.0, 0.0, 0.0, 0.0, 0.0, 0.0, 0.0, 0.0, 0.0, 0.0, 0.0, 0.0, 0.0, 0.0, 0.0, 0.0, 0.0, 0.0, 0.0, 0.0, 0.0, 0.0, 0.0, 0.0, 0.0, 0.0, 0.0, 0.0, 0.0, 0.0, 0.0, 0.0, 0.0, 0.0, 0.0, 0.0, 0.0, 0.0, 0.0, 0.0, 0.0, 0.0]}, "Apoptosis AUC": 0.0812}, "TGFBR": {"Timesteps": {"Apoptosis": [0.0, 0.1536, 0.1336, 0.1648, 0.1556, 0.2292, 0.3522, 0.439, 0.493, 0.5324, 0.5676, 0.5784, 0.577, 0.5818, 0.5898, 0.591, 0.5912, 0.5918, 0.596, 0.5952, 0.5952, 0.5978, 0.5966, 0.5966, 0.597, 0.5976, 0.5982, 0.5976, 0.5978, 0.5974, 0.598, 0.5978, 0.5978, 0.5982, 0.5984, 0.5986, 0.5984, 0.5986, 0.5988, 0.5988, 0.599, 0.599, 0.599, 0.599, 0.599, 0.599, 0.599, 0.599, 0.599, 0.599, 0.599]}, "Apoptosis AUC": 27.05740000000001}, "GADD45": {"Timesteps": {"Apoptosis": [0.0, 0.1532, 0.1262, 0.1562, 0.14, 0.242, 0.4388, 0.6522, 0.8184, 0.9282, 0.9794, 0.9948, 0.999, 0.9998, 1.0, 1.0, 1.0, 1.0, 1.0, 1.0, 1.0, 1.0, 1.0, 1.0, 1.0, 1.0, 1.0, 1.0, 1.0, 1.0, 1.0, 1.0, 1.0, 1.0, 1.0, 1.0, 1.0, 1.0, 1.0, 1.0, 1.0, 1.0, 1.0, 1.0, 1.0, 1.0, 1.0, 1.0, 1.0, 1.0, 1.0]}, "Apoptosis AUC": 44.6282},