{"TAK1": {"Timesteps": {"Apoptosis": [0.0, 0.1436, 0.1352, 0.1478, 0.1148, 0.2032, 0.3632, 0.4868, 0.569, 0.63, 0.6666, 0.6772, 0.6798, 0.685, 0.6862, 0.6884, 0.6912, 0.6948, 0.693, 0.6932, 0.6954, 0.6942, 0.6946, 0.6952, 0.6956, 0.6954, 0.6952, 0.6954, 0.6954, 0.696, 0.6962, 0.696, 0.6962, 0.6962, 0.6962, 0.6964, 0.6962, 0.696, 0.6964, 0.6964, 0.6962, 0.6964, 0.6962, 0.6962, 0.6962, 0.6964, 0.6962, 0.6962, 0.6962, 0.6962, 0.6962]}, "Apoptosis AUC": 31.22220000000002}, "ATM": {"Timesteps": {"Apoptosis": [0.0, 0.1452, 0.129, 0.1468, 0.1148, 0.2062, 0.3814, 0.5278, 0.6234, 0.6742, 0.703, 0.709, 0.7054, 0.707, 0.7076, 0.7078, 0.7052, 0.7054, 0.7066, 0.7072, 0.7064, 0.7056, 0.7058, 0.706, 0.7056, 0.7054, 0.7058, 0.7056, 0.7056, 0.7064, 0.7062, 0.7058, 0.7058, 0.7062, 0.706, 0.7054, 0.7054, 0.7056, 0.7056, 0.7056, 0.7056, 0.7056, 0.7056, 0.7056, 0.7056, 0.7056, 0.7056, 0.7056, 0.7056, 0.7056, 0.7056]}, "Apoptosis AUC": 31.890400000000007}, "AKT": {"Timesteps": {"Apoptosis": [0.0, 0.1358, 0.1248, 0.1298, 0.0804, 0.1124, 0.2198, 0.334, 0.405, 0.4636, 0.5142, 0.5382, 0.553, 0.5624, 0.5676, 0.57, 0.5768, 0.58, 0.5834, 0.5856, 0.5876, 0.5878, 0.5884, 0.5894, 0.5902, 0.591, 0.5926, 0.5928, 0.5934, 0.5934, 0.594, 0.5938, 0.5936, 0.5936, 0.5938, 0.5936, 0.5936, 0.5938, 0.5942, 0.5944, 0.5942, 0.5942, 0.5942, 0.5942, 0.5942, 0.5942, 0.5942, 0.5942, 0.5942, 0.5942, 0.5942]}, "Apoptosis AUC": 26.01800000000001}, "XIAP": {"Timesteps": {"Apoptosis": [0.0, 0.1276, 0.0, 0.0, 0.0, 0.0, 0.0, 0.0, 0.0, 0.0, 0.0, 0.0, 0.0, 0.0, 0.0, 0.0, 0.0, 0.0, 0.0, 0.0, 0.0, 0.0, 0.0, 0.0, 0.0, 0.0, 0.0, 0.0, 0.0, 0.0, 0.0, 0.0, 0.0, 0.0, 0.0, 0.0, 0.0, 0.0, 0.0, 0.0, 0.0, 0.0, 0.0, 0.0, 0.0, 0.0, 0.0, 0.0, 0.0, 0.0, 0.0]}, "Apoptosis AUC": 0.1276}, "STAT3": {"Timesteps": {"Apoptosis": [0.0, 0.1448, 0.1232, 0.1094, 0.0234, 0.0012, 0.0, 0.0, 0.0, 0.0, 0.0, 0.0, 0.0, 0.0, 0.0, 0.0, 0.0, 0.0, 0.0, 0.0, 0.0, 0.0, 0.0, 0.0, 0.0, 0.0, 0.0, 0.0, 0.0, 0.0, 0.0, 0.0, 0.0, 0.0, 0.0, 0.0, 0.0, 0.0, 0.0, 0.0, 0.0, 0.0, 0.0, 0.0, 0.0, 0.0, 0.0, 0.0, 0.0, 0.0, 0.0]}, "Apoptosis AUC": 0.40199999999999997}, "BID": {"Timesteps": {"Apoptosis": [0.0, 0.1536, 0.139, 0.1664, 0.132, 0.1734, 0.2782, 0.3854, 0.4606, 0.498, 0.532, 0.5556, 0.558, 0.5602, 0.566, 0.5678, 0.5686, 0.5676, 0.5688, 0.5692, 0.5722, 0.5734, 0.5742, 0.5726, 0.5744, 0.5756, 0.5748, 0.5748, 0.575, 0.5752, 0.5756, 0.5756, 0.5754, 0.5754, 0.5754, 0.5754, 0.5754, 0.5754, 0.5756, 0.5754, 0.5754, 0.5754, 0.5754, 0.5754, 0.5754, 0.5754, 0.5754, 0.5754, 0.5754, 0.5754, 0.5754]}, "Apoptosis AUC": 25.82659999999997}, "RIP": {"Timesteps": {"Apoptosis": [0.0, 0.1482, 0.1258, 0.1468, 0.1072, 0.1564, 0.255, 0.3626, 0.4484, 0.5098, 0.5468, 0.563, 0.5652, 0.569, 0.5744, 0.5786, 0.5812, 0.5822, 0.5864, 0.587, 0.587, 0.5886, 0.5888, 0.5902, 0.5894, 0.5896, 0.59, 0.5892, 0.5896, 0.5898, 0.5898, 0.5894, 0.5898, 0.5898, 0.5898, 0.5896, 0.5896, 0.5896, 0.5896, 0.5896, 0.5896, 0.5896, 0.5896, 0.5896, 0.5896, 0.5896, 0.5896, 0.5896, 0.5896, 0.5896, 0.5896]}, "Apoptosis AUC": 26.26840000000001}, "MYC": {"Timesteps": {"Apoptosis": [0.0, 0.1444, 0.1186, 0.1458, 0.11, 0.1706, 0.2932, 0.4238, 0.4926, 0.5394, 0.5682, 0.5808, 0.5884, 0.5872, 0.592, 0.5916, 0.5934, 0.5948, 0.5974, 0.6014, 0.6014, 0.6018, 0.6016, 0.602, 0.6024, 0.6034, 0.6028, 0.6034, 0.6036, 0.6032, 0.6036, 0.6038, 0.6036, 0.6038, 0.6036, 0.6036, 0.6036, 0.6036, 0.6036, 0.6036, 0.6036, 0.6036, 0.6036, 0.6036, 0.6036, 0.6036, 0.6036, 0.6036, 0.6036, 0.6036, 0.6036]}, "Apoptosis AUC": 27.035200000000003}, "DUSP1": {"Timesteps": {"Apoptosis": [0.0, 0.147, 0.1154, 0.1178, 0.064, 0.0502, 0.0222, 0.0052, 0.0002, 0.0, 0.0, 0.0, 0.0, 0.0, 0.0, 0.0, 0.0, 0.0, 0.0, 0.0, 0.0, 0.0, 0.0, 0.0, 0.0, 0.0, 0.0, 0.0, 0.0, 0.0, 0.0, 0.0, 0.0, 0.0, 0.0, 0.0, 0.0, 0.0, 0.0, 0.0, 0.0, 0.0, 0.0, 0.0, 0.0, 0.0, 0.0, 0.0, 0.0, 0.0, 0.0]}, "Apoptosis AUC": 0.522}, "Bcl2": {"Timesteps": {"Apoptosis": [0.0, 0.1484, 0.1194, 0.095, 0.0144, 0.0, 0.0, 0.0, 0.0, 0.0, 0.0, 0.0, 0.0, 0.0, 0.0, 0.0, 0.0, 0.0, 0.0, 0.0, 0.0, 0.0, 0.0, 0.0, 0.0, 0.0, 0.0, 0.0, 0.0, 0.0, 0.0, 0.0, 0.0, 0.0, 0.0, 0.0, 0.0, 0.0, 0.0, 0.0, 0.0, 0.0, 0.0, 0.0, 0.0, 0.0, 0.0, 0.0, 0.0, 0.0, 0.0]}, "Apoptosis AUC": 0.37720000000000004}, "TRAF2": {"Timesteps": {"Apoptosis": [0.0, 0.1434, 0.1312, 0.1632, 0.0878, 0.0402, 0.0164, 0.0018, 0.0, 0.0, 0.0, 0.0, 0.0, 0.0, 0.0, 0.0, 0.0, 0.0, 0.0, 0.0, 0.0, 0.0, 0.0, 0.0, 0.0, 0.0, 0.0, 0.0, 0.0, 0.0, 0.0, 0.0, 0.0, 0.0, 0.0, 0.0, 0.0, 0.0, 0.0, 0.0, 0.0, 0.0, 0.0, 0.0, 0.0, 0.0, 0.0, 0.0, 0.0, 0.0, 0.0]}, "Apoptosis AUC": 0.5840000000000001}, "TRAF6": {"Timesteps": {"Apoptosis": [0.0, 0.139, 0.1288, 0.15, 0.115, 0.2014, 0.3476, 0.4762, 0.5794, 0.6392, 0.6706, 0.6806, 0.6862, 0.689, 0.6944, 0.6982, 0.7006, 0.7026, 0.703, 0.7044, 0.7054, 0.7048, 0.704, 0.7046, 0.705, 0.705, 0.7058, 0.7062, 0.706, 0.706, 0.7064, 0.7064, 0.7062, 0.7062, 0.7062, 0.7062, 0.7062, 0.7062, 0.7062, 0.7062, 0.7062, 0.7062, 0.7062, 0.7062, 0.7062, 0.7062, 0.7062, 0.7062, 0.7062, 0.7062, 0.7062]}, "Apoptosis AUC": 31.58959999999998}, "NFkB": {"Timesteps": {"Apoptosis": [0.0, 0.1438, 0.1246, 0.1238, 0.0264, 0.0032, 0.0, 0.0, 0.0, 0.0, 0.0, 0.0, 0.0, 0.0, 0.0, 0.0, 0.0, 0.0, 0.0, 0.0, 0.0, 0.0, 0.0, 0.0, 0.0, 0.0, 0.0, 0.0, 0.0, 0.0, 0.0, 0.0, 0.0, 0.0, 0.0, 0.0, 0.0, 0.0, 0.0, 0.0, 0.0, 0.0, 0.0, 0.0, 0.0, 0.0, 0.0, 0.0, 0.0, 0.0, 0.0]}, "Apoptosis AUC": 0.42179999999999995}, "Bax": {"Timesteps": {"Apoptosis": [0.0, 0.1464, 0.2602, 0.5592, 0.6332, 0.5824, 0.5738, 0.5964, 0.6016, 0.5856, 0.5856, 0.5972, 0.5934, 0.587, 0.591, 0.587, 0.586, 0.5896, 0.5906, 0.5896, 0.5886, 0.5894, 0.5898, 0.59, 0.5904, 0.5902, 0.5904, 0.5908, 0.59, 0.5902, 0.5904, 0.5902, 0.59, 0.59, 0.59, 0.59, 0.59, 0.59, 0.59, 0.59, 0.59, 0.59, 0.59, 0.59, 0.59, 0.59, 0.59, 0.59, 0.59, 0.59, 0.59]}, "Apoptosis AUC": 28.7262}, "TNFR2": {"Timesteps": {"Apoptosis": [0.0, 0.151, 0.135, 0.1512, 0.1074, 0.135, 0.1952, 0.2838, 0.3856, 0.4752, 0.5422, 0.5878, 0.6044, 0.604, 0.606, 0.6114, 0.6144, 0.6132, 0.6154, 0.6176, 0.6162, 0.6166, 0.6174, 0.6198, 0.6202, 0.62, 0.6202, 0.6202, 0.6206, 0.6206, 0.6206, 0.621, 0.6206, 0.6204, 0.6206, 0.621, 0.621, 0.6208, 0.6208, 0.621, 0.6208, 0.6208, 0.6208, 0.621, 0.621, 0.6208, 0.6208, 0.621, 0.621, 0.6208, 0.6208]}, "Apoptosis AUC": 27.264999999999983}, "TNFR1": {"Timesteps": {"Apoptosis": [0.0, 0.146, 0.128, 0.1474, 0.1012, 0.1618, 0.278, 0.3918, 0.4656, 0.5032, 0.5308, 0.5526, 0.558, 0.563, 0.563, 0.5652, 0.5678, 0.5704, 0.5732, 0.5728, 0.5744, 0.575, 0.5744, 0.574, 0.5756, 0.5768, 0.5758, 0.5756, 0.576, 0.5766, 0.5762, 0.5764, 0.5766, 0.5762, 0.5762, 0.5764, 0.5768, 0.5762, 0.5762, 0.5762, 0.5764, 0.5764, 0.5764, 0.5764, 0.5764, 0.5764, 0.5764, 0.5764, 0.5764, 0.5764, 0.5764]}, "Apoptosis AUC": 25.79779999999999}, "SMAD": {"Timesteps": {"Apoptosis": [0.0, 0.1436, 0.127, 0.157, 0.125, 0.1954, 0.3292, 0.4442, 0.5206, 0.5816, 0.614, 0.6242, 0.6264, 0.6296, 0.6378, 0.6386, 0.6394, 0.6396, 0.6438, 0.6432, 0.6454, 0.6452, 0.6454, 0.646, 0.6466, 0.6468, 0.6478, 0.6476, 0.6474, 0.6474, 0.6474, 0.6476, 0.6476, 0.6474, 0.6474, 0.6478, 0.6478, 0.6476, 0.6476, 0.6478, 0.6478, 0.6478, 0.6478, 0.6478, 0.6478, 0.6478, 0.6478, 0.6478, 0.6478, 0.6478, 0.6478]}, "Apoptosis AUC": 29.02760000000001}, "BclxL": {"Timesteps": {"Apoptosis": [0.0, 0.148, 0.1116, 0.094, 0.0118, 0.0, 0.0, 0.0, 0.0, 0.0, 0.0, 0.0, 0.0, 0.0, 0.0, 0.0, 0.0, 0.0, 0.0, 0.0, 0.0, 0.0, 0.0, 0.0, 0.0, 0.0, 0.0, 0.0, 0.0, 0.0, 0.0, 0.0, 0.0, 0.0, 0.0, 0.0, 0.0, 0.0, 0.0, 0.0, 0.0, 0.0, 0.0, 0.0, 0.0, 0.0, 0.0, 0.0, 0.0, 0.0, 0.0]}, "Apoptosis AUC": 0.3654}, "p53": {"Timesteps": {"Apoptosis": [0.0, 0.145, 0.1352, 0.1498, 0.1242, 0.2154, 0.3908, 0.5298, 0.6186, 0.6678, 0.6954, 0.6984, 0.6976, 0.6936, 0.6972, 0.6976, 0.6952, 0.6962, 0.6958, 0.6956, 0.6948, 0.6954, 0.6948, 0.6946, 0.6942, 0.6946, 0.6942, 0.6938, 0.6946, 0.6946, 0.6942, 0.694, 0.6938, 0.6946, 0.6946, 0.6944, 0.6944, 0.6944, 0.6942, 0.6944, 0.6944, 0.6942, 0.6944, 0.6942, 0.6942, 0.6942, 0.6942, 0.6942, 0.6942, 0.6942, 0.6942]},