{"TAK1": {"Timesteps": {"Apoptosis": [0.0, 0.144, 0.1364, 0.1506, 0.0986, 0.1394, 0.2272, 0.3454, 0.5068, 0.66, 0.7762, 0.8536, 0.8944, 0.9264, 0.9508, 0.9698, 0.9824, 0.991, 0.9968, 0.999, 0.9998, 1.0, 1.0, 1.0, 1.0, 1.0, 1.0, 1.0, 1.0, 1.0, 1.0, 1.0, 1.0, 1.0, 1.0, 1.0, 1.0, 1.0, 1.0, 1.0, 1.0, 1.0, 1.0, 1.0, 1.0, 1.0, 1.0, 1.0, 1.0, 1.0, 1.0]}, "Apoptosis AUC": 42.7486}, "ATM": {"Timesteps": {"Apoptosis": [0.0, 0.1506, 0.1222, 0.1396, 0.0976, 0.1294, 0.225, 0.3502, 0.5038, 0.6626, 0.7828, 0.8578, 0.904, 0.9308, 0.9538, 0.9712, 0.9816, 0.9914, 0.9958, 0.9986, 0.9996, 0.9998, 1.0, 1.0, 1.0, 1.0, 1.0, 1.0, 1.0, 1.0, 1.0, 1.0, 1.0, 1.0, 1.0, 1.0, 1.0, 1.0, 1.0, 1.0, 1.0, 1.0, 1.0, 1.0, 1.0, 1.0, 1.0, 1.0, 1.0, 1.0, 1.0]}, "Apoptosis AUC": 42.7482}, "AKT": {"Timesteps": {"Apoptosis": [0.0, 0.145, 0.1302, 0.1438, 0.0716, 0.0802, 0.1242, 0.1504, 0.1742, 0.2036, 0.2264, 0.2412, 0.2486, 0.2534, 0.2552, 0.2556, 0.2558, 0.2558, 0.2558, 0.2558, 0.2558, 0.2558, 0.2558, 0.2558, 0.2558, 0.2558, 0.2558, 0.2558, 0.2558, 0.2558, 0.2558, 0.2558, 0.2558, 0.2558, 0.2558, 0.2558, 0.2558, 0.2558, 0.2558, 0.2558, 0.2558, 0.2558, 0.2558, 0.2558, 0.2558, 0.2558, 0.2558, 0.2558, 0.2558, 0.2558, 0.2558]}, "Apoptosis AUC": 11.656600000000006}, "XIAP": {"Timesteps": {"Apoptosis": [0.0, 0.1256, 0.0, 0.0, 0.0, 0.0, 0.0, 0.0, 0.0, 0.0, 0.0, 0.0, 0.0, 0.0, 0.0, 0.0, 0.0, 0.0, 0.0, 0.0, 0.0, 0.0, 0.0, 0.0, 0.0, 0.0, 0.0, 0.0, 0.0, 0.0, 0.0, 0.0, 0.0, 0.0, 0.0, 0.0, 0.0, 0.0, 0.0, 0.0, 0.0, 0.0, 0.0, 0.0, 0.0, 0.0, 0.0, 0.0, 0.0, 0.0, 0.0]}, "Apoptosis AUC": 0.1256}, "STAT3": {"Timesteps": {"Apoptosis": [0.0, 0.1456, 0.124, 0.1192, 0.0276, 0.0026, 0.0, 0.0, 0.0, 0.0, 0.0, 0.0, 0.0, 0.0, 0.0, 0.0, 0.0, 0.0, 0.0, 0.0, 0.0, 0.0, 0.0, 0.0, 0.0, 0.0, 0.0, 0.0, 0.0, 0.0, 0.0, 0.0, 0.0, 0.0, 0.0, 0.0, 0.0, 0.0, 0.0, 0.0, 0.0, 0.0, 0.0, 0.0, 0.0, 0.0, 0.0, 0.0, 0.0, 0.0, 0.0]}, "Apoptosis AUC": 0.41900000000000004}, "BID": {"Timesteps": {"Apoptosis": [0.0, 0.1442, 0.1352, 0.1722, 0.1596, 0.2728, 0.482, 0.694, 0.8506, 0.9516, 0.989, 0.9982, 1.0, 1.0, 1.0, 1.0, 1.0, 1.0, 1.0, 1.0, 1.0, 1.0, 1.0, 1.0, 1.0, 1.0, 1.0, 1.0, 1.0, 1.0, 1.0, 1.0, 1.0, 1.0, 1.0, 1.0, 1.0, 1.0, 1.0, 1.0, 1.0, 1.0, 1.0, 1.0, 1.0, 1.0, 1.0, 1.0, 1.0, 1.0, 1.0]}, "Apoptosis AUC": 44.8494}, "RIP": {"Timesteps": {"Apoptosis": [0.0, 0.1394, 0.1336, 0.1486, 0.0966, 0.1232, 0.2178, 0.3324, 0.4844, 0.6466, 0.7678, 0.8476, 0.8928, 0.9262, 0.9526, 0.97, 0.983, 0.991, 0.996, 0.9982, 0.9998, 1.0, 1.0, 1.0, 1.0, 1.0, 1.0, 1.0, 1.0, 1.0, 1.0, 1.0, 1.0, 1.0, 1.0, 1.0, 1.0, 1.0, 1.0, 1.0, 1.0, 1.0, 1.0, 1.0, 1.0, 1.0, 1.0, 1.0, 1.0, 1.0, 1.0]}, "Apoptosis AUC": 42.6476}, "MYC": {"Timesteps": {"Apoptosis": [0.0, 0.1496, 0.1222, 0.1384, 0.0992, 0.1354, 0.2228, 0.3484, 0.5022, 0.6514, 0.7688, 0.8464, 0.8942, 0.9214, 0.9472, 0.965, 0.9804, 0.9902, 0.996, 0.999, 0.9994, 0.9998, 1.0, 1.0, 1.0, 1.0, 1.0, 1.0, 1.0, 1.0, 1.0, 1.0, 1.0, 1.0, 1.0, 1.0, 1.0, 1.0, 1.0, 1.0, 1.0, 1.0, 1.0, 1.0, 1.0, 1.0, 1.0, 1.0, 1.0, 1.0, 1.0]}, "Apoptosis AUC": 42.6774}, "DUSP1": {"Timesteps": {"Apoptosis": [0.0, 0.1468, 0.1212, 0.117, 0.0584, 0.0784, 0.1412, 0.21, 0.2706, 0.3164, 0.3394, 0.3446, 0.3466, 0.3474, 0.3474, 0.3474, 0.3474, 0.3474, 0.3474, 0.3474, 0.3474, 0.3474, 0.3474, 0.3474, 0.3474, 0.3474, 0.3474, 0.3474, 0.3474, 0.3474, 0.3474, 0.3474, 0.3474, 0.3474, 0.3474, 0.3474, 0.3474, 0.3474, 0.3474, 0.3474, 0.3474, 0.3474, 0.3474, 0.3474, 0.3474, 0.3474, 0.3474, 0.3474, 0.3474, 0.3474, 0.3474]}, "Apoptosis AUC": 15.691800000000011}, "Bcl2": {"Timesteps": {"Apoptosis": [0.0, 0.1484, 0.1134, 0.0946, 0.0144, 0.0, 0.0, 0.0, 0.0, 0.0, 0.0, 0.0, 0.0, 0.0, 0.0, 0.0, 0.0, 0.0, 0.0, 0.0, 0.0, 0.0, 0.0, 0.0, 0.0, 0.0, 0.0, 0.0, 0.0, 0.0, 0.0, 0.0, 0.0, 0.0, 0.0, 0.0, 0.0, 0.0, 0.0, 0.0, 0.0, 0.0, 0.0, 0.0, 0.0, 0.0, 0.0, 0.0, 0.0, 0.0, 0.0]}, "Apoptosis AUC": 0.3708000000000001}, "TRAF2": {"Timesteps": {"Apoptosis": [0.0, 0.1486, 0.14, 0.1618, 0.0854, 0.04, 0.0146, 0.0034, 0.0, 0.0, 0.0, 0.0, 0.0, 0.0, 0.0, 0.0, 0.0, 0.0, 0.0, 0.0, 0.0, 0.0, 0.0, 0.0, 0.0, 0.0, 0.0, 0.0, 0.0, 0.0, 0.0, 0.0, 0.0, 0.0, 0.0, 0.0, 0.0, 0.0, 0.0, 0.0, 0.0, 0.0, 0.0, 0.0, 0.0, 0.0, 0.0, 0.0, 0.0, 0.0, 0.0]}, "Apoptosis AUC": 0.5938}, "TRAF6": {"Timesteps": {"Apoptosis": [0.0, 0.1466, 0.1346, 0.1544, 0.098, 0.1366, 0.2302, 0.3464, 0.5052, 0.6752, 0.7862, 0.8628, 0.9, 0.9306, 0.9508, 0.968, 0.984, 0.9912, 0.9966, 0.999, 0.9998, 0.9998, 1.0, 1.0, 1.0, 1.0, 1.0, 1.0, 1.0, 1.0, 1.0, 1.0, 1.0, 1.0, 1.0, 1.0, 1.0, 1.0, 1.0, 1.0, 1.0, 1.0, 1.0, 1.0, 1.0, 1.0, 1.0, 1.0, 1.0, 1.0, 1.0]}, "Apoptosis AUC": 42.796}, "NFkB": {"Timesteps": {"Apoptosis": [0.0, 0.1464, 0.1298, 0.1234, 0.031, 0.002, 0.0, 0.0, 0.0, 0.0, 0.0, 0.0, 0.0, 0.0, 0.0, 0.0, 0.0, 0.0, 0.0, 0.0, 0.0, 0.0, 0.0, 0.0, 0.0, 0.0, 0.0, 0.0, 0.0, 0.0, 0.0, 0.0, 0.0, 0.0, 0.0, 0.0, 0.0, 0.0, 0.0, 0.0, 0.0, 0.0, 0.0, 0.0, 0.0, 0.0, 0.0, 0.0, 0.0, 0.0, 0.0]}, "Apoptosis AUC": 0.4326}, "Bax": {"Timesteps": {"Apoptosis": [0.0, 0.1544, 0.2644, 0.564, 0.708, 0.781, 0.8612, 0.9276, 0.9656, 0.9866, 0.9972, 0.9998, 1.0, 1.0, 1.0, 1.0, 1.0, 1.0, 1.0, 1.0, 1.0, 1.0, 1.0, 1.0, 1.0, 1.0, 1.0, 1.0, 1.0, 1.0, 1.0, 1.0, 1.0, 1.0, 1.0, 1.0, 1.0, 1.0, 1.0, 1.0, 1.0, 1.0, 1.0, 1.0, 1.0, 1.0, 1.0, 1.0, 1.0, 1.0, 1.0]}, "Apoptosis AUC": 47.2098}, "TNFR2": {"Timesteps": {"Apoptosis": [0.0, 0.137, 0.1422, 0.154, 0.095, 0.1098, 0.1656, 0.2636, 0.4224, 0.5866, 0.7346, 0.8382, 0.8952, 0.9316, 0.9552, 0.9708, 0.9844, 0.9888, 0.9942, 0.9964, 0.999, 0.9998, 0.9998, 1.0, 1.0, 1.0, 1.0, 1.0, 1.0, 1.0, 1.0, 1.0, 1.0, 1.0, 1.0, 1.0, 1.0, 1.0, 1.0, 1.0, 1.0, 1.0, 1.0, 1.0, 1.0, 1.0, 1.0, 1.0, 1.0, 1.0, 1.0]}, "Apoptosis AUC": 42.3642}, "TNFR1": {"Timesteps": {"Apoptosis": [0.0, 0.146, 0.1222, 0.1426, 0.095, 0.133, 0.2224, 0.3412, 0.486, 0.6454, 0.7696, 0.8494, 0.8948, 0.9194, 0.9466, 0.965, 0.9832, 0.9916, 0.9958, 0.9986, 0.9992, 0.9998, 1.0, 1.0, 1.0, 1.0, 1.0, 1.0, 1.0, 1.0, 1.0, 1.0, 1.0, 1.0, 1.0, 1.0, 1.0, 1.0, 1.0, 1.0, 1.0, 1.0, 1.0, 1.0, 1.0, 1.0, 1.0, 1.0, 1.0, 1.0, 1.0]}, "Apoptosis AUC": 42.6468}, "SMAD": {"Timesteps": {"Apoptosis": [0.0, 0.1432, 0.1256, 0.1544, 0.1392, 0.2448, 0.463, 0.6732, 0.8476, 0.9458, 0.9894, 0.9984, 0.9996, 1.0, 1.0, 1.0, 1.0, 1.0, 1.0, 1.0, 1.0, 1.0, 1.0, 1.0, 1.0, 1.0, 1.0, 1.0, 1.0, 1.0, 1.0, 1.0, 1.0, 1.0, 1.0, 1.0, 1.0, 1.0, 1.0, 1.0, 1.0, 1.0, 1.0, 1.0, 1.0, 1.0, 1.0, 1.0, 1.0, 1.0, 1.0]}, "Apoptosis AUC": 44.724199999999996}, "BclxL": {"Timesteps": {"Apoptosis": [0.0, 0.1424, 0.1068, 0.0968, 0.0176, 0.0, 0.0, 0.0, 0.0, 0.0, 0.0, 0.0, 0.0, 0.0, 0.0, 0.0, 0.0, 0.0, 0.0, 0.0, 0.0, 0.0, 0.0, 0.0, 0.0, 0.0, 0.0, 0.0, 0.0, 0.0, 0.0, 0.0, 0.0, 0.0, 0.0, 0.0, 0.0, 0.0, 0.0, 0.0, 0.0, 0.0, 0.0, 0.0, 0.0, 0.0, 0.0, 0.0, 0.0, 0.0, 0.0]}, "Apoptosis AUC": 0.3636}, "p53": {"Timesteps": {"Apoptosis": [0.0, 0.1422, 0.1236, 0.1502, 0.1076, 0.1452, 0.2354, 0.3692, 0.5304, 0.69, 0.806, 0.877, 0.915, 0.9398, 0.9582, 0.973, 0.9852, 0.9934, 0.9974, 0.9994, 0.9998, 0.9998, 1.0, 1.0, 1.0, 1.0, 1.0, 1.0, 1.0, 1.0, 1.0, 1.0, 1.0, 1.0, 1.0, 1.0, 1.0, 1.0, 1.0, 1.0, 1.0, 1.0, 1.0, 1.0, 1.0, 1.0, 1.0, 1.0, 1.0, 1.0, 1.0]}, "Apoptosis AUC": 42.9378}, "Raf": {"Timesteps": {"Apoptosis": [0.0, 0.0868, 0.0, 0.0, 0.0, 0.0, 0.0, 0.0, 0.0, 0.0, 0.0, 0.0, 0.0, 0.0, 0.0, 0.0, 0.0, 0.0, 0.0, 0.0, 0.0, 0.0, 0.0, 0.0, 0.0, 0.0, 0.0, 0.0, 0.0, 0.0, 0.0, 0.0, 0.0, 0.0, 0.0, 0.0, 0.0, 0.0, 0.0, 0.0, 0.0, 0.0, 0.0, 0.0, 0.0, 0.0, 0.0, 0.0, 0.0, 0.0, 0.0]}, "Apoptosis AUC": 0.0868}, "TGFBR": {"Timesteps": {"Apoptosis": [0.0, 0.145, 0.132, 0.1536, 0.1282, 0.2132, 0.3646, 0.517, 0.6078, 0.6646, 0.685, 0.6908, 0.6906, 0.6914, 0.69, 0.6926, 0.694, 0.6934, 0.6922, 0.6926, 0.6934, 0.6922, 0.6928, 0.692, 0.6926, 0.6924, 0.6926, 0.6926, 0.6936, 0.6928, 0.6922, 0.6926, 0.692, 0.6922, 0.6924, 0.6924, 0.6922, 0.6924, 0.6924, 0.6922, 0.6924, 0.6924, 0.6922, 0.6922, 0.6922, 0.6924, 0.6924, 0.6922, 0.6924, 0.6924, 0.6922]}, "Apoptosis AUC": 31.303999999999988},