{"TAK1": {"Timesteps": {"Apoptosis": [0.0, 0.153, 0.1352, 0.1522, 0.0942, 0.1218, 0.1904, 0.2786, 0.396, 0.5146, 0.6078, 0.6672, 0.6952, 0.7104, 0.7186, 0.7208, 0.7216, 0.7194, 0.7208, 0.7198, 0.7198, 0.721, 0.721, 0.721, 0.7208, 0.7212, 0.7212, 0.7214, 0.7214, 0.7214, 0.7214, 0.7214, 0.7216, 0.7218, 0.7216, 0.7216, 0.7218, 0.7218, 0.7216, 0.7216, 0.7218, 0.7218, 0.7218, 0.7218, 0.7218, 0.7218, 0.7218, 0.7218, 0.7218, 0.7218, 0.7218]}, "Apoptosis AUC": 31.40380000000001}, "ATM": {"Timesteps": {"Apoptosis": [0.0, 0.1432, 0.1332, 0.1448, 0.0978, 0.125, 0.1958, 0.286, 0.4062, 0.5278, 0.62, 0.6724, 0.703, 0.7148, 0.7216, 0.7194, 0.7236, 0.7242, 0.7222, 0.7226, 0.7228, 0.7216, 0.7214, 0.721, 0.721, 0.7212, 0.7208, 0.7212, 0.7208, 0.721, 0.7212, 0.7212, 0.721, 0.7212, 0.721, 0.7212, 0.7212, 0.7212, 0.7214, 0.721, 0.7208, 0.721, 0.721, 0.7208, 0.7208, 0.7208, 0.7208, 0.7208, 0.7208, 0.7208, 0.7208]}, "Apoptosis AUC": 31.457200000000004}, "AKT": {"Timesteps": {"Apoptosis": [0.0, 0.1494, 0.1222, 0.1308, 0.0704, 0.073, 0.1074, 0.132, 0.1456, 0.1562, 0.162, 0.1672, 0.1668, 0.169, 0.1706, 0.1722, 0.172, 0.172, 0.174, 0.174, 0.174, 0.1744, 0.175, 0.1744, 0.1748, 0.175, 0.175, 0.1752, 0.1752, 0.1752, 0.1752, 0.1752, 0.1752, 0.1752, 0.1752, 0.1752, 0.1752, 0.1752, 0.1752, 0.1752, 0.1752, 0.1752, 0.1752, 0.1752, 0.1752, 0.1752, 0.1752, 0.1752, 0.1752, 0.1752, 0.1752]}, "Apoptosis AUC": 8.214200000000005}, "XIAP": {"Timesteps": {"Apoptosis": [0.0, 0.13, 0.0, 0.0, 0.0, 0.0, 0.0, 0.0, 0.0, 0.0, 0.0, 0.0, 0.0, 0.0, 0.0, 0.0, 0.0, 0.0, 0.0, 0.0, 0.0, 0.0, 0.0, 0.0, 0.0, 0.0, 0.0, 0.0, 0.0, 0.0, 0.0, 0.0, 0.0, 0.0, 0.0, 0.0, 0.0, 0.0, 0.0, 0.0, 0.0, 0.0, 0.0, 0.0, 0.0, 0.0, 0.0, 0.0, 0.0, 0.0, 0.0]}, "Apoptosis AUC": 0.13}, "STAT3": {"Timesteps": {"Apoptosis": [0.0, 0.1468, 0.1234, 0.112, 0.0248, 0.001, 0.0, 0.0, 0.0, 0.0, 0.0, 0.0, 0.0, 0.0, 0.0, 0.0, 0.0, 0.0, 0.0, 0.0, 0.0, 0.0, 0.0, 0.0, 0.0, 0.0, 0.0, 0.0, 0.0, 0.0, 0.0, 0.0, 0.0, 0.0, 0.0, 0.0, 0.0, 0.0, 0.0, 0.0, 0.0, 0.0, 0.0, 0.0, 0.0, 0.0, 0.0, 0.0, 0.0, 0.0, 0.0]}, "Apoptosis AUC": 0.408}, "BID": {"Timesteps": {"Apoptosis": [0.0, 0.1494, 0.1278, 0.1666, 0.153, 0.2406, 0.3862, 0.5292, 0.6248, 0.6828, 0.7056, 0.7086, 0.71, 0.7108, 0.712, 0.7088, 0.708, 0.7086, 0.7082, 0.709, 0.708, 0.709, 0.7092, 0.7086, 0.7086, 0.7088, 0.7084, 0.7086, 0.7088, 0.709, 0.7088, 0.709, 0.7092, 0.7092, 0.7094, 0.7092, 0.7092, 0.7092, 0.7092, 0.7092, 0.7092, 0.7092, 0.7092, 0.7092, 0.7092, 0.7092, 0.7092, 0.7092, 0.7092, 0.7092, 0.7092]}, "Apoptosis AUC": 32.12979999999998}, "RIP": {"Timesteps": {"Apoptosis": [0.0, 0.1496, 0.1296, 0.1504, 0.0942, 0.1102, 0.1734, 0.2734, 0.392, 0.5158, 0.6062, 0.6702, 0.6936, 0.7082, 0.7114, 0.7156, 0.715, 0.715, 0.7142, 0.7156, 0.7158, 0.7134, 0.7136, 0.7152, 0.7146, 0.7144, 0.715, 0.7156, 0.7148, 0.715, 0.715, 0.715, 0.715, 0.7152, 0.715, 0.7152, 0.715, 0.715, 0.715, 0.715, 0.715, 0.715, 0.715, 0.715, 0.715, 0.715, 0.715, 0.715, 0.715, 0.715, 0.715]}, "Apoptosis AUC": 31.116399999999995}, "MYC": {"Timesteps": {"Apoptosis": [0.0, 0.1444, 0.1334, 0.1452, 0.0916, 0.1188, 0.1864, 0.282, 0.389, 0.5036, 0.5982, 0.6582, 0.6826, 0.7038, 0.7106, 0.7122, 0.7108, 0.714, 0.7144, 0.712, 0.715, 0.714, 0.713, 0.7136, 0.7136, 0.714, 0.7134, 0.714, 0.7138, 0.7148, 0.7146, 0.7142, 0.714, 0.7138, 0.7138, 0.7138, 0.7136, 0.7136, 0.7136, 0.7138, 0.7136, 0.7136, 0.7136, 0.7136, 0.7136, 0.7136, 0.7136, 0.7136, 0.7136, 0.7136, 0.7136]}, "Apoptosis AUC": 31.038799999999988}, "DUSP1": {"Timesteps": {"Apoptosis": [0.0, 0.144, 0.1184, 0.1108, 0.053, 0.0442, 0.0318, 0.0134, 0.0034, 0.0002, 0.0, 0.0, 0.0, 0.0, 0.0, 0.0, 0.0, 0.0, 0.0, 0.0, 0.0, 0.0, 0.0, 0.0, 0.0, 0.0, 0.0, 0.0, 0.0, 0.0, 0.0, 0.0, 0.0, 0.0, 0.0, 0.0, 0.0, 0.0, 0.0, 0.0, 0.0, 0.0, 0.0, 0.0, 0.0, 0.0, 0.0, 0.0, 0.0, 0.0, 0.0]}, "Apoptosis AUC": 0.5191999999999999}, "Bcl2": {"Timesteps": {"Apoptosis": [0.0, 0.1424, 0.1126, 0.095, 0.0154, 0.0, 0.0, 0.0, 0.0, 0.0, 0.0, 0.0, 0.0, 0.0, 0.0, 0.0, 0.0, 0.0, 0.0, 0.0, 0.0, 0.0, 0.0, 0.0, 0.0, 0.0, 0.0, 0.0, 0.0, 0.0, 0.0, 0.0, 0.0, 0.0, 0.0, 0.0, 0.0, 0.0, 0.0, 0.0, 0.0, 0.0, 0.0, 0.0, 0.0, 0.0, 0.0, 0.0, 0.0, 0.0, 0.0]}, "Apoptosis AUC": 0.3654}, "TRAF2": {"Timesteps": {"Apoptosis": [0.0, 0.1422, 0.1344, 0.1612, 0.084, 0.0382, 0.0118, 0.0022, 0.0, 0.0, 0.0, 0.0, 0.0, 0.0, 0.0, 0.0, 0.0, 0.0, 0.0, 0.0, 0.0, 0.0, 0.0, 0.0, 0.0, 0.0, 0.0, 0.0, 0.0, 0.0, 0.0, 0.0, 0.0, 0.0, 0.0, 0.0, 0.0, 0.0, 0.0, 0.0, 0.0, 0.0, 0.0, 0.0, 0.0, 0.0, 0.0, 0.0, 0.0, 0.0, 0.0]}, "Apoptosis AUC": 0.574}, "TRAF6": {"Timesteps": {"Apoptosis": [0.0, 0.1414, 0.121, 0.1498, 0.0934, 0.117, 0.1872, 0.2808, 0.3998, 0.5232, 0.613, 0.666, 0.6962, 0.7106, 0.7144, 0.7128, 0.7132, 0.7158, 0.7146, 0.7156, 0.7162, 0.7168, 0.7154, 0.7154, 0.7148, 0.7156, 0.7158, 0.7152, 0.7148, 0.7152, 0.7152, 0.715, 0.7152, 0.7154, 0.7152, 0.7152, 0.7154, 0.7152, 0.7152, 0.7154, 0.7154, 0.7154, 0.7154, 0.7154, 0.7154, 0.7154, 0.7154, 0.7154, 0.7154, 0.7154, 0.7154]}, "Apoptosis AUC": 31.162799999999983}, "NFkB": {"Timesteps": {"Apoptosis": [0.0, 0.1514, 0.1226, 0.1144, 0.0296, 0.0022, 0.0, 0.0, 0.0, 0.0, 0.0, 0.0, 0.0, 0.0, 0.0, 0.0, 0.0, 0.0, 0.0, 0.0, 0.0, 0.0, 0.0, 0.0, 0.0, 0.0, 0.0, 0.0, 0.0, 0.0, 0.0, 0.0, 0.0, 0.0, 0.0, 0.0, 0.0, 0.0, 0.0, 0.0, 0.0, 0.0, 0.0, 0.0, 0.0, 0.0, 0.0, 0.0, 0.0, 0.0, 0.0]}, "Apoptosis AUC": 0.4202}, "Bax": {"Timesteps": {"Apoptosis": [0.0, 0.156, 0.267, 0.5724, 0.6794, 0.7026, 0.7306, 0.7262, 0.7148, 0.7202, 0.7242, 0.7216, 0.7208, 0.726, 0.7256, 0.7282, 0.7258, 0.7262, 0.7282, 0.728, 0.7274, 0.728, 0.7276, 0.7272, 0.7272, 0.728, 0.7276, 0.7278, 0.7278, 0.7286, 0.7278, 0.7276, 0.7276, 0.7276, 0.728, 0.7278, 0.7276, 0.7276, 0.7278, 0.7278, 0.7278, 0.7276, 0.7276, 0.7278, 0.7278, 0.7276, 0.7276, 0.7276, 0.7278, 0.7276, 0.7276]}, "Apoptosis AUC": 35.082599999999985}, "TNFR2": {"Timesteps": {"Apoptosis": [0.0, 0.151, 0.1398, 0.1572, 0.1002, 0.102, 0.1484, 0.2224, 0.336, 0.4662, 0.5762, 0.6502, 0.6816, 0.6982, 0.7062, 0.7096, 0.7092, 0.7086, 0.7092, 0.709, 0.7094, 0.7086, 0.7086, 0.7082, 0.7082, 0.7084, 0.7082, 0.7084, 0.7088, 0.7082, 0.7084, 0.7082, 0.7082, 0.7082, 0.708, 0.7082, 0.7082, 0.708, 0.708, 0.708, 0.708, 0.708, 0.708, 0.708, 0.708, 0.708, 0.708, 0.708, 0.708, 0.708, 0.708]}, "Apoptosis AUC": 30.635599999999982}, "TNFR1": {"Timesteps": {"Apoptosis": [0.0, 0.1426, 0.1234, 0.1346, 0.0916, 0.1184, 0.1892, 0.281, 0.3956, 0.5142, 0.6082, 0.6618, 0.6898, 0.6998, 0.7082, 0.7076, 0.708, 0.7102, 0.7098, 0.709, 0.709, 0.709, 0.7096, 0.7096, 0.7098, 0.709, 0.7092, 0.7088, 0.7088, 0.7092, 0.709, 0.7092, 0.7092, 0.7092, 0.7092, 0.7094, 0.7094, 0.7094, 0.7094, 0.7094, 0.7094, 0.7094, 0.7094, 0.7094, 0.7094, 0.7094, 0.7094, 0.7094, 0.7094, 0.7094, 0.7094]}, "Apoptosis AUC": 30.891199999999973}, "SMAD": {"Timesteps": {"Apoptosis": [0.0, 0.142, 0.128, 0.1604, 0.1544, 0.2382, 0.396, 0.5366, 0.6286, 0.6844, 0.706, 0.7068, 0.7068, 0.706, 0.7068, 0.7084, 0.7086, 0.711, 0.7088, 0.7094, 0.7096, 0.709, 0.7098, 0.7102, 0.7104, 0.7106, 0.7102, 0.7102, 0.71, 0.7104, 0.7102, 0.7104, 0.71, 0.7102, 0.7104, 0.7102, 0.7104, 0.7104, 0.7104, 0.7104, 0.7104, 0.7104, 0.7104, 0.7104, 0.7104, 0.7104, 0.7104, 0.7104, 0.7104, 0.7104, 0.7104]}, "Apoptosis AUC": 32.165000000000006}, "BclxL": {"Timesteps": {"Apoptosis": [0.0, 0.1502, 0.1124, 0.0978, 0.015, 0.0, 0.0, 0.0, 0.0, 0.0, 0.0, 0.0, 0.0, 0.0, 0.0, 0.0, 0.0, 0.0, 0.0, 0.0, 0.0, 0.0, 0.0, 0.0, 0.0, 0.0, 0.0, 0.0, 0.0, 0.0, 0.0, 0.0, 0.0, 0.0, 0.0, 0.0, 0.0, 0.0, 0.0, 0.0, 0.0, 0.0, 0.0, 0.0, 0.0, 0.0, 0.0, 0.0, 0.0, 0.0, 0.0]}, "Apoptosis AUC": 0.3754}, "p53": {"Timesteps": {"Apoptosis": [0.0, 0.1394, 0.1294, 0.1546, 0.0946, 0.1252, 0.1908, 0.2926, 0.4168, 0.5458, 0.634, 0.6868, 0.7072, 0.7166, 0.723, 0.7232, 0.7224, 0.7242, 0.724, 0.7248, 0.724, 0.7244, 0.724, 0.7242, 0.7238, 0.7244, 0.7246, 0.7238, 0.724, 0.7242, 0.724, 0.7238, 0.724, 0.724, 0.7238, 0.7238, 0.7238, 0.7238, 0.7238, 0.7238, 0.7238, 0.7238, 0.7238, 0.7238, 0.7238, 0.7238, 0.7238, 0.7238, 0.7238, 0.7238, 0.7238]}, "Apoptosis AUC": 31.617200000000015},