{"TAK1": {"Timesteps": {"Apoptosis": [0.0, 0.1588, 0.1296, 0.1536, 0.0974, 0.1214, 0.1858, 0.2658, 0.3716, 0.475, 0.5556, 0.6038, 0.6394, 0.6696, 0.6888, 0.702, 0.7084, 0.7144, 0.7202, 0.7196, 0.7222, 0.724, 0.7258, 0.7264, 0.7262, 0.7274, 0.7276, 0.7274, 0.7272, 0.7272, 0.728, 0.728, 0.7274, 0.7284, 0.7284, 0.7286, 0.7284, 0.7282, 0.7284, 0.7284, 0.7284, 0.7284, 0.7284, 0.7284, 0.7284, 0.7284, 0.7284, 0.7284, 0.7284, 0.7284, 0.7284]}, "Apoptosis AUC": 31.23680000000001}, "ATM": {"Timesteps": {"Apoptosis": [0.0, 0.1482, 0.1294, 0.1406, 0.0926, 0.1148, 0.1796, 0.269, 0.3896, 0.5198, 0.6102, 0.671, 0.6954, 0.7082, 0.7138, 0.719, 0.7176, 0.7168, 0.7168, 0.7166, 0.7166, 0.7168, 0.7174, 0.7166, 0.7172, 0.7162, 0.7164, 0.7168, 0.7164, 0.7164, 0.7162, 0.7166, 0.7164, 0.7162, 0.7164, 0.7166, 0.7166, 0.7164, 0.7166, 0.7166, 0.7164, 0.7164, 0.7164, 0.7164, 0.7164, 0.7164, 0.7164, 0.7164, 0.7164, 0.7164, 0.7164]}, "Apoptosis AUC": 31.180799999999998}, "AKT": {"Timesteps": {"Apoptosis": [0.0, 0.1396, 0.1262, 0.131, 0.0664, 0.0596, 0.071, 0.0734, 0.08, 0.0864, 0.0878, 0.0882, 0.0886, 0.0886, 0.0886, 0.0886, 0.0886, 0.0886, 0.0886, 0.0886, 0.0886, 0.0886, 0.0886, 0.0886, 0.0886, 0.0886, 0.0886, 0.0886, 0.0886, 0.0886, 0.0886, 0.0886, 0.0886, 0.0886, 0.0886, 0.0886, 0.0886, 0.0886, 0.0886, 0.0886, 0.0886, 0.0886, 0.0886, 0.0886, 0.0886, 0.0886, 0.0886, 0.0886, 0.0886, 0.0886, 0.0886]}, "Apoptosis AUC": 4.464999999999998}, "XIAP": {"Timesteps": {"Apoptosis": [0.0, 0.1314, 0.0, 0.0, 0.0, 0.0, 0.0, 0.0, 0.0, 0.0, 0.0, 0.0, 0.0, 0.0, 0.0, 0.0, 0.0, 0.0, 0.0, 0.0, 0.0, 0.0, 0.0, 0.0, 0.0, 0.0, 0.0, 0.0, 0.0, 0.0, 0.0, 0.0, 0.0, 0.0, 0.0, 0.0, 0.0, 0.0, 0.0, 0.0, 0.0, 0.0, 0.0, 0.0, 0.0, 0.0, 0.0, 0.0, 0.0, 0.0, 0.0]}, "Apoptosis AUC": 0.1314}, "STAT3": {"Timesteps": {"Apoptosis": [0.0, 0.151, 0.1206, 0.1106, 0.0236, 0.0012, 0.0, 0.0, 0.0, 0.0, 0.0, 0.0, 0.0, 0.0, 0.0, 0.0, 0.0, 0.0, 0.0, 0.0, 0.0, 0.0, 0.0, 0.0, 0.0, 0.0, 0.0, 0.0, 0.0, 0.0, 0.0, 0.0, 0.0, 0.0, 0.0, 0.0, 0.0, 0.0, 0.0, 0.0, 0.0, 0.0, 0.0, 0.0, 0.0, 0.0, 0.0, 0.0, 0.0, 0.0, 0.0]}, "Apoptosis AUC": 0.407}, "BID": {"Timesteps": {"Apoptosis": [0.0, 0.1442, 0.1356, 0.1656, 0.139, 0.1696, 0.2106, 0.2006, 0.1612, 0.1112, 0.0696, 0.039, 0.0214, 0.0112, 0.0062, 0.004, 0.0022, 0.0016, 0.0004, 0.0004, 0.0004, 0.0002, 0.0, 0.0, 0.0, 0.0, 0.0, 0.0, 0.0, 0.0, 0.0, 0.0, 0.0, 0.0, 0.0, 0.0, 0.0, 0.0, 0.0, 0.0, 0.0, 0.0, 0.0, 0.0, 0.0, 0.0, 0.0, 0.0, 0.0, 0.0, 0.0]}, "Apoptosis AUC": 1.5942}, "RIP": {"Timesteps": {"Apoptosis": [0.0, 0.143, 0.1324, 0.1502, 0.0854, 0.0844, 0.0958, 0.0944, 0.093, 0.08, 0.0598, 0.0358, 0.0224, 0.0126, 0.0072, 0.0028, 0.0014, 0.001, 0.0004, 0.0002, 0.0002, 0.0002, 0.0002, 0.0002, 0.0002, 0.0, 0.0, 0.0, 0.0, 0.0, 0.0, 0.0, 0.0, 0.0, 0.0, 0.0, 0.0, 0.0, 0.0, 0.0, 0.0, 0.0, 0.0, 0.0, 0.0, 0.0, 0.0, 0.0, 0.0, 0.0, 0.0]}, "Apoptosis AUC": 1.1031999999999997}, "MYC": {"Timesteps": {"Apoptosis": [0.0, 0.1472, 0.123, 0.1406, 0.0874, 0.1038, 0.144, 0.1826, 0.2374, 0.2974, 0.3376, 0.3646, 0.3786, 0.3862, 0.3898, 0.3904, 0.391, 0.391, 0.391, 0.391, 0.391, 0.391, 0.391, 0.391, 0.391, 0.391, 0.391, 0.391, 0.391, 0.391, 0.391, 0.391, 0.391, 0.391, 0.391, 0.391, 0.391, 0.391, 0.391, 0.391, 0.391, 0.391, 0.391, 0.391, 0.391, 0.391, 0.391, 0.391, 0.391, 0.391, 0.391]}, "Apoptosis AUC": 17.395599999999995}, "DUSP1": {"Timesteps": {"Apoptosis": [0.0, 0.1408, 0.1232, 0.1176, 0.0484, 0.0422, 0.029, 0.01, 0.0026, 0.0006, 0.0, 0.0, 0.0, 0.0, 0.0, 0.0, 0.0, 0.0, 0.0, 0.0, 0.0, 0.0, 0.0, 0.0, 0.0, 0.0, 0.0, 0.0, 0.0, 0.0, 0.0, 0.0, 0.0, 0.0, 0.0, 0.0, 0.0, 0.0, 0.0, 0.0, 0.0, 0.0, 0.0, 0.0, 0.0, 0.0, 0.0, 0.0, 0.0, 0.0, 0.0]}, "Apoptosis AUC": 0.5144000000000001}, "Bcl2": {"Timesteps": {"Apoptosis": [0.0, 0.158, 0.1172, 0.0952, 0.0164, 0.0, 0.0, 0.0, 0.0, 0.0, 0.0, 0.0, 0.0, 0.0, 0.0, 0.0, 0.0, 0.0, 0.0, 0.0, 0.0, 0.0, 0.0, 0.0, 0.0, 0.0, 0.0, 0.0, 0.0, 0.0, 0.0, 0.0, 0.0, 0.0, 0.0, 0.0, 0.0, 0.0, 0.0, 0.0, 0.0, 0.0, 0.0, 0.0, 0.0, 0.0, 0.0, 0.0, 0.0, 0.0, 0.0]}, "Apoptosis AUC": 0.38680000000000003}, "TRAF2": {"Timesteps": {"Apoptosis": [0.0, 0.1456, 0.1402, 0.1698, 0.0876, 0.0414, 0.0116, 0.0008, 0.0, 0.0, 0.0, 0.0, 0.0, 0.0, 0.0, 0.0, 0.0, 0.0, 0.0, 0.0, 0.0, 0.0, 0.0, 0.0, 0.0, 0.0, 0.0, 0.0, 0.0, 0.0, 0.0, 0.0, 0.0, 0.0, 0.0, 0.0, 0.0, 0.0, 0.0, 0.0, 0.0, 0.0, 0.0, 0.0, 0.0, 0.0, 0.0, 0.0, 0.0, 0.0, 0.0]}, "Apoptosis AUC": 0.5970000000000001}, "TRAF6": {"Timesteps": {"Apoptosis": [0.0, 0.1466, 0.1232, 0.1434, 0.096, 0.1176, 0.1746, 0.251, 0.3592, 0.4672, 0.5412, 0.5978, 0.636, 0.6632, 0.6816, 0.6962, 0.7022, 0.7076, 0.7112, 0.7142, 0.7156, 0.717, 0.7182, 0.7196, 0.7192, 0.7188, 0.7194, 0.7204, 0.7202, 0.72, 0.7204, 0.7206, 0.7206, 0.7204, 0.7204, 0.7204, 0.7204, 0.7204, 0.7204, 0.7204, 0.7204, 0.7204, 0.7204, 0.7204, 0.7204, 0.7204, 0.7204, 0.7204, 0.7204, 0.7204, 0.7204]}, "Apoptosis AUC": 30.847200000000033}, "NFkB": {"Timesteps": {"Apoptosis": [0.0, 0.1514, 0.1324, 0.1246, 0.0306, 0.0016, 0.0, 0.0, 0.0, 0.0, 0.0, 0.0, 0.0, 0.0, 0.0, 0.0, 0.0, 0.0, 0.0, 0.0, 0.0, 0.0, 0.0, 0.0, 0.0, 0.0, 0.0, 0.0, 0.0, 0.0, 0.0, 0.0, 0.0, 0.0, 0.0, 0.0, 0.0, 0.0, 0.0, 0.0, 0.0, 0.0, 0.0, 0.0, 0.0, 0.0, 0.0, 0.0, 0.0, 0.0, 0.0]}, "Apoptosis AUC": 0.4406}, "Bax": {"Timesteps": {"Apoptosis": [0.0, 0.1486, 0.2582, 0.5692, 0.6082, 0.5286, 0.4108, 0.2886, 0.1874, 0.1214, 0.0734, 0.0412, 0.0214, 0.012, 0.0068, 0.0042, 0.003, 0.0024, 0.0012, 0.0002, 0.0002, 0.0002, 0.0002, 0.0002, 0.0002, 0.0, 0.0, 0.0, 0.0, 0.0, 0.0, 0.0, 0.0, 0.0, 0.0, 0.0, 0.0, 0.0, 0.0, 0.0, 0.0, 0.0, 0.0, 0.0, 0.0, 0.0, 0.0, 0.0, 0.0, 0.0, 0.0]}, "Apoptosis AUC": 3.2878}, "TNFR2": {"Timesteps": {"Apoptosis": [0.0, 0.1522, 0.1308, 0.1456, 0.0842, 0.0796, 0.0882, 0.094, 0.097, 0.0832, 0.0688, 0.0512, 0.03, 0.0166, 0.0096, 0.006, 0.003, 0.0012, 0.001, 0.0008, 0.0004, 0.0002, 0.0002, 0.0, 0.0, 0.0, 0.0, 0.0, 0.0, 0.0, 0.0, 0.0, 0.0, 0.0, 0.0, 0.0, 0.0, 0.0, 0.0, 0.0, 0.0, 0.0, 0.0, 0.0, 0.0, 0.0, 0.0, 0.0, 0.0, 0.0, 0.0]}, "Apoptosis AUC": 1.1437999999999997}, "TNFR1": {"Timesteps": {"Apoptosis": [0.0, 0.1448, 0.1276, 0.1478, 0.0894, 0.0948, 0.0988, 0.1, 0.0916, 0.0768, 0.052, 0.0366, 0.0212, 0.0122, 0.0052, 0.0024, 0.0016, 0.0008, 0.0006, 0.0004, 0.0, 0.0, 0.0, 0.0, 0.0, 0.0, 0.0, 0.0, 0.0, 0.0, 0.0, 0.0, 0.0, 0.0, 0.0, 0.0, 0.0, 0.0, 0.0, 0.0, 0.0, 0.0, 0.0, 0.0, 0.0, 0.0, 0.0, 0.0, 0.0, 0.0, 0.0]}, "Apoptosis AUC": 1.1045999999999998}, "SMAD": {"Timesteps": {"Apoptosis": [0.0, 0.1398, 0.1268, 0.157, 0.1314, 0.2012, 0.3264, 0.444, 0.5292, 0.585, 0.6234, 0.6374, 0.6392, 0.645, 0.651, 0.6498, 0.6506, 0.6538, 0.6572, 0.6572, 0.6572, 0.6582, 0.6588, 0.6602, 0.6608, 0.6616, 0.6614, 0.6616, 0.6622, 0.6622, 0.6624, 0.662, 0.6622, 0.6626, 0.6626, 0.6626, 0.6624, 0.6626, 0.6624, 0.6624, 0.6624, 0.6626, 0.6624, 0.6626, 0.6626, 0.6626, 0.6626, 0.6626, 0.6626, 0.6626, 0.6626]}, "Apoptosis AUC": 29.62200000000002}, "BclxL": {"Timesteps": {"Apoptosis": [0.0, 0.1522, 0.1194, 0.0958, 0.0152, 0.0, 0.0, 0.0, 0.0, 0.0, 0.0, 0.0, 0.0, 0.0, 0.0, 0.0, 0.0, 0.0, 0.0, 0.0, 0.0, 0.0, 0.0, 0.0, 0.0, 0.0, 0.0, 0.0, 0.0, 0.0, 0.0, 0.0, 0.0, 0.0, 0.0, 0.0, 0.0, 0.0, 0.0, 0.0, 0.0, 0.0, 0.0, 0.0, 0.0, 0.0, 0.0, 0.0, 0.0, 0.0, 0.0]}, "Apoptosis AUC": 0.3826}, "p53": {"Timesteps": {"Apoptosis": [0.0, 0.1452, 0.1306, 0.1532, 0.1014, 0.1334, 0.1902, 0.2922, 0.416, 0.553, 0.6398, 0.689, 0.715, 0.7226, 0.7248, 0.7264, 0.7266, 0.724, 0.7256, 0.726, 0.7268, 0.7262, 0.7254, 0.7254, 0.7256, 0.7256, 0.7252, 0.7248, 0.7252, 0.7256, 0.7254, 0.7252, 0.7254, 0.7254, 0.7252, 0.7252, 0.7252, 0.7252, 0.7252, 0.7252, 0.7252, 0.7252, 0.7252, 0.7252, 0.7252, 0.7252, 0.7252, 0.7252, 0.7252, 0.7252, 0.7252]}, "Apoptosis AUC": 31.72060000000002}, "Raf": {"Timesteps": {"Apoptosis": [0.0, 0.0778, 0.0, 0.0, 0.0, 0.0, 0.0, 0.0, 0.0, 0.0, 0.0, 0.0, 0.0, 0.0, 0.0, 0.0, 0.0, 0.0, 0.0, 0.0, 0.0, 0.0, 0.0, 0.0, 0.0, 0.0, 0.0, 0.0, 0.0, 0.0, 0.0, 0.0, 0.0, 0.0, 0.0, 0.0, 0.0, 0.0, 0.0, 0.0, 0.0, 0.0, 0.0, 0.0, 0.0, 0.0, 0.0, 0.0, 0.0, 0.0, 0.0]}, "Apoptosis AUC": 0.0778},