{"TAK1": {"Timesteps": {"Growth_Arrest": [0.0, 0.5646, 0.5226, 0.3428, 0.3376, 0.417, 0.4612, 0.4626, 0.4846, 0.5276, 0.5652, 0.5798, 0.5834, 0.5854, 0.5936, 0.6114, 0.6128, 0.61, 0.6102, 0.6026, 0.604, 0.6032, 0.6002, 0.6146, 0.6128, 0.623, 0.6202, 0.6236, 0.6142, 0.6064, 0.623, 0.6242, 0.6276, 0.627, 0.6176, 0.615, 0.6274, 0.6294, 0.6284, 0.6284, 0.6266, 0.6256, 0.6224, 0.6264, 0.6254, 0.6188, 0.6196, 0.6152, 0.6172, 0.6414, 0.63]}, "Growth_Arrest AUC": 29.31379999999999}, "ATM": {"Timesteps": {"Growth_Arrest": [0.0, 0.5866, 0.7788, 0.91, 0.9828, 1.0, 1.0, 1.0, 1.0, 1.0, 1.0, 1.0, 1.0, 1.0, 1.0, 1.0, 1.0, 1.0, 1.0, 1.0, 1.0, 1.0, 1.0, 1.0, 1.0, 1.0, 1.0, 1.0, 1.0, 1.0, 1.0, 1.0, 1.0, 1.0, 1.0, 1.0, 1.0, 1.0, 1.0, 1.0, 1.0, 1.0, 1.0, 1.0, 1.0, 1.0, 1.0, 1.0, 1.0, 1.0, 1.0]}, "Growth_Arrest AUC": 49.2582}, "AKT": {"Timesteps": {"Growth_Arrest": [0.0, 0.469, 0.2838, 0.0598, 0.0, 0.0, 0.0, 0.0, 0.0, 0.0, 0.0, 0.0, 0.0, 0.0, 0.0, 0.0, 0.0, 0.0, 0.0, 0.0, 0.0, 0.0, 0.0, 0.0, 0.0, 0.0, 0.0, 0.0, 0.0, 0.0, 0.0, 0.0, 0.0, 0.0, 0.0, 0.0, 0.0, 0.0, 0.0, 0.0, 0.0, 0.0, 0.0, 0.0, 0.0, 0.0, 0.0, 0.0, 0.0, 0.0, 0.0]}, "Growth_Arrest AUC": 0.8125999999999999}, "XIAP": {"Timesteps": {"Growth_Arrest": [0.0, 0.5562, 0.512, 0.2996, 0.272, 0.3586, 0.4198, 0.434, 0.4624, 0.5108, 0.5488, 0.5644, 0.5834, 0.585, 0.584, 0.5914, 0.6078, 0.6102, 0.6184, 0.6146, 0.6144, 0.616, 0.6188, 0.618, 0.635, 0.6092, 0.615, 0.6122, 0.6194, 0.6198, 0.6244, 0.6234, 0.6232, 0.6106, 0.614, 0.6198, 0.6348, 0.621, 0.6238, 0.629, 0.6312, 0.6266, 0.6218, 0.6258, 0.6204, 0.6244, 0.6274, 0.6356, 0.6318, 0.6318, 0.6334]}, "Growth_Arrest AUC": 29.0454}, "STAT3": {"Timesteps": {"Growth_Arrest": [0.0, 0.5608, 0.515, 0.3244, 0.3568, 0.5262, 0.6636, 0.7236, 0.7996, 0.8836, 0.9518, 0.9902, 0.9978, 1.0, 1.0, 1.0, 1.0, 1.0, 1.0, 1.0, 1.0, 1.0, 1.0, 1.0, 1.0, 1.0, 1.0, 1.0, 1.0, 1.0, 1.0, 1.0, 1.0, 1.0, 1.0, 1.0, 1.0, 1.0, 1.0, 1.0, 1.0, 1.0, 1.0, 1.0, 1.0, 1.0, 1.0, 1.0, 1.0, 1.0, 1.0]}, "Growth_Arrest AUC": 46.2934}, "BID": {"Timesteps": {"Growth_Arrest": [0.0, 0.561, 0.5142, 0.304, 0.273, 0.367, 0.4228, 0.4364, 0.4552, 0.5006, 0.5494, 0.5694, 0.5862, 0.595, 0.5946, 0.5844, 0.5994, 0.6168, 0.6156, 0.6242, 0.6284, 0.6166, 0.609, 0.62, 0.6216, 0.6152, 0.6252, 0.6232, 0.6274, 0.629, 0.634, 0.6258, 0.622, 0.6134, 0.6252, 0.6258, 0.623, 0.6176, 0.6184, 0.6212, 0.6242, 0.6268, 0.6272, 0.6328, 0.6284, 0.616, 0.6072, 0.6156, 0.6262, 0.6374, 0.637]}, "Growth_Arrest AUC": 29.09}, "RIP": {"Timesteps": {"Growth_Arrest": [0.0, 0.5698, 0.513, 0.314, 0.2994, 0.398, 0.4374, 0.4556, 0.4784, 0.5162, 0.5432, 0.5662, 0.5784, 0.5894, 0.589, 0.5992, 0.6018, 0.6148, 0.6032, 0.6056, 0.6146, 0.6204, 0.6072, 0.619, 0.6308, 0.6222, 0.619, 0.6274, 0.6292, 0.6282, 0.6244, 0.6226, 0.6258, 0.6248, 0.633, 0.6252, 0.6276, 0.6324, 0.6308, 0.623, 0.6224, 0.6198, 0.6246, 0.631, 0.624, 0.6176, 0.622, 0.62, 0.626, 0.6194, 0.6226]}, "Growth_Arrest AUC": 29.209600000000005}, "MYC": {"Timesteps": {"Growth_Arrest": [0.0, 0.5668, 0.5426, 0.3914, 0.394, 0.5206, 0.6218, 0.6778, 0.728, 0.7816, 0.8386, 0.8792, 0.8986, 0.9168, 0.934, 0.945, 0.9568, 0.9646, 0.9692, 0.975, 0.9778, 0.9828, 0.9846, 0.9858, 0.9878, 0.9888, 0.9916, 0.9934, 0.994, 0.9948, 0.9956, 0.9962, 0.9972, 0.9974, 0.9972, 0.9978, 0.9978, 0.9982, 0.9982, 0.9984, 0.9984, 0.9986, 0.9992, 0.9998, 0.9994, 0.9996, 0.9996, 0.9998, 1.0, 1.0, 1.0]}, "Growth_Arrest AUC": 45.3522}, "DUSP1": {"Timesteps": {"Growth_Arrest": [0.0, 0.5612, 0.45, 0.1174, 0.0, 0.0, 0.0, 0.0, 0.0, 0.0, 0.0, 0.0, 0.0, 0.0, 0.0, 0.0, 0.0, 0.0, 0.0, 0.0, 0.0, 0.0, 0.0, 0.0, 0.0, 0.0, 0.0, 0.0, 0.0, 0.0, 0.0, 0.0, 0.0, 0.0, 0.0, 0.0, 0.0, 0.0, 0.0, 0.0, 0.0, 0.0, 0.0, 0.0, 0.0, 0.0, 0.0, 0.0, 0.0, 0.0, 0.0]}, "Growth_Arrest AUC": 1.1286}, "Bcl2": {"Timesteps": {"Growth_Arrest": [0.0, 0.5674, 0.5262, 0.299, 0.2648, 0.354, 0.4184, 0.4412, 0.477, 0.5116, 0.5504, 0.566, 0.578, 0.5862, 0.5926, 0.5908, 0.5942, 0.604, 0.6006, 0.6106, 0.6238, 0.6152, 0.619, 0.624, 0.6134, 0.6156, 0.6158, 0.6158, 0.6322, 0.637, 0.6134, 0.619, 0.6232, 0.6358, 0.6286, 0.6276, 0.622, 0.6292, 0.6282, 0.6222, 0.617, 0.6274, 0.6152, 0.6354, 0.6358, 0.6214, 0.6238, 0.6286, 0.63, 0.6276, 0.622]}, "Growth_Arrest AUC": 29.078200000000002}, "TRAF2": {"Timesteps": {"Growth_Arrest": [0.0, 0.558, 0.5126, 0.3132, 0.3146, 0.3992, 0.441, 0.4766, 0.4996, 0.526, 0.5362, 0.5614, 0.5894, 0.5824, 0.5808, 0.5912, 0.6052, 0.6028, 0.5864, 0.5966, 0.609, 0.6198, 0.6178, 0.6346, 0.6328, 0.6136, 0.6202, 0.627, 0.6304, 0.6258, 0.6134, 0.6302, 0.635, 0.631, 0.6208, 0.6266, 0.6396, 0.639, 0.63, 0.637, 0.6186, 0.6096, 0.6174, 0.627, 0.6298, 0.6238, 0.634, 0.6302, 0.6268, 0.6288, 0.626]}, "Growth_Arrest AUC": 29.2788}, "TRAF6": {"Timesteps": {"Growth_Arrest": [0.0, 0.5558, 0.5076, 0.3176, 0.3188, 0.3902, 0.446, 0.4642, 0.4898, 0.5264, 0.5568, 0.576, 0.5906, 0.606, 0.6024, 0.6066, 0.608, 0.61, 0.6136, 0.6112, 0.6166, 0.6168, 0.6078, 0.6152, 0.6078, 0.6214, 0.6222, 0.6182, 0.631, 0.638, 0.6286, 0.6266, 0.6196, 0.6244, 0.6378, 0.6266, 0.6308, 0.6066, 0.6104, 0.6228, 0.6182, 0.6444, 0.6324, 0.6234, 0.6126, 0.629, 0.6222, 0.6242, 0.628, 0.6318, 0.628]}, "Growth_Arrest AUC": 29.320999999999998}, "NFkB": {"Timesteps": {"Growth_Arrest": [0.0, 0.5552, 0.5174, 0.296, 0.263, 0.3476, 0.424, 0.4696, 0.473, 0.4926, 0.5228, 0.55, 0.5614, 0.568, 0.5878, 0.602, 0.5952, 0.594, 0.6018, 0.6114, 0.6168, 0.6148, 0.6126, 0.6208, 0.6398, 0.6256, 0.631, 0.6076, 0.6194, 0.6342, 0.613, 0.6248, 0.619, 0.6288, 0.6364, 0.633, 0.631, 0.6276, 0.627, 0.622, 0.6168, 0.6186, 0.6164, 0.6216, 0.6266, 0.6186, 0.6176, 0.6384, 0.6286, 0.6288, 0.6252]}, "Growth_Arrest AUC": 28.9752}, "Bax": {"Timesteps": {"Growth_Arrest": [0.0, 0.5678, 0.5172, 0.3034, 0.2628, 0.3518, 0.4162, 0.4364, 0.455, 0.5002, 0.5494, 0.5754, 0.5768, 0.5834, 0.5862, 0.576, 0.594, 0.6076, 0.6054, 0.6148, 0.6156, 0.6194, 0.6084, 0.61, 0.6156, 0.6284, 0.6372, 0.626, 0.63, 0.6304, 0.6264, 0.632, 0.627, 0.6262, 0.6264, 0.6216, 0.6308, 0.625, 0.6172, 0.6134, 0.6192, 0.6354, 0.632, 0.6304, 0.6152, 0.6158, 0.6238, 0.6274, 0.6268, 0.6344, 0.6278]}, "Growth_Arrest AUC": 29.035000000000007}, "TNFR2": {"Timesteps": {"Growth_Arrest": [0.0, 0.5712, 0.5298, 0.3012, 0.2864, 0.3656, 0.4172, 0.446, 0.4718, 0.4986, 0.54, 0.5704, 0.5804, 0.5992, 0.6032, 0.6074, 0.6078, 0.6072, 0.618, 0.6142, 0.6198, 0.6212, 0.619, 0.6248, 0.6068, 0.6188, 0.6192, 0.6184, 0.6184, 0.6212, 0.6154, 0.622, 0.6326, 0.626, 0.6208, 0.6274, 0.6302, 0.618, 0.6384, 0.634, 0.6212, 0.632, 0.627, 0.624, 0.623, 0.6144, 0.613, 0.6252, 0.6356, 0.6324, 0.6308]}, "Growth_Arrest AUC": 29.1666}, "TNFR1": {"Timesteps": {"Growth_Arrest": [0.0, 0.5616, 0.5118, 0.3006, 0.2758, 0.3726, 0.4232, 0.452, 0.4824, 0.514, 0.5572, 0.5626, 0.5852, 0.5942, 0.5912, 0.5908, 0.6014, 0.6032, 0.622, 0.618, 0.614, 0.6194, 0.6212, 0.6184, 0.6188, 0.6328, 0.6252, 0.6198, 0.623, 0.6214, 0.641, 0.6228, 0.6176, 0.627, 0.6244, 0.6354, 0.635, 0.6296, 0.622, 0.634, 0.6276, 0.6158, 0.6232, 0.6268, 0.6294, 0.634, 0.6262, 0.6242, 0.6174, 0.614, 0.6344]}, "Growth_Arrest AUC": 29.195600000000002}, "SMAD": {"Timesteps": {"Growth_Arrest": [0.0, 0.7526, 1.0, 1.0, 1.0, 1.0, 1.0, 1.0, 1.0, 1.0, 1.0, 1.0, 1.0, 1.0, 1.0, 1.0, 1.0, 1.0, 1.0, 1.0, 1.0, 1.0, 1.0, 1.0, 1.0, 1.0, 1.0, 1.0, 1.0, 1.0, 1.0, 1.0, 1.0, 1.0, 1.0, 1.0, 1.0, 1.0, 1.0, 1.0, 1.0, 1.0, 1.0, 1.0, 1.0, 1.0, 1.0, 1.0, 1.0, 1.0, 1.0]}, "Growth_Arrest AUC": 49.7526}, "BclxL": {"Timesteps": {"Growth_Arrest": [0.0, 0.5576, 0.5226, 0.291, 0.2602, 0.3502, 0.4204, 0.4418, 0.4606, 0.4888, 0.5434, 0.576, 0.576, 0.5784, 0.5968, 0.599, 0.6016, 0.601, 0.6072, 0.611, 0.607, 0.6172, 0.6266, 0.6112, 0.6316, 0.6186, 0.623, 0.6212, 0.6256, 0.6288, 0.636, 0.6226, 0.637, 0.6346, 0.6288, 0.6364, 0.6196, 0.6308, 0.6316, 0.6302, 0.6242, 0.6274, 0.6262, 0.6268, 0.6366, 0.6372, 0.6306, 0.6208, 0.6248, 0.634, 0.6374]}, "Growth_Arrest AUC": 29.127999999999993},