{"TAK1": {"Timesteps": {"Growth_Arrest": [0.0, 0.5622, 0.525, 0.3204, 0.271, 0.3062, 0.3302, 0.3462, 0.3272, 0.3076, 0.2954, 0.2902, 0.2948, 0.305, 0.3128, 0.2974, 0.2964, 0.2964, 0.3018, 0.2928, 0.3018, 0.312, 0.3026, 0.307, 0.3016, 0.2904, 0.2838, 0.292, 0.3072, 0.3102, 0.311, 0.3022, 0.3046, 0.2866, 0.2948, 0.3028, 0.297, 0.2976, 0.3078, 0.3064, 0.304, 0.2996, 0.298, 0.3022, 0.298, 0.3068, 0.3086, 0.3034, 0.3144, 0.293, 0.308]}, "Growth_Arrest AUC": 15.634400000000003}, "ATM": {"Timesteps": {"Growth_Arrest": [0.0, 0.5832, 0.7932, 0.9034, 0.9812, 1.0, 1.0, 1.0, 1.0, 1.0, 1.0, 1.0, 1.0, 1.0, 1.0, 1.0, 1.0, 1.0, 1.0, 1.0, 1.0, 1.0, 1.0, 1.0, 1.0, 1.0, 1.0, 1.0, 1.0, 1.0, 1.0, 1.0, 1.0, 1.0, 1.0, 1.0, 1.0, 1.0, 1.0, 1.0, 1.0, 1.0, 1.0, 1.0, 1.0, 1.0, 1.0, 1.0, 1.0, 1.0, 1.0]}, "Growth_Arrest AUC": 49.260999999999996}, "AKT": {"Timesteps": {"Growth_Arrest": [0.0, 0.4928, 0.2986, 0.059, 0.0, 0.0, 0.0, 0.0, 0.0, 0.0, 0.0, 0.0, 0.0, 0.0, 0.0, 0.0, 0.0, 0.0, 0.0, 0.0, 0.0, 0.0, 0.0, 0.0, 0.0, 0.0, 0.0, 0.0, 0.0, 0.0, 0.0, 0.0, 0.0, 0.0, 0.0, 0.0, 0.0, 0.0, 0.0, 0.0, 0.0, 0.0, 0.0, 0.0, 0.0, 0.0, 0.0, 0.0, 0.0, 0.0, 0.0]}, "Growth_Arrest AUC": 0.8504}, "XIAP": {"Timesteps": {"Growth_Arrest": [0.0, 0.5628, 0.511, 0.2698, 0.1922, 0.1842, 0.1644, 0.119, 0.0668, 0.0342, 0.0166, 0.0074, 0.0058, 0.0036, 0.0022, 0.0014, 0.001, 0.0004, 0.0006, 0.0002, 0.0002, 0.0002, 0.0002, 0.0, 0.0, 0.0, 0.0, 0.0, 0.0, 0.0, 0.0, 0.0, 0.0, 0.0, 0.0, 0.0, 0.0, 0.0, 0.0, 0.0, 0.0, 0.0, 0.0, 0.0, 0.0, 0.0, 0.0, 0.0, 0.0, 0.0, 0.0]}, "Growth_Arrest AUC": 2.1441999999999997}, "STAT3": {"Timesteps": {"Growth_Arrest": [0.0, 0.5596, 0.523, 0.3162, 0.2696, 0.3208, 0.3628, 0.3682, 0.3632, 0.3604, 0.3592, 0.3588, 0.3586, 0.3586, 0.3586, 0.3586, 0.3586, 0.3586, 0.3586, 0.3586, 0.3586, 0.3586, 0.3586, 0.3586, 0.3586, 0.3586, 0.3586, 0.3586, 0.3586, 0.3586, 0.3586, 0.3586, 0.3586, 0.3586, 0.3586, 0.3586, 0.3586, 0.3586, 0.3586, 0.3586, 0.3586, 0.3586, 0.3586, 0.3586, 0.3586, 0.3586, 0.3586, 0.3586, 0.3586, 0.3586, 0.3586]}, "Growth_Arrest AUC": 18.147199999999977}, "BID": {"Timesteps": {"Growth_Arrest": [0.0, 0.557, 0.52, 0.2858, 0.203, 0.1794, 0.1518, 0.1098, 0.0684, 0.0338, 0.016, 0.0078, 0.0036, 0.0026, 0.0016, 0.001, 0.0002, 0.0002, 0.0002, 0.0, 0.0, 0.0, 0.0, 0.0, 0.0, 0.0, 0.0, 0.0, 0.0, 0.0, 0.0, 0.0, 0.0, 0.0, 0.0, 0.0, 0.0, 0.0, 0.0, 0.0, 0.0, 0.0, 0.0, 0.0, 0.0, 0.0, 0.0, 0.0, 0.0, 0.0, 0.0]}, "Growth_Arrest AUC": 2.1422}, "RIP": {"Timesteps": {"Growth_Arrest": [0.0, 0.556, 0.5036, 0.2904, 0.205, 0.1904, 0.1682, 0.1232, 0.072, 0.0364, 0.0174, 0.0078, 0.0062, 0.0034, 0.002, 0.0012, 0.0004, 0.0002, 0.0, 0.0002, 0.0, 0.0, 0.0, 0.0, 0.0, 0.0, 0.0, 0.0, 0.0, 0.0, 0.0, 0.0, 0.0, 0.0, 0.0, 0.0, 0.0, 0.0, 0.0, 0.0, 0.0, 0.0, 0.0, 0.0, 0.0, 0.0, 0.0, 0.0, 0.0, 0.0, 0.0]}, "Growth_Arrest AUC": 2.1839999999999997}, "MYC": {"Timesteps": {"Growth_Arrest": [0.0, 0.5718, 0.5332, 0.3606, 0.3288, 0.3542, 0.381, 0.3828, 0.379, 0.3768, 0.376, 0.3758, 0.3758, 0.3758, 0.3756, 0.3756, 0.3754, 0.3754, 0.3754, 0.3754, 0.3754, 0.3754, 0.3754, 0.3754, 0.3754, 0.3754, 0.3754, 0.3754, 0.3754, 0.3754, 0.3754, 0.3754, 0.3754, 0.3754, 0.3754, 0.3754, 0.3754, 0.3754, 0.3754, 0.3754, 0.3754, 0.3754, 0.3754, 0.3754, 0.3754, 0.3754, 0.3754, 0.3754, 0.3754, 0.3754, 0.3754]}, "Growth_Arrest AUC": 19.061800000000012}, "DUSP1": {"Timesteps": {"Growth_Arrest": [0.0, 0.5462, 0.4508, 0.1268, 0.0, 0.0, 0.0, 0.0, 0.0, 0.0, 0.0, 0.0, 0.0, 0.0, 0.0, 0.0, 0.0, 0.0, 0.0, 0.0, 0.0, 0.0, 0.0, 0.0, 0.0, 0.0, 0.0, 0.0, 0.0, 0.0, 0.0, 0.0, 0.0, 0.0, 0.0, 0.0, 0.0, 0.0, 0.0, 0.0, 0.0, 0.0, 0.0, 0.0, 0.0, 0.0, 0.0, 0.0, 0.0, 0.0, 0.0]}, "Growth_Arrest AUC": 1.1238}, "Bcl2": {"Timesteps": {"Growth_Arrest": [0.0, 0.5536, 0.5106, 0.2772, 0.194, 0.1762, 0.1536, 0.1194, 0.0736, 0.0368, 0.0166, 0.0088, 0.005, 0.0028, 0.0018, 0.0004, 0.0, 0.0, 0.0, 0.0002, 0.0002, 0.0002, 0.0002, 0.0002, 0.0002, 0.0, 0.0, 0.0, 0.0, 0.0, 0.0, 0.0, 0.0, 0.0, 0.0, 0.0, 0.0, 0.0, 0.0, 0.0, 0.0, 0.0, 0.0, 0.0, 0.0, 0.0, 0.0, 0.0, 0.0, 0.0, 0.0]}, "Growth_Arrest AUC": 2.1315999999999993}, "TRAF2": {"Timesteps": {"Growth_Arrest": [0.0, 0.5632, 0.5104, 0.3036, 0.2696, 0.3134, 0.3688, 0.4178, 0.4302, 0.4236, 0.4126, 0.41, 0.4064, 0.4112, 0.411, 0.421, 0.4208, 0.4186, 0.4016, 0.4064, 0.4216, 0.4212, 0.4226, 0.4084, 0.4084, 0.415, 0.4132, 0.414, 0.4164, 0.42, 0.4108, 0.4168, 0.4142, 0.4232, 0.425, 0.418, 0.413, 0.4244, 0.4158, 0.4122, 0.4112, 0.422, 0.4186, 0.4246, 0.4214, 0.4116, 0.4096, 0.4132, 0.4132, 0.4078, 0.4144]}, "Growth_Arrest AUC": 20.622000000000003}, "TRAF6": {"Timesteps": {"Growth_Arrest": [0.0, 0.5534, 0.515, 0.2986, 0.2588, 0.2984, 0.334, 0.3388, 0.3146, 0.3006, 0.288, 0.2928, 0.3062, 0.3018, 0.2934, 0.3044, 0.3092, 0.297, 0.2964, 0.2966, 0.2926, 0.2952, 0.3048, 0.3018, 0.2996, 0.2926, 0.2964, 0.298, 0.2966, 0.2978, 0.2944, 0.2906, 0.3002, 0.2978, 0.2998, 0.3012, 0.298, 0.2904, 0.2978, 0.2966, 0.3022, 0.2968, 0.2984, 0.2994, 0.2918, 0.2988, 0.3054, 0.3054, 0.3028, 0.2994, 0.2992]}, "Growth_Arrest AUC": 15.4398}, "NFkB": {"Timesteps": {"Growth_Arrest": [0.0, 0.5658, 0.5138, 0.2836, 0.1978, 0.2138, 0.2012, 0.1614, 0.1256, 0.0868, 0.0642, 0.044, 0.0316, 0.0234, 0.0182, 0.0118, 0.0086, 0.007, 0.0056, 0.0032, 0.0018, 0.001, 0.0014, 0.001, 0.0004, 0.0006, 0.0006, 0.0002, 0.0002, 0.0, 0.0, 0.0, 0.0, 0.0, 0.0, 0.0, 0.0, 0.0, 0.0, 0.0, 0.0, 0.0, 0.0, 0.0, 0.0, 0.0, 0.0, 0.0, 0.0, 0.0, 0.0]}, "Growth_Arrest AUC": 2.5746}, "Bax": {"Timesteps": {"Growth_Arrest": [0.0, 0.5528, 0.5008, 0.283, 0.1978, 0.181, 0.1624, 0.1164, 0.0726, 0.0352, 0.0156, 0.0062, 0.0038, 0.0028, 0.0016, 0.0006, 0.0006, 0.0002, 0.0, 0.0, 0.0, 0.0, 0.0, 0.0, 0.0, 0.0, 0.0, 0.0, 0.0, 0.0, 0.0, 0.0, 0.0, 0.0, 0.0, 0.0, 0.0, 0.0, 0.0, 0.0, 0.0, 0.0, 0.0, 0.0, 0.0, 0.0, 0.0, 0.0, 0.0, 0.0, 0.0]}, "Growth_Arrest AUC": 2.1334}, "TNFR2": {"Timesteps": {"Growth_Arrest": [0.0, 0.5764, 0.5114, 0.2942, 0.2094, 0.213, 0.1998, 0.1626, 0.1082, 0.0574, 0.0292, 0.0134, 0.0098, 0.0056, 0.0038, 0.002, 0.0006, 0.0, 0.0002, 0.0002, 0.0002, 0.0002, 0.0, 0.0, 0.0, 0.0, 0.0, 0.0, 0.0, 0.0, 0.0, 0.0, 0.0, 0.0, 0.0, 0.0, 0.0, 0.0, 0.0, 0.0, 0.0, 0.0, 0.0, 0.0, 0.0, 0.0, 0.0, 0.0, 0.0, 0.0, 0.0]}, "Growth_Arrest AUC": 2.3975999999999993}, "TNFR1": {"Timesteps": {"Growth_Arrest": [0.0, 0.5662, 0.5254, 0.2862, 0.1992, 0.1876, 0.155, 0.1108, 0.066, 0.0318, 0.014, 0.0058, 0.005, 0.003, 0.0018, 0.0014, 0.001, 0.0006, 0.0006, 0.0002, 0.0002, 0.0, 0.0, 0.0, 0.0, 0.0, 0.0, 0.0, 0.0, 0.0, 0.0, 0.0, 0.0, 0.0, 0.0, 0.0, 0.0, 0.0, 0.0, 0.0, 0.0, 0.0, 0.0, 0.0, 0.0, 0.0, 0.0, 0.0, 0.0, 0.0, 0.0]}, "Growth_Arrest AUC": 2.161799999999999}, "SMAD": {"Timesteps": {"Growth_Arrest": [0.0, 0.747, 1.0, 1.0, 1.0, 1.0, 1.0, 1.0, 1.0, 1.0, 1.0, 1.0, 1.0, 1.0, 1.0, 1.0, 1.0, 1.0, 1.0, 1.0, 1.0, 1.0, 1.0, 1.0, 1.0, 1.0, 1.0, 1.0, 1.0, 1.0, 1.0, 1.0, 1.0, 1.0, 1.0, 1.0, 1.0, 1.0, 1.0, 1.0, 1.0, 1.0, 1.0, 1.0, 1.0, 1.0, 1.0, 1.0, 1.0, 1.0, 1.0]}, "Growth_Arrest AUC": 49.747}, "BclxL": {"Timesteps": {"Growth_Arrest": [0.0, 0.5764, 0.5088, 0.2784, 0.192, 0.1874, 0.1588, 0.1162, 0.075, 0.0364, 0.0172, 0.0074, 0.004, 0.0028, 0.0014, 0.0002, 0.0004, 0.0002, 0.0002, 0.0, 0.0, 0.0, 0.0, 0.0, 0.0, 0.0, 0.0, 0.0, 0.0, 0.0, 0.0, 0.0, 0.0, 0.0, 0.0, 0.0, 0.0, 0.0, 0.0, 0.0, 0.0, 0.0, 0.0, 0.0, 0.0, 0.0, 0.0, 0.0, 0.0, 0.0, 0.0]}, "Growth_Arrest AUC": 2.1632}, "p53": {"Timesteps": {"Growth_Arrest": [0.0, 0.6492, 0.8664, 0.9704, 1.0, 1.0, 1.0, 1.0, 1.0, 1.0, 1.0, 1.0, 1.0, 1.0, 1.0, 1.0, 1.0, 1.0, 1.0, 1.0, 1.0, 1.0, 1.0, 1.0, 1.0, 1.0, 1.0, 1.0, 1.0, 1.0, 1.0, 1.0, 1.0, 1.0, 1.0, 1.0, 1.0, 1.0, 1.0, 1.0, 1.0, 1.0, 1.0, 1.0, 1.0, 1.0, 1.0, 1.0, 1.0, 1.0, 1.0]}, "Growth_Arrest AUC": 49.486000000000004}, "Raf": {"Timesteps": {"Growth_Arrest": [0.0, 0.5612, 0.5052, 0.2504, 0.096, 0.0262, 0.0036, 0.0, 0.0, 0.0, 0.0, 0.0, 0.0, 0.0, 0.0, 0.0, 0.0, 0.0, 0.0, 0.0, 0.0, 0.0, 0.0, 0.0, 0.0, 0.0, 0.0, 0.0, 0.0, 0.0, 0.0, 0.0, 0.0, 0.0, 0.0, 0.0, 0.0, 0.0, 0.0, 0.0, 0.0, 0.0, 0.0, 0.0, 0.0, 0.0, 0.0, 0.0, 0.0, 0.0, 0.0]}, "Growth_Arrest AUC": 1.4426},