{"TAK1": {"Timesteps": {"Growth_Arrest": [0.0, 0.5636, 0.5262, 0.3272, 0.279, 0.3154, 0.3544, 0.3956, 0.4166, 0.4268, 0.425, 0.4228, 0.4166, 0.4102, 0.4212, 0.4224, 0.4186, 0.4252, 0.428, 0.4354, 0.4238, 0.4288, 0.4334, 0.4278, 0.4162, 0.42, 0.4216, 0.4264, 0.4278, 0.4236, 0.4142, 0.4174, 0.4208, 0.4282, 0.4186, 0.4286, 0.4336, 0.4332, 0.4338, 0.4414, 0.4334, 0.4254, 0.4294, 0.4184, 0.4218, 0.4254, 0.4288, 0.4324, 0.4378, 0.431, 0.4278]}, "Growth_Arrest AUC": 21.060999999999996}, "ATM": {"Timesteps": {"Growth_Arrest": [0.0, 0.5988, 0.7818, 0.9058, 0.9768, 1.0, 1.0, 1.0, 1.0, 1.0, 1.0, 1.0, 1.0, 1.0, 1.0, 1.0, 1.0, 1.0, 1.0, 1.0, 1.0, 1.0, 1.0, 1.0, 1.0, 1.0, 1.0, 1.0, 1.0, 1.0, 1.0, 1.0, 1.0, 1.0, 1.0, 1.0, 1.0, 1.0, 1.0, 1.0, 1.0, 1.0, 1.0, 1.0, 1.0, 1.0, 1.0, 1.0, 1.0, 1.0, 1.0]}, "Growth_Arrest AUC": 49.2632}, "AKT": {"Timesteps": {"Growth_Arrest": [0.0, 0.4916, 0.2906, 0.0644, 0.0, 0.0, 0.0, 0.0, 0.0, 0.0, 0.0, 0.0, 0.0, 0.0, 0.0, 0.0, 0.0, 0.0, 0.0, 0.0, 0.0, 0.0, 0.0, 0.0, 0.0, 0.0, 0.0, 0.0, 0.0, 0.0, 0.0, 0.0, 0.0, 0.0, 0.0, 0.0, 0.0, 0.0, 0.0, 0.0, 0.0, 0.0, 0.0, 0.0, 0.0, 0.0, 0.0, 0.0, 0.0, 0.0, 0.0]}, "Growth_Arrest AUC": 0.8466}, "XIAP": {"Timesteps": {"Growth_Arrest": [0.0, 0.5688, 0.5194, 0.2914, 0.2338, 0.2716, 0.3076, 0.3574, 0.3924, 0.3976, 0.391, 0.3876, 0.3878, 0.39, 0.3884, 0.3872, 0.3798, 0.3892, 0.385, 0.3946, 0.3888, 0.3862, 0.397, 0.39, 0.3896, 0.3826, 0.3902, 0.3896, 0.3868, 0.3846, 0.3862, 0.3856, 0.382, 0.3854, 0.3964, 0.3952, 0.3902, 0.3882, 0.3832, 0.392, 0.3978, 0.3928, 0.3882, 0.3858, 0.3888, 0.3866, 0.3928, 0.3932, 0.396, 0.3844, 0.385]}, "Growth_Arrest AUC": 19.281800000000004}, "STAT3": {"Timesteps": {"Growth_Arrest": [0.0, 0.5634, 0.5114, 0.3164, 0.3146, 0.4, 0.5146, 0.581, 0.6052, 0.624, 0.6356, 0.6432, 0.6494, 0.6574, 0.6634, 0.6652, 0.666, 0.6694, 0.6702, 0.671, 0.6732, 0.672, 0.6732, 0.6746, 0.6754, 0.6754, 0.6754, 0.676, 0.676, 0.6762, 0.6764, 0.6768, 0.677, 0.677, 0.6772, 0.677, 0.6774, 0.6774, 0.6774, 0.6774, 0.6776, 0.6776, 0.6776, 0.6776, 0.6776, 0.6776, 0.6776, 0.6776, 0.6776, 0.6776, 0.6776]}, "Growth_Arrest AUC": 31.993399999999973}, "BID": {"Timesteps": {"Growth_Arrest": [0.0, 0.5548, 0.5172, 0.291, 0.2292, 0.2638, 0.322, 0.358, 0.3826, 0.385, 0.3922, 0.3878, 0.3854, 0.393, 0.3912, 0.3954, 0.393, 0.3802, 0.3756, 0.3856, 0.3916, 0.3954, 0.4046, 0.3966, 0.391, 0.3792, 0.3868, 0.3956, 0.3926, 0.3936, 0.3836, 0.3928, 0.3828, 0.3852, 0.3884, 0.3982, 0.4006, 0.3922, 0.3812, 0.3898, 0.392, 0.3908, 0.3938, 0.3916, 0.3848, 0.3842, 0.3828, 0.3778, 0.3792, 0.3866, 0.3904]}, "Growth_Arrest AUC": 19.258799999999997}, "RIP": {"Timesteps": {"Growth_Arrest": [0.0, 0.55, 0.5142, 0.3054, 0.265, 0.3068, 0.3456, 0.3898, 0.413, 0.4212, 0.421, 0.4046, 0.4012, 0.4006, 0.4138, 0.4154, 0.4234, 0.4142, 0.4134, 0.4142, 0.419, 0.4198, 0.418, 0.4142, 0.4182, 0.4128, 0.4292, 0.4274, 0.4166, 0.4144, 0.4084, 0.4162, 0.4212, 0.4118, 0.4178, 0.4154, 0.4208, 0.4186, 0.4136, 0.4172, 0.415, 0.4068, 0.4152, 0.4158, 0.416, 0.415, 0.417, 0.4134, 0.41, 0.413, 0.4152]}, "Growth_Arrest AUC": 20.535800000000002}, "MYC": {"Timesteps": {"Growth_Arrest": [0.0, 0.5598, 0.5482, 0.3968, 0.3788, 0.449, 0.5256, 0.5786, 0.608, 0.6242, 0.6424, 0.649, 0.6526, 0.6582, 0.6626, 0.6658, 0.6666, 0.6698, 0.6716, 0.6734, 0.6728, 0.6738, 0.6736, 0.6728, 0.6738, 0.6748, 0.676, 0.676, 0.6758, 0.676, 0.6764, 0.6768, 0.6772, 0.6772, 0.677, 0.6772, 0.6772, 0.677, 0.677, 0.6774, 0.6774, 0.6772, 0.6772, 0.677, 0.677, 0.6772, 0.677, 0.677, 0.677, 0.677, 0.677]}, "Growth_Arrest AUC": 32.244799999999984}, "DUSP1": {"Timesteps": {"Growth_Arrest": [0.0, 0.5586, 0.4556, 0.1274, 0.0, 0.0, 0.0, 0.0, 0.0, 0.0, 0.0, 0.0, 0.0, 0.0, 0.0, 0.0, 0.0, 0.0, 0.0, 0.0, 0.0, 0.0, 0.0, 0.0, 0.0, 0.0, 0.0, 0.0, 0.0, 0.0, 0.0, 0.0, 0.0, 0.0, 0.0, 0.0, 0.0, 0.0, 0.0, 0.0, 0.0, 0.0, 0.0, 0.0, 0.0, 0.0, 0.0, 0.0, 0.0, 0.0, 0.0]}, "Growth_Arrest AUC": 1.1416}, "Bcl2": {"Timesteps": {"Growth_Arrest": [0.0, 0.562, 0.5188, 0.2934, 0.2276, 0.2496, 0.3012, 0.3498, 0.383, 0.3884, 0.383, 0.375, 0.3752, 0.383, 0.3858, 0.38, 0.3854, 0.3868, 0.3962, 0.3888, 0.3762, 0.3812, 0.3844, 0.3816, 0.3854, 0.3856, 0.3884, 0.3826, 0.3844, 0.3918, 0.3842, 0.3758, 0.3756, 0.3804, 0.3822, 0.3898, 0.38, 0.3832, 0.3862, 0.3936, 0.3794, 0.3782, 0.379, 0.3768, 0.3832, 0.3878, 0.3812, 0.381, 0.3888, 0.3804, 0.3812]}, "Growth_Arrest AUC": 18.982599999999998}, "TRAF2": {"Timesteps": {"Growth_Arrest": [0.0, 0.554, 0.5196, 0.32, 0.2806, 0.3326, 0.3818, 0.4192, 0.4262, 0.4232, 0.4166, 0.4104, 0.4094, 0.4084, 0.4144, 0.4226, 0.4288, 0.4312, 0.4296, 0.4204, 0.4184, 0.4264, 0.4228, 0.4198, 0.4264, 0.4348, 0.4374, 0.428, 0.4108, 0.4058, 0.4118, 0.4116, 0.4214, 0.4306, 0.4236, 0.42, 0.42, 0.4152, 0.4172, 0.4118, 0.4112, 0.4144, 0.4262, 0.4252, 0.4252, 0.4284, 0.4152, 0.4176, 0.4158, 0.4126, 0.428]}, "Growth_Arrest AUC": 20.882600000000004}, "TRAF6": {"Timesteps": {"Growth_Arrest": [0.0, 0.5568, 0.5142, 0.3206, 0.2712, 0.3094, 0.3404, 0.3678, 0.3962, 0.4152, 0.4202, 0.4214, 0.4104, 0.411, 0.4066, 0.4064, 0.4086, 0.4176, 0.4282, 0.4306, 0.4168, 0.4146, 0.4184, 0.4126, 0.4094, 0.4162, 0.4138, 0.4016, 0.4024, 0.408, 0.4144, 0.424, 0.4238, 0.4154, 0.4104, 0.4162, 0.419, 0.4168, 0.4168, 0.4264, 0.4192, 0.4148, 0.412, 0.4166, 0.4256, 0.4254, 0.4178, 0.4236, 0.4176, 0.4172, 0.4198]}, "Growth_Arrest AUC": 20.559399999999997}, "NFkB": {"Timesteps": {"Growth_Arrest": [0.0, 0.572, 0.5352, 0.304, 0.2364, 0.2882, 0.3536, 0.3914, 0.3946, 0.3904, 0.3912, 0.3876, 0.3782, 0.3802, 0.386, 0.3952, 0.3986, 0.3912, 0.385, 0.383, 0.3806, 0.3826, 0.3844, 0.394, 0.398, 0.3956, 0.3976, 0.3962, 0.3846, 0.391, 0.3938, 0.3856, 0.3838, 0.3876, 0.3964, 0.3934, 0.3974, 0.381, 0.3954, 0.41, 0.4098, 0.405, 0.3902, 0.3812, 0.3862, 0.3896, 0.393, 0.3866, 0.3882, 0.3828, 0.3898]}, "Growth_Arrest AUC": 19.473400000000005}, "Bax": {"Timesteps": {"Growth_Arrest": [0.0, 0.5688, 0.5104, 0.2872, 0.2366, 0.269, 0.3148, 0.361, 0.3916, 0.3978, 0.3954, 0.39, 0.3744, 0.381, 0.3846, 0.3944, 0.4024, 0.3914, 0.3898, 0.3852, 0.3876, 0.3916, 0.3944, 0.393, 0.3956, 0.3932, 0.3998, 0.3944, 0.3816, 0.3756, 0.3878, 0.3978, 0.3966, 0.3946, 0.3924, 0.3814, 0.386, 0.387, 0.3898, 0.3912, 0.3902, 0.3856, 0.3928, 0.3922, 0.394, 0.386, 0.3794, 0.3832, 0.3876, 0.3938, 0.388]}, "Growth_Arrest AUC": 19.309999999999995}, "TNFR2": {"Timesteps": {"Growth_Arrest": [0.0, 0.5564, 0.5136, 0.2944, 0.2338, 0.2628, 0.3102, 0.356, 0.3758, 0.3892, 0.3896, 0.3836, 0.3686, 0.3726, 0.385, 0.3858, 0.388, 0.3862, 0.3852, 0.3962, 0.3994, 0.3978, 0.3976, 0.3858, 0.3892, 0.39, 0.3884, 0.3958, 0.3926, 0.3822, 0.3928, 0.398, 0.4022, 0.402, 0.3864, 0.3872, 0.3888, 0.393, 0.4006, 0.3926, 0.3992, 0.3986, 0.3866, 0.3824, 0.3808, 0.385, 0.3884, 0.3844, 0.3744, 0.3844, 0.3834]}, "Growth_Arrest AUC": 19.243000000000006}, "TNFR1": {"Timesteps": {"Growth_Arrest": [0.0, 0.556, 0.5076, 0.28, 0.227, 0.2746, 0.331, 0.3644, 0.401, 0.4074, 0.3962, 0.3908, 0.3888, 0.3972, 0.3916, 0.392, 0.3852, 0.3844, 0.3986, 0.394, 0.4012, 0.3972, 0.3956, 0.4052, 0.4016, 0.3998, 0.3982, 0.391, 0.3846, 0.3916, 0.392, 0.398, 0.397, 0.4004, 0.4104, 0.4032, 0.3928, 0.3842, 0.3878, 0.397, 0.4018, 0.3998, 0.4014, 0.3972, 0.3882, 0.3932, 0.3972, 0.4028, 0.4004, 0.3976, 0.3954]}, "Growth_Arrest AUC": 19.571600000000007}, "SMAD": {"Timesteps": {"Growth_Arrest": [0.0, 0.7526, 1.0, 1.0, 1.0, 1.0, 1.0, 1.0, 1.0, 1.0, 1.0, 1.0, 1.0, 1.0, 1.0, 1.0, 1.0, 1.0, 1.0, 1.0, 1.0, 1.0, 1.0, 1.0, 1.0, 1.0, 1.0, 1.0, 1.0, 1.0, 1.0, 1.0, 1.0, 1.0, 1.0, 1.0, 1.0, 1.0, 1.0, 1.0, 1.0, 1.0, 1.0, 1.0, 1.0, 1.0, 1.0, 1.0, 1.0, 1.0, 1.0]}, "Growth_Arrest AUC": 49.7526},