{"TAK1": {"Timesteps": {"Growth_Arrest": [0.0, 0.5728, 0.5332, 0.343, 0.315, 0.4018, 0.4486, 0.454, 0.4516, 0.4672, 0.4926, 0.4894, 0.5002, 0.4964, 0.5024, 0.5082, 0.5056, 0.5064, 0.5046, 0.4904, 0.4894, 0.4898, 0.4948, 0.5044, 0.4986, 0.4958, 0.5058, 0.504, 0.5002, 0.5006, 0.5066, 0.5116, 0.5008, 0.5158, 0.5112, 0.5044, 0.5018, 0.4994, 0.504, 0.5108, 0.4866, 0.4926, 0.4996, 0.5034, 0.504, 0.4992, 0.5084, 0.499, 0.4992, 0.5008, 0.5082]}, "Growth_Arrest AUC": 24.5342}, "ATM": {"Timesteps": {"Growth_Arrest": [0.0, 0.5836, 0.786, 0.9068, 0.9834, 1.0, 1.0, 1.0, 1.0, 1.0, 1.0, 1.0, 1.0, 1.0, 1.0, 1.0, 1.0, 1.0, 1.0, 1.0, 1.0, 1.0, 1.0, 1.0, 1.0, 1.0, 1.0, 1.0, 1.0, 1.0, 1.0, 1.0, 1.0, 1.0, 1.0, 1.0, 1.0, 1.0, 1.0, 1.0, 1.0, 1.0, 1.0, 1.0, 1.0, 1.0, 1.0, 1.0, 1.0, 1.0, 1.0]}, "Growth_Arrest AUC": 49.2598}, "AKT": {"Timesteps": {"Growth_Arrest": [0.0, 0.4728, 0.2916, 0.0596, 0.0, 0.0, 0.0, 0.0, 0.0, 0.0, 0.0, 0.0, 0.0, 0.0, 0.0, 0.0, 0.0, 0.0, 0.0, 0.0, 0.0, 0.0, 0.0, 0.0, 0.0, 0.0, 0.0, 0.0, 0.0, 0.0, 0.0, 0.0, 0.0, 0.0, 0.0, 0.0, 0.0, 0.0, 0.0, 0.0, 0.0, 0.0, 0.0, 0.0, 0.0, 0.0, 0.0, 0.0, 0.0, 0.0, 0.0]}, "Growth_Arrest AUC": 0.824}, "XIAP": {"Timesteps": {"Growth_Arrest": [0.0, 0.5726, 0.519, 0.2872, 0.2148, 0.2204, 0.1782, 0.11, 0.0542, 0.0218, 0.0076, 0.0034, 0.0012, 0.0006, 0.0, 0.0, 0.0, 0.0, 0.0, 0.0, 0.0, 0.0, 0.0, 0.0, 0.0, 0.0, 0.0, 0.0, 0.0, 0.0, 0.0, 0.0, 0.0, 0.0, 0.0, 0.0, 0.0, 0.0, 0.0, 0.0, 0.0, 0.0, 0.0, 0.0, 0.0, 0.0, 0.0, 0.0, 0.0, 0.0, 0.0]}, "Growth_Arrest AUC": 2.1909999999999994}, "STAT3": {"Timesteps": {"Growth_Arrest": [0.0, 0.5656, 0.5182, 0.3226, 0.3164, 0.3846, 0.4012, 0.3914, 0.378, 0.3764, 0.3764, 0.3764, 0.3764, 0.3764, 0.3764, 0.3764, 0.3764, 0.3764, 0.3764, 0.3764, 0.3764, 0.3764, 0.3764, 0.3764, 0.3764, 0.3764, 0.3764, 0.3764, 0.3764, 0.3764, 0.3764, 0.3764, 0.3764, 0.3764, 0.3764, 0.3764, 0.3764, 0.3764, 0.3764, 0.3764, 0.3764, 0.3764, 0.3764, 0.3764, 0.3764, 0.3764, 0.3764, 0.3764, 0.3764, 0.3764, 0.3764]}, "Growth_Arrest AUC": 19.08680000000001}, "BID": {"Timesteps": {"Growth_Arrest": [0.0, 0.5654, 0.513, 0.2938, 0.2244, 0.2214, 0.1824, 0.1128, 0.0618, 0.0288, 0.0116, 0.0046, 0.0014, 0.0006, 0.0008, 0.0002, 0.0, 0.0, 0.0, 0.0, 0.0, 0.0, 0.0, 0.0, 0.0, 0.0, 0.0, 0.0, 0.0, 0.0, 0.0, 0.0, 0.0, 0.0, 0.0, 0.0, 0.0, 0.0, 0.0, 0.0, 0.0, 0.0, 0.0, 0.0, 0.0, 0.0, 0.0, 0.0, 0.0, 0.0, 0.0]}, "Growth_Arrest AUC": 2.2229999999999994}, "RIP": {"Timesteps": {"Growth_Arrest": [0.0, 0.5674, 0.5128, 0.2952, 0.2338, 0.2274, 0.1756, 0.1132, 0.0612, 0.0276, 0.0104, 0.0044, 0.0016, 0.0006, 0.0, 0.0, 0.0, 0.0, 0.0, 0.0, 0.0, 0.0, 0.0, 0.0, 0.0, 0.0, 0.0, 0.0, 0.0, 0.0, 0.0, 0.0, 0.0, 0.0, 0.0, 0.0, 0.0, 0.0, 0.0, 0.0, 0.0, 0.0, 0.0, 0.0, 0.0, 0.0, 0.0, 0.0, 0.0, 0.0, 0.0]}, "Growth_Arrest AUC": 2.2312}, "MYC": {"Timesteps": {"Growth_Arrest": [0.0, 0.5574, 0.5432, 0.371, 0.3518, 0.403, 0.4146, 0.4058, 0.3996, 0.3978, 0.3976, 0.3976, 0.3976, 0.3976, 0.3976, 0.3976, 0.3976, 0.3976, 0.3976, 0.3976, 0.3976, 0.3976, 0.3976, 0.3976, 0.3976, 0.3976, 0.3976, 0.3976, 0.3976, 0.3976, 0.3976, 0.3976, 0.3976, 0.3976, 0.3976, 0.3976, 0.3976, 0.3976, 0.3976, 0.3976, 0.3976, 0.3976, 0.3976, 0.3976, 0.3976, 0.3976, 0.3976, 0.3976, 0.3976, 0.3976, 0.3976]}, "Growth_Arrest AUC": 20.145800000000015}, "DUSP1": {"Timesteps": {"Growth_Arrest": [0.0, 0.5558, 0.4438, 0.1212, 0.0, 0.0, 0.0, 0.0, 0.0, 0.0, 0.0, 0.0, 0.0, 0.0, 0.0, 0.0, 0.0, 0.0, 0.0, 0.0, 0.0, 0.0, 0.0, 0.0, 0.0, 0.0, 0.0, 0.0, 0.0, 0.0, 0.0, 0.0, 0.0, 0.0, 0.0, 0.0, 0.0, 0.0, 0.0, 0.0, 0.0, 0.0, 0.0, 0.0, 0.0, 0.0, 0.0, 0.0, 0.0, 0.0, 0.0]}, "Growth_Arrest AUC": 1.1208}, "Bcl2": {"Timesteps": {"Growth_Arrest": [0.0, 0.5644, 0.5124, 0.293, 0.2286, 0.235, 0.1918, 0.12, 0.0562, 0.0226, 0.0106, 0.0048, 0.003, 0.0016, 0.0002, 0.0002, 0.0, 0.0, 0.0, 0.0, 0.0, 0.0, 0.0, 0.0, 0.0, 0.0, 0.0, 0.0, 0.0, 0.0, 0.0, 0.0, 0.0, 0.0, 0.0, 0.0, 0.0, 0.0, 0.0, 0.0, 0.0, 0.0, 0.0, 0.0, 0.0, 0.0, 0.0, 0.0, 0.0, 0.0, 0.0]}, "Growth_Arrest AUC": 2.2444}, "TRAF2": {"Timesteps": {"Growth_Arrest": [0.0, 0.5632, 0.5122, 0.3304, 0.318, 0.3936, 0.4438, 0.48, 0.5048, 0.5222, 0.5338, 0.5482, 0.571, 0.585, 0.581, 0.5936, 0.5984, 0.5996, 0.604, 0.607, 0.6034, 0.6188, 0.613, 0.6082, 0.6122, 0.622, 0.6168, 0.626, 0.6188, 0.616, 0.6252, 0.6176, 0.619, 0.625, 0.6244, 0.6376, 0.631, 0.6258, 0.616, 0.6104, 0.6232, 0.6268, 0.6208, 0.6134, 0.6172, 0.6296, 0.6294, 0.6194, 0.611, 0.6152, 0.6318]}, "Growth_Arrest AUC": 29.114799999999995}, "TRAF6": {"Timesteps": {"Growth_Arrest": [0.0, 0.5556, 0.5126, 0.3122, 0.325, 0.4038, 0.4354, 0.442, 0.4488, 0.4578, 0.471, 0.5006, 0.4944, 0.4886, 0.492, 0.4954, 0.5148, 0.508, 0.4988, 0.5026, 0.5082, 0.5056, 0.501, 0.4992, 0.5074, 0.4948, 0.4908, 0.509, 0.4952, 0.509, 0.4994, 0.4962, 0.5008, 0.492, 0.4984, 0.5034, 0.492, 0.4898, 0.5018, 0.504, 0.4904, 0.503, 0.4874, 0.4992, 0.5014, 0.4992, 0.505, 0.4952, 0.4918, 0.5006, 0.496]}, "Growth_Arrest AUC": 24.326599999999996}, "NFkB": {"Timesteps": {"Growth_Arrest": [0.0, 0.563, 0.5192, 0.2928, 0.2194, 0.2416, 0.2106, 0.1694, 0.1208, 0.089, 0.0634, 0.043, 0.0296, 0.021, 0.015, 0.0098, 0.0062, 0.0048, 0.004, 0.003, 0.002, 0.0016, 0.0012, 0.001, 0.0008, 0.0006, 0.0004, 0.0004, 0.0, 0.0002, 0.0, 0.0, 0.0, 0.0, 0.0, 0.0, 0.0, 0.0, 0.0, 0.0, 0.0, 0.0, 0.0, 0.0, 0.0, 0.0, 0.0, 0.0, 0.0, 0.0, 0.0]}, "Growth_Arrest AUC": 2.633799999999999}, "Bax": {"Timesteps": {"Growth_Arrest": [0.0, 0.5444, 0.4994, 0.2848, 0.229, 0.214, 0.165, 0.1002, 0.0504, 0.0244, 0.0118, 0.006, 0.0026, 0.0012, 0.0004, 0.0002, 0.0, 0.0, 0.0, 0.0, 0.0, 0.0, 0.0, 0.0, 0.0, 0.0, 0.0, 0.0, 0.0, 0.0, 0.0, 0.0, 0.0, 0.0, 0.0, 0.0, 0.0, 0.0, 0.0, 0.0, 0.0, 0.0, 0.0, 0.0, 0.0, 0.0, 0.0, 0.0, 0.0, 0.0, 0.0]}, "Growth_Arrest AUC": 2.1338}, "TNFR2": {"Timesteps": {"Growth_Arrest": [0.0, 0.5692, 0.5118, 0.282, 0.238, 0.2742, 0.239, 0.1688, 0.094, 0.0518, 0.0244, 0.011, 0.003, 0.0016, 0.001, 0.0004, 0.0004, 0.0, 0.0, 0.0, 0.0, 0.0, 0.0, 0.0, 0.0, 0.0, 0.0, 0.0, 0.0, 0.0, 0.0, 0.0, 0.0, 0.0, 0.0, 0.0, 0.0, 0.0, 0.0, 0.0, 0.0, 0.0, 0.0, 0.0, 0.0, 0.0, 0.0, 0.0, 0.0, 0.0, 0.0]}, "Growth_Arrest AUC": 2.4705999999999997}, "TNFR1": {"Timesteps": {"Growth_Arrest": [0.0, 0.5658, 0.5232, 0.2842, 0.2228, 0.224, 0.1838, 0.1154, 0.0554, 0.0284, 0.013, 0.006, 0.0024, 0.0006, 0.0008, 0.0004, 0.0002, 0.0002, 0.0002, 0.0, 0.0, 0.0, 0.0, 0.0, 0.0, 0.0, 0.0, 0.0, 0.0, 0.0, 0.0, 0.0, 0.0, 0.0, 0.0, 0.0, 0.0, 0.0, 0.0, 0.0, 0.0, 0.0, 0.0, 0.0, 0.0, 0.0, 0.0, 0.0, 0.0, 0.0, 0.0]}, "Growth_Arrest AUC": 2.2268}, "SMAD": {"Timesteps": {"Growth_Arrest": [0.0, 0.7438, 1.0, 1.0, 1.0, 1.0, 1.0, 1.0, 1.0, 1.0, 1.0, 1.0, 1.0, 1.0, 1.0, 1.0, 1.0, 1.0, 1.0, 1.0, 1.0, 1.0, 1.0, 1.0, 1.0, 1.0, 1.0, 1.0, 1.0, 1.0, 1.0, 1.0, 1.0, 1.0, 1.0, 1.0, 1.0, 1.0, 1.0, 1.0, 1.0, 1.0, 1.0, 1.0, 1.0, 1.0, 1.0, 1.0, 1.0, 1.0, 1.0]}, "Growth_Arrest AUC": 49.7438}, "BclxL": {"Timesteps": {"Growth_Arrest": [0.0, 0.5506, 0.5084, 0.2852, 0.2248, 0.2174, 0.179, 0.1116, 0.0584, 0.0236, 0.0122, 0.005, 0.0018, 0.001, 0.0008, 0.0002, 0.0, 0.0, 0.0, 0.0, 0.0, 0.0, 0.0, 0.0, 0.0, 0.0, 0.0, 0.0, 0.0, 0.0, 0.0, 0.0, 0.0, 0.0, 0.0, 0.0, 0.0, 0.0, 0.0, 0.0, 0.0, 0.0, 0.0, 0.0, 0.0, 0.0, 0.0, 0.0, 0.0, 0.0, 0.0]}, "Growth_Arrest AUC": 2.1799999999999993}, "p53": {"Timesteps": {"Growth_Arrest": [0.0, 0.6526, 0.8672, 0.9736, 1.0, 1.0, 1.0, 1.0, 1.0, 1.0, 1.0, 1.0, 1.0, 1.0, 1.0, 1.0, 1.0, 1.0, 1.0, 1.0, 1.0, 1.0, 1.0, 1.0, 1.0, 1.0, 1.0, 1.0, 1.0, 1.0, 1.0, 1.0, 1.0, 1.0, 1.0, 1.0, 1.0, 1.0, 1.0, 1.0, 1.0, 1.0, 1.0, 1.0, 1.0, 1.0, 1.0, 1.0, 1.0, 1.0, 1.0]}, "Growth_Arrest AUC": 49.4934}, "Raf": {"Timesteps": {"Growth_Arrest": [0.0, 0.5594, 0.4906, 0.244, 0.0944, 0.0264, 0.0036, 0.0, 0.0, 0.0, 0.0, 0.0, 0.0, 0.0, 0.0, 0.0, 0.0, 0.0, 0.0, 0.0, 0.0, 0.0, 0.0, 0.0, 0.0, 0.0, 0.0, 0.0, 0.0, 0.0, 0.0, 0.0, 0.0, 0.0, 0.0, 0.0, 0.0, 0.0, 0.0, 0.0, 0.0, 0.0, 0.0, 0.0, 0.0, 0.0, 0.0, 0.0, 0.0, 0.0, 0.0]}, "Growth_Arrest AUC": 1.4184},