{"TAK1": {"Timesteps": {"Proliferation": [0.0, 0.2198, 0.3876, 0.56, 0.66, 0.6722, 0.6626, 0.6646, 0.6744, 0.6924, 0.7058, 0.7004, 0.6994, 0.6916, 0.7006, 0.6934, 0.6992, 0.7024, 0.7048, 0.6972, 0.702, 0.6976, 0.696, 0.6978, 0.7004, 0.693, 0.7034, 0.695, 0.6902, 0.6936, 0.6924, 0.6978, 0.6992, 0.6998, 0.699, 0.7044, 0.6956, 0.703, 0.7028, 0.6898, 0.6882, 0.685, 0.6848, 0.6992, 0.7062, 0.7016, 0.6962, 0.6932, 0.6948, 0.6944, 0.7052]}, "Proliferation AUC": 33.78999999999999}, "ATM": {"Timesteps": {"Proliferation": [0.0, 0.1752, 0.1764, 0.0862, 0.018, 0.0, 0.0, 0.0, 0.0, 0.0, 0.0, 0.0, 0.0, 0.0, 0.0, 0.0, 0.0, 0.0, 0.0, 0.0, 0.0, 0.0, 0.0, 0.0, 0.0, 0.0, 0.0, 0.0, 0.0, 0.0, 0.0, 0.0, 0.0, 0.0, 0.0, 0.0, 0.0, 0.0, 0.0, 0.0, 0.0, 0.0, 0.0, 0.0, 0.0, 0.0, 0.0, 0.0, 0.0, 0.0, 0.0]}, "Proliferation AUC": 0.45580000000000004}, "AKT": {"Timesteps": {"Proliferation": [0.0, 0.3054, 0.7038, 0.9314, 1.0, 1.0, 1.0, 1.0, 1.0, 1.0, 1.0, 1.0, 1.0, 1.0, 1.0, 1.0, 1.0, 1.0, 1.0, 1.0, 1.0, 1.0, 1.0, 1.0, 1.0, 1.0, 1.0, 1.0, 1.0, 1.0, 1.0, 1.0, 1.0, 1.0, 1.0, 1.0, 1.0, 1.0, 1.0, 1.0, 1.0, 1.0, 1.0, 1.0, 1.0, 1.0, 1.0, 1.0, 1.0, 1.0, 1.0]}, "Proliferation AUC": 48.9406}, "XIAP": {"Timesteps": {"Proliferation": [0.0, 0.2016, 0.395, 0.5974, 0.7362, 0.796, 0.8352, 0.8806, 0.9308, 0.9654, 0.9818, 0.99, 0.9952, 0.9974, 0.999, 0.9992, 0.9994, 0.9998, 1.0, 0.9998, 0.9998, 1.0, 1.0, 1.0, 1.0, 1.0, 1.0, 1.0, 1.0, 1.0, 1.0, 1.0, 1.0, 1.0, 1.0, 1.0, 1.0, 1.0, 1.0, 1.0, 1.0, 1.0, 1.0, 1.0, 1.0, 1.0, 1.0, 1.0, 1.0, 1.0, 1.0]}, "Proliferation AUC": 47.2996}, "STAT3": {"Timesteps": {"Proliferation": [0.0, 0.2578, 0.4968, 0.6878, 0.729, 0.6912, 0.6514, 0.6476, 0.6504, 0.6528, 0.6544, 0.6552, 0.6552, 0.6552, 0.6552, 0.6552, 0.6552, 0.6552, 0.6552, 0.6552, 0.6552, 0.6552, 0.6552, 0.6552, 0.6552, 0.6552, 0.6552, 0.6552, 0.6552, 0.6552, 0.6552, 0.6552, 0.6552, 0.6552, 0.6552, 0.6552, 0.6552, 0.6552, 0.6552, 0.6552, 0.6552, 0.6552, 0.6552, 0.6552, 0.6552, 0.6552, 0.6552, 0.6552, 0.6552, 0.6552, 0.6552]}, "Proliferation AUC": 32.32720000000002}, "BID": {"Timesteps": {"Proliferation": [0.0, 0.217, 0.3918, 0.5976, 0.7438, 0.8022, 0.8396, 0.8812, 0.9312, 0.9644, 0.9836, 0.9918, 0.9956, 0.9974, 0.9982, 0.9988, 0.9996, 0.9996, 0.9996, 0.9996, 0.9998, 1.0, 1.0, 1.0, 1.0, 1.0, 1.0, 1.0, 1.0, 1.0, 1.0, 1.0, 1.0, 1.0, 1.0, 1.0, 1.0, 1.0, 1.0, 1.0, 1.0, 1.0, 1.0, 1.0, 1.0, 1.0, 1.0, 1.0, 1.0, 1.0, 1.0]}, "Proliferation AUC": 47.33240000000001}, "RIP": {"Timesteps": {"Proliferation": [0.0, 0.2116, 0.3992, 0.59, 0.7252, 0.7808, 0.8376, 0.8832, 0.9284, 0.966, 0.985, 0.9926, 0.9954, 0.9968, 0.9976, 0.9992, 0.9996, 0.9998, 1.0, 1.0, 1.0, 1.0, 1.0, 1.0, 1.0, 1.0, 1.0, 1.0, 1.0, 1.0, 1.0, 1.0, 1.0, 1.0, 1.0, 1.0, 1.0, 1.0, 1.0, 1.0, 1.0, 1.0, 1.0, 1.0, 1.0, 1.0, 1.0, 1.0, 1.0, 1.0, 1.0]}, "Proliferation AUC": 47.288}, "MYC": {"Timesteps": {"Proliferation": [0.0, 0.4352, 0.4588, 0.6212, 0.6648, 0.6382, 0.6172, 0.6106, 0.6178, 0.6198, 0.6206, 0.6212, 0.6212, 0.6212, 0.6212, 0.6212, 0.6212, 0.6212, 0.6212, 0.6212, 0.6212, 0.6212, 0.6212, 0.6212, 0.6212, 0.6212, 0.6212, 0.6212, 0.6212, 0.6212, 0.6212, 0.6212, 0.6212, 0.6212, 0.6212, 0.6212, 0.6212, 0.6212, 0.6212, 0.6212, 0.6212, 0.6212, 0.6212, 0.6212, 0.6212, 0.6212, 0.6212, 0.6212, 0.6212, 0.6212, 0.6212]}, "Proliferation AUC": 30.752200000000038}, "DUSP1": {"Timesteps": {"Proliferation": [0.0, 0.2026, 0.4238, 0.7238, 0.9124, 0.9724, 0.9958, 1.0, 1.0, 1.0, 1.0, 1.0, 1.0, 1.0, 1.0, 1.0, 1.0, 1.0, 1.0, 1.0, 1.0, 1.0, 1.0, 1.0, 1.0, 1.0, 1.0, 1.0, 1.0, 1.0, 1.0, 1.0, 1.0, 1.0, 1.0, 1.0, 1.0, 1.0, 1.0, 1.0, 1.0, 1.0, 1.0, 1.0, 1.0, 1.0, 1.0, 1.0, 1.0, 1.0, 1.0]}, "Proliferation AUC": 48.2308}, "Bcl2": {"Timesteps": {"Proliferation": [0.0, 0.2, 0.3898, 0.5854, 0.732, 0.7912, 0.8356, 0.879, 0.9288, 0.9652, 0.9852, 0.992, 0.9944, 0.9982, 0.9988, 0.9992, 0.9996, 0.9996, 0.9998, 0.9998, 0.9998, 0.9998, 1.0, 1.0, 1.0, 1.0, 1.0, 1.0, 1.0, 1.0, 1.0, 1.0, 1.0, 1.0, 1.0, 1.0, 1.0, 1.0, 1.0, 1.0, 1.0, 1.0, 1.0, 1.0, 1.0, 1.0, 1.0, 1.0, 1.0, 1.0, 1.0]}, "Proliferation AUC": 47.2732}, "TRAF2": {"Timesteps": {"Proliferation": [0.0, 0.2068, 0.3998, 0.5944, 0.6954, 0.6662, 0.6174, 0.581, 0.574, 0.5796, 0.5818, 0.5898, 0.5906, 0.589, 0.5854, 0.584, 0.579, 0.574, 0.5776, 0.5816, 0.5846, 0.5912, 0.5942, 0.5788, 0.5686, 0.571, 0.584, 0.579, 0.5898, 0.5954, 0.59, 0.5888, 0.5856, 0.58, 0.583, 0.5836, 0.5792, 0.5746, 0.5758, 0.5828, 0.5804, 0.58, 0.5848, 0.5822, 0.5738, 0.5828, 0.5834, 0.5858, 0.5786, 0.5824, 0.5844]}, "Proliferation AUC": 28.805999999999997}, "TRAF6": {"Timesteps": {"Proliferation": [0.0, 0.2054, 0.3886, 0.5804, 0.67, 0.6896, 0.6716, 0.6662, 0.6842, 0.707, 0.7078, 0.703, 0.7058, 0.697, 0.6986, 0.695, 0.704, 0.6992, 0.7036, 0.708, 0.702, 0.6952, 0.7022, 0.707, 0.6996, 0.6936, 0.6988, 0.7046, 0.7108, 0.7076, 0.6976, 0.701, 0.6934, 0.707, 0.7028, 0.6996, 0.7014, 0.6952, 0.6868, 0.703, 0.713, 0.7058, 0.7058, 0.708, 0.7044, 0.704, 0.6954, 0.7022, 0.6928, 0.6884, 0.7054]}, "Proliferation AUC": 34.0194}, "NFkB": {"Timesteps": {"Proliferation": [0.0, 0.2086, 0.3928, 0.6302, 0.7686, 0.7822, 0.7956, 0.8246, 0.8704, 0.903, 0.9308, 0.9528, 0.9664, 0.9748, 0.9798, 0.9856, 0.9898, 0.9922, 0.994, 0.9964, 0.9978, 0.9982, 0.999, 0.9988, 0.9994, 0.9994, 0.9996, 0.9996, 0.9998, 0.9996, 0.9998, 0.9998, 1.0, 1.0, 1.0, 1.0, 1.0, 1.0, 1.0, 1.0, 1.0, 1.0, 1.0, 1.0, 1.0, 1.0, 1.0, 1.0, 1.0, 1.0, 1.0]}, "Proliferation AUC": 46.9294}, "Bax": {"Timesteps": {"Proliferation": [0.0, 0.2228, 0.3986, 0.5978, 0.7384, 0.7886, 0.8322, 0.874, 0.9236, 0.9602, 0.9848, 0.9938, 0.9958, 0.9972, 0.9992, 0.9994, 0.9996, 0.9998, 0.9996, 0.9998, 1.0, 1.0, 1.0, 1.0, 1.0, 1.0, 1.0, 1.0, 1.0, 1.0, 1.0, 1.0, 1.0, 1.0, 1.0, 1.0, 1.0, 1.0, 1.0, 1.0, 1.0, 1.0, 1.0, 1.0, 1.0, 1.0, 1.0, 1.0, 1.0, 1.0, 1.0]}, "Proliferation AUC": 47.3052}, "TNFR2": {"Timesteps": {"Proliferation": [0.0, 0.217, 0.39, 0.5948, 0.72, 0.7594, 0.7894, 0.8294, 0.8912, 0.9392, 0.972, 0.9852, 0.9926, 0.997, 0.9982, 0.999, 0.9996, 1.0, 1.0, 1.0, 0.9998, 1.0, 1.0, 1.0, 1.0, 1.0, 1.0, 1.0, 1.0, 1.0, 1.0, 1.0, 1.0, 1.0, 1.0, 1.0, 1.0, 1.0, 1.0, 1.0, 1.0, 1.0, 1.0, 1.0, 1.0, 1.0, 1.0, 1.0, 1.0, 1.0, 1.0]}, "Proliferation AUC": 47.073800000000006}, "TNFR1": {"Timesteps": {"Proliferation": [0.0, 0.2052, 0.3984, 0.6014, 0.722, 0.7878, 0.8374, 0.8836, 0.9378, 0.9692, 0.985, 0.9904, 0.994, 0.9958, 0.998, 0.999, 0.9992, 0.9998, 0.9998, 1.0, 1.0, 1.0, 1.0, 1.0, 1.0, 1.0, 1.0, 1.0, 1.0, 1.0, 1.0, 1.0, 1.0, 1.0, 1.0, 1.0, 1.0, 1.0, 1.0, 1.0, 1.0, 1.0, 1.0, 1.0, 1.0, 1.0, 1.0, 1.0, 1.0, 1.0, 1.0]}, "Proliferation AUC": 47.3038}, "SMAD": {"Timesteps": {"Proliferation": [0.0, 0.0826, 0.0, 0.0, 0.0, 0.0, 0.0, 0.0, 0.0, 0.0, 0.0, 0.0, 0.0, 0.0, 0.0, 0.0, 0.0, 0.0, 0.0, 0.0, 0.0, 0.0, 0.0, 0.0, 0.0, 0.0, 0.0, 0.0, 0.0, 0.0, 0.0, 0.0, 0.0, 0.0, 0.0, 0.0, 0.0, 0.0, 0.0, 0.0, 0.0, 0.0, 0.0, 0.0, 0.0, 0.0, 0.0, 0.0, 0.0, 0.0, 0.0]}, "Proliferation AUC": 0.0826}, "BclxL": {"Timesteps": {"Proliferation": [0.0, 0.2208, 0.4072, 0.593, 0.7284, 0.7902, 0.8372, 0.883, 0.9246, 0.9668, 0.9864, 0.993, 0.997, 0.9982, 0.9986, 0.9996, 0.9994, 0.9998, 0.9998, 1.0, 1.0, 1.0, 1.0, 1.0, 1.0, 1.0, 1.0, 1.0, 1.0, 1.0, 1.0, 1.0, 1.0, 1.0, 1.0, 1.0, 1.0, 1.0, 1.0, 1.0, 1.0, 1.0, 1.0, 1.0, 1.0, 1.0, 1.0, 1.0, 1.0, 1.0, 1.0]}, "Proliferation AUC": 47.323}, "p53": {"Timesteps": {"Proliferation": [0.0, 0.1704, 0.1214, 0.023, 0.0, 0.0, 0.0, 0.0, 0.0, 0.0, 0.0, 0.0, 0.0, 0.0, 0.0, 0.0, 0.0, 0.0, 0.0, 0.0, 0.0, 0.0, 0.0, 0.0, 0.0, 0.0, 0.0, 0.0, 0.0, 0.0, 0.0, 0.0, 0.0, 0.0, 0.0, 0.0, 0.0, 0.0, 0.0, 0.0, 0.0, 0.0, 0.0, 0.0, 0.0, 0.0, 0.0, 0.0, 0.0, 0.0, 0.0]}, "Proliferation AUC": 0.3148}, "Raf": {"Timesteps": {"Proliferation": [0.0, 0.2064, 0.3956, 0.618, 0.8256, 0.9444, 0.9924, 1.0, 1.0, 1.0, 1.0, 1.0, 1.0, 1.0, 1.0, 1.0, 1.0, 1.0, 1.0, 1.0, 1.0, 1.0, 1.0, 1.0, 1.0, 1.0, 1.0, 1.0, 1.0, 1.0, 1.0, 1.0, 1.0, 1.0, 1.0, 1.0, 1.0, 1.0, 1.0, 1.0, 1.0, 1.0, 1.0, 1.0, 1.0, 1.0, 1.0, 1.0, 1.0, 1.0, 1.0]}, "Proliferation AUC": 47.9824},