{"TAK1": {"Timesteps": {"Proliferation": [0.0, 0.208, 0.3754, 0.4978, 0.4586, 0.2782, 0.1384, 0.0558, 0.0162, 0.0032, 0.0002, 0.0, 0.0, 0.0, 0.0, 0.0, 0.0, 0.0, 0.0, 0.0, 0.0, 0.0, 0.0, 0.0, 0.0, 0.0, 0.0, 0.0, 0.0, 0.0, 0.0, 0.0, 0.0, 0.0, 0.0, 0.0, 0.0, 0.0, 0.0, 0.0, 0.0, 0.0, 0.0, 0.0, 0.0, 0.0, 0.0, 0.0, 0.0, 0.0, 0.0]}, "Proliferation AUC": 2.0318}, "ATM": {"Timesteps": {"Proliferation": [0.0, 0.1732, 0.1876, 0.078, 0.0176, 0.0, 0.0, 0.0, 0.0, 0.0, 0.0, 0.0, 0.0, 0.0, 0.0, 0.0, 0.0, 0.0, 0.0, 0.0, 0.0, 0.0, 0.0, 0.0, 0.0, 0.0, 0.0, 0.0, 0.0, 0.0, 0.0, 0.0, 0.0, 0.0, 0.0, 0.0, 0.0, 0.0, 0.0, 0.0, 0.0, 0.0, 0.0, 0.0, 0.0, 0.0, 0.0, 0.0, 0.0, 0.0, 0.0]}, "Proliferation AUC": 0.45640000000000003}, "AKT": {"Timesteps": {"Proliferation": [0.0, 0.3112, 0.7028, 0.9376, 1.0, 1.0, 1.0, 1.0, 1.0, 1.0, 1.0, 1.0, 1.0, 1.0, 1.0, 1.0, 1.0, 1.0, 1.0, 1.0, 1.0, 1.0, 1.0, 1.0, 1.0, 1.0, 1.0, 1.0, 1.0, 1.0, 1.0, 1.0, 1.0, 1.0, 1.0, 1.0, 1.0, 1.0, 1.0, 1.0, 1.0, 1.0, 1.0, 1.0, 1.0, 1.0, 1.0, 1.0, 1.0, 1.0, 1.0]}, "Proliferation AUC": 48.9516}, "XIAP": {"Timesteps": {"Proliferation": [0.0, 0.2052, 0.3806, 0.5184, 0.5094, 0.349, 0.1984, 0.0966, 0.0376, 0.0098, 0.0018, 0.0, 0.0, 0.0, 0.0, 0.0, 0.0, 0.0, 0.0, 0.0, 0.0, 0.0, 0.0, 0.0, 0.0, 0.0, 0.0, 0.0, 0.0, 0.0, 0.0, 0.0, 0.0, 0.0, 0.0, 0.0, 0.0, 0.0, 0.0, 0.0, 0.0, 0.0, 0.0, 0.0, 0.0, 0.0, 0.0, 0.0, 0.0, 0.0, 0.0]}, "Proliferation AUC": 2.3067999999999995}, "STAT3": {"Timesteps": {"Proliferation": [0.0, 0.244, 0.4742, 0.6702, 0.688, 0.6154, 0.5962, 0.6098, 0.6166, 0.6186, 0.6186, 0.6186, 0.6186, 0.6186, 0.6186, 0.6186, 0.6186, 0.6186, 0.6186, 0.6186, 0.6186, 0.6186, 0.6186, 0.6186, 0.6186, 0.6186, 0.6186, 0.6186, 0.6186, 0.6186, 0.6186, 0.6186, 0.6186, 0.6186, 0.6186, 0.6186, 0.6186, 0.6186, 0.6186, 0.6186, 0.6186, 0.6186, 0.6186, 0.6186, 0.6186, 0.6186, 0.6186, 0.6186, 0.6186, 0.6186, 0.6186]}, "Proliferation AUC": 30.495600000000024}, "BID": {"Timesteps": {"Proliferation": [0.0, 0.211, 0.3894, 0.5206, 0.5012, 0.3502, 0.2004, 0.0934, 0.0328, 0.0068, 0.0012, 0.0, 0.0, 0.0, 0.0, 0.0, 0.0, 0.0, 0.0, 0.0, 0.0, 0.0, 0.0, 0.0, 0.0, 0.0, 0.0, 0.0, 0.0, 0.0, 0.0, 0.0, 0.0, 0.0, 0.0, 0.0, 0.0, 0.0, 0.0, 0.0, 0.0, 0.0, 0.0, 0.0, 0.0, 0.0, 0.0, 0.0, 0.0, 0.0, 0.0]}, "Proliferation AUC": 2.307}, "RIP": {"Timesteps": {"Proliferation": [0.0, 0.2, 0.3908, 0.5412, 0.523, 0.3814, 0.225, 0.125, 0.0478, 0.013, 0.0006, 0.0, 0.0, 0.0, 0.0, 0.0, 0.0, 0.0, 0.0, 0.0, 0.0, 0.0, 0.0, 0.0, 0.0, 0.0, 0.0, 0.0, 0.0, 0.0, 0.0, 0.0, 0.0, 0.0, 0.0, 0.0, 0.0, 0.0, 0.0, 0.0, 0.0, 0.0, 0.0, 0.0, 0.0, 0.0, 0.0, 0.0, 0.0, 0.0, 0.0]}, "Proliferation AUC": 2.4478000000000004}, "MYC": {"Timesteps": {"Proliferation": [0.0, 0.4308, 0.4654, 0.6202, 0.6408, 0.591, 0.5734, 0.5834, 0.5918, 0.594, 0.5946, 0.5946, 0.5946, 0.5946, 0.5946, 0.5946, 0.5946, 0.5946, 0.5946, 0.5946, 0.5946, 0.5946, 0.5946, 0.5946, 0.5946, 0.5946, 0.5946, 0.5946, 0.5946, 0.5946, 0.5946, 0.5946, 0.5946, 0.5946, 0.5946, 0.5946, 0.5946, 0.5946, 0.5946, 0.5946, 0.5946, 0.5946, 0.5946, 0.5946, 0.5946, 0.5946, 0.5946, 0.5946, 0.5946, 0.5946, 0.5946]}, "Proliferation AUC": 29.469399999999993}, "DUSP1": {"Timesteps": {"Proliferation": [0.0, 0.2092, 0.436, 0.6448, 0.646, 0.4498, 0.2478, 0.1098, 0.0366, 0.008, 0.0004, 0.0, 0.0, 0.0, 0.0, 0.0, 0.0, 0.0, 0.0, 0.0, 0.0, 0.0, 0.0, 0.0, 0.0, 0.0, 0.0, 0.0, 0.0, 0.0, 0.0, 0.0, 0.0, 0.0, 0.0, 0.0, 0.0, 0.0, 0.0, 0.0, 0.0, 0.0, 0.0, 0.0, 0.0, 0.0, 0.0, 0.0, 0.0, 0.0, 0.0]}, "Proliferation AUC": 2.7883999999999993}, "Bcl2": {"Timesteps": {"Proliferation": [0.0, 0.2062, 0.3792, 0.5362, 0.511, 0.3476, 0.1948, 0.0982, 0.0364, 0.0074, 0.0014, 0.0006, 0.0, 0.0, 0.0, 0.0, 0.0, 0.0, 0.0, 0.0, 0.0, 0.0, 0.0, 0.0, 0.0, 0.0, 0.0, 0.0, 0.0, 0.0, 0.0, 0.0, 0.0, 0.0, 0.0, 0.0, 0.0, 0.0, 0.0, 0.0, 0.0, 0.0, 0.0, 0.0, 0.0, 0.0, 0.0, 0.0, 0.0, 0.0, 0.0]}, "Proliferation AUC": 2.3189999999999995}, "TRAF2": {"Timesteps": {"Proliferation": [0.0, 0.2094, 0.3818, 0.528, 0.5456, 0.5, 0.4596, 0.4258, 0.4036, 0.3884, 0.3774, 0.36, 0.3466, 0.3556, 0.346, 0.3398, 0.323, 0.3268, 0.338, 0.3282, 0.3214, 0.3174, 0.3316, 0.3212, 0.3216, 0.3232, 0.313, 0.317, 0.3064, 0.3024, 0.309, 0.309, 0.3148, 0.3238, 0.3036, 0.3012, 0.3174, 0.3046, 0.3088, 0.3142, 0.3218, 0.3158, 0.3038, 0.3062, 0.3082, 0.3024, 0.3088, 0.3156, 0.3218, 0.3114, 0.3094]}, "Proliferation AUC": 16.990399999999998}, "TRAF6": {"Timesteps": {"Proliferation": [0.0, 0.2036, 0.375, 0.513, 0.463, 0.2886, 0.1348, 0.0564, 0.015, 0.0018, 0.0002, 0.0, 0.0, 0.0, 0.0, 0.0, 0.0, 0.0, 0.0, 0.0, 0.0, 0.0, 0.0, 0.0, 0.0, 0.0, 0.0, 0.0, 0.0, 0.0, 0.0, 0.0, 0.0, 0.0, 0.0, 0.0, 0.0, 0.0, 0.0, 0.0, 0.0, 0.0, 0.0, 0.0, 0.0, 0.0, 0.0, 0.0, 0.0, 0.0, 0.0]}, "Proliferation AUC": 2.0514}, "NFkB": {"Timesteps": {"Proliferation": [0.0, 0.214, 0.3996, 0.5806, 0.6722, 0.657, 0.6606, 0.6702, 0.722, 0.7468, 0.7672, 0.788, 0.7844, 0.8012, 0.8186, 0.8178, 0.8146, 0.8186, 0.8134, 0.8186, 0.8262, 0.8294, 0.8232, 0.83, 0.8384, 0.8378, 0.8304, 0.823, 0.829, 0.832, 0.8256, 0.8188, 0.8244, 0.824, 0.8222, 0.8196, 0.8242, 0.8214, 0.8298, 0.8258, 0.822, 0.824, 0.8254, 0.8244, 0.8206, 0.8238, 0.8222, 0.8268, 0.8304, 0.8282, 0.8174]}, "Proliferation AUC": 38.9658}, "Bax": {"Timesteps": {"Proliferation": [0.0, 0.21, 0.392, 0.5368, 0.5198, 0.3512, 0.2028, 0.1012, 0.039, 0.0092, 0.0006, 0.0, 0.0, 0.0, 0.0, 0.0, 0.0, 0.0, 0.0, 0.0, 0.0, 0.0, 0.0, 0.0, 0.0, 0.0, 0.0, 0.0, 0.0, 0.0, 0.0, 0.0, 0.0, 0.0, 0.0, 0.0, 0.0, 0.0, 0.0, 0.0, 0.0, 0.0, 0.0, 0.0, 0.0, 0.0, 0.0, 0.0, 0.0, 0.0, 0.0]}, "Proliferation AUC": 2.3626}, "TNFR2": {"Timesteps": {"Proliferation": [0.0, 0.2162, 0.3888, 0.5324, 0.5254, 0.4208, 0.3178, 0.2214, 0.1288, 0.0576, 0.0198, 0.004, 0.0002, 0.0, 0.0, 0.0, 0.0, 0.0, 0.0, 0.0, 0.0, 0.0, 0.0, 0.0, 0.0, 0.0, 0.0, 0.0, 0.0, 0.0, 0.0, 0.0, 0.0, 0.0, 0.0, 0.0, 0.0, 0.0, 0.0, 0.0, 0.0, 0.0, 0.0, 0.0, 0.0, 0.0, 0.0, 0.0, 0.0, 0.0, 0.0]}, "Proliferation AUC": 2.8331999999999997}, "TNFR1": {"Timesteps": {"Proliferation": [0.0, 0.2084, 0.393, 0.529, 0.505, 0.3466, 0.1926, 0.0946, 0.0362, 0.0076, 0.0012, 0.0, 0.0, 0.0, 0.0, 0.0, 0.0, 0.0, 0.0, 0.0, 0.0, 0.0, 0.0, 0.0, 0.0, 0.0, 0.0, 0.0, 0.0, 0.0, 0.0, 0.0, 0.0, 0.0, 0.0, 0.0, 0.0, 0.0, 0.0, 0.0, 0.0, 0.0, 0.0, 0.0, 0.0, 0.0, 0.0, 0.0, 0.0, 0.0, 0.0]}, "Proliferation AUC": 2.3142}, "SMAD": {"Timesteps": {"Proliferation": [0.0, 0.0836, 0.0, 0.0, 0.0, 0.0, 0.0, 0.0, 0.0, 0.0, 0.0, 0.0, 0.0, 0.0, 0.0, 0.0, 0.0, 0.0, 0.0, 0.0, 0.0, 0.0, 0.0, 0.0, 0.0, 0.0, 0.0, 0.0, 0.0, 0.0, 0.0, 0.0, 0.0, 0.0, 0.0, 0.0, 0.0, 0.0, 0.0, 0.0, 0.0, 0.0, 0.0, 0.0, 0.0, 0.0, 0.0, 0.0, 0.0, 0.0, 0.0]}, "Proliferation AUC": 0.0836}, "BclxL": {"Timesteps": {"Proliferation": [0.0, 0.2118, 0.385, 0.528, 0.5068, 0.3474, 0.1962, 0.0928, 0.0356, 0.0078, 0.001, 0.0002, 0.0, 0.0, 0.0, 0.0, 0.0, 0.0, 0.0, 0.0, 0.0, 0.0, 0.0, 0.0, 0.0, 0.0, 0.0, 0.0, 0.0, 0.0, 0.0, 0.0, 0.0, 0.0, 0.0, 0.0, 0.0, 0.0, 0.0, 0.0, 0.0, 0.0, 0.0, 0.0, 0.0, 0.0, 0.0, 0.0, 0.0, 0.0, 0.0]}, "Proliferation AUC": 2.3126}, "p53": {"Timesteps": {"Proliferation": [0.0, 0.1526, 0.1152, 0.0218, 0.0, 0.0, 0.0, 0.0, 0.0, 0.0, 0.0, 0.0, 0.0, 0.0, 0.0, 0.0, 0.0, 0.0, 0.0, 0.0, 0.0, 0.0, 0.0, 0.0, 0.0, 0.0, 0.0, 0.0, 0.0, 0.0, 0.0, 0.0, 0.0, 0.0, 0.0, 0.0, 0.0, 0.0, 0.0, 0.0, 0.0, 0.0, 0.0, 0.0, 0.0, 0.0, 0.0, 0.0, 0.0, 0.0, 0.0]}, "Proliferation AUC": 0.2896}, "Raf": {"Timesteps": {"Proliferation": [0.0, 0.2106, 0.39, 0.573, 0.5836, 0.4312, 0.2404, 0.1182, 0.0434, 0.0084, 0.001, 0.0, 0.0, 0.0, 0.0, 0.0, 0.0, 0.0, 0.0, 0.0, 0.0, 0.0, 0.0, 0.0, 0.0, 0.0, 0.0, 0.0, 0.0, 0.0, 0.0, 0.0, 0.0, 0.0, 0.0, 0.0, 0.0, 0.0, 0.0, 0.0, 0.0, 0.0, 0.0, 0.0, 0.0, 0.0, 0.0, 0.0, 0.0, 0.0, 0.0]}, "Proliferation AUC": 2.5998}, "TGFBR": {"Timesteps": {"Proliferation": [0.0, 0.1672, 0.0718, 0.0, 0.0, 0.0, 0.0, 0.0, 0.0, 0.0, 0.0, 0.0, 0.0, 0.0, 0.0, 0.0, 0.0, 0.0, 0.0, 0.0, 0.0, 0.0, 0.0, 0.0, 0.0, 0.0, 0.0, 0.0, 0.0, 0.0, 0.0, 0.0, 0.0, 0.0, 0.0, 0.0, 0.0, 0.0, 0.0, 0.0, 0.0, 0.0, 0.0, 0.0, 0.0, 0.0, 0.0, 0.0, 0.0, 0.0, 0.0]}, "Proliferation AUC": 0.239},