{"TAK1": {"Timesteps": {"Proliferation": [0.0, 0.2244, 0.3838, 0.559, 0.6644, 0.6778, 0.651, 0.6246, 0.6122, 0.5846, 0.5764, 0.5804, 0.593, 0.585, 0.5824, 0.5822, 0.5836, 0.5792, 0.5758, 0.5764, 0.5806, 0.5912, 0.5836, 0.5758, 0.5728, 0.575, 0.577, 0.5778, 0.578, 0.5828, 0.579, 0.579, 0.5762, 0.5758, 0.586, 0.5888, 0.5792, 0.5744, 0.5794, 0.576, 0.5722, 0.575, 0.5768, 0.5778, 0.5772, 0.5792, 0.5722, 0.567, 0.5692, 0.5722, 0.5868]}, "Proliferation AUC": 28.710199999999993}, "ATM": {"Timesteps": {"Proliferation": [0.0, 0.1792, 0.1794, 0.0922, 0.0168, 0.0, 0.0, 0.0, 0.0, 0.0, 0.0, 0.0, 0.0, 0.0, 0.0, 0.0, 0.0, 0.0, 0.0, 0.0, 0.0, 0.0, 0.0, 0.0, 0.0, 0.0, 0.0, 0.0, 0.0, 0.0, 0.0, 0.0, 0.0, 0.0, 0.0, 0.0, 0.0, 0.0, 0.0, 0.0, 0.0, 0.0, 0.0, 0.0, 0.0, 0.0, 0.0, 0.0, 0.0, 0.0, 0.0]}, "Proliferation AUC": 0.4676}, "AKT": {"Timesteps": {"Proliferation": [0.0, 0.3026, 0.715, 0.9382, 1.0, 1.0, 1.0, 1.0, 1.0, 1.0, 1.0, 1.0, 1.0, 1.0, 1.0, 1.0, 1.0, 1.0, 1.0, 1.0, 1.0, 1.0, 1.0, 1.0, 1.0, 1.0, 1.0, 1.0, 1.0, 1.0, 1.0, 1.0, 1.0, 1.0, 1.0, 1.0, 1.0, 1.0, 1.0, 1.0, 1.0, 1.0, 1.0, 1.0, 1.0, 1.0, 1.0, 1.0, 1.0, 1.0, 1.0]}, "Proliferation AUC": 48.955799999999996}, "XIAP": {"Timesteps": {"Proliferation": [0.0, 0.2108, 0.395, 0.5946, 0.7162, 0.72, 0.6818, 0.646, 0.6168, 0.6036, 0.6074, 0.6166, 0.6184, 0.6226, 0.6102, 0.6066, 0.6064, 0.6102, 0.6154, 0.6132, 0.6138, 0.6044, 0.6144, 0.614, 0.614, 0.6122, 0.6026, 0.6032, 0.6164, 0.6106, 0.6116, 0.6108, 0.6072, 0.6004, 0.6036, 0.6002, 0.614, 0.6218, 0.6166, 0.6046, 0.5994, 0.6098, 0.616, 0.613, 0.6114, 0.6076, 0.6166, 0.6154, 0.6138, 0.6002, 0.6036]}, "Proliferation AUC": 30.215000000000007}, "STAT3": {"Timesteps": {"Proliferation": [0.0, 0.2478, 0.4878, 0.6782, 0.6986, 0.589, 0.4988, 0.4348, 0.405, 0.3884, 0.38, 0.3682, 0.3642, 0.3568, 0.355, 0.3504, 0.3456, 0.3448, 0.3436, 0.3414, 0.3396, 0.3402, 0.3392, 0.3392, 0.3384, 0.337, 0.3374, 0.3366, 0.3366, 0.3368, 0.3366, 0.3366, 0.3364, 0.3366, 0.336, 0.3364, 0.3364, 0.3364, 0.3364, 0.3364, 0.3364, 0.3364, 0.3364, 0.3364, 0.3364, 0.3364, 0.3364, 0.3364, 0.3364, 0.3364, 0.3364]}, "Proliferation AUC": 18.424000000000007}, "BID": {"Timesteps": {"Proliferation": [0.0, 0.2094, 0.3766, 0.5786, 0.713, 0.73, 0.7006, 0.6512, 0.6234, 0.6078, 0.6056, 0.6134, 0.6198, 0.6188, 0.6132, 0.6048, 0.608, 0.6132, 0.6192, 0.6276, 0.6154, 0.6086, 0.6088, 0.6148, 0.6138, 0.6088, 0.6162, 0.6114, 0.6106, 0.607, 0.6098, 0.6074, 0.6104, 0.6106, 0.6084, 0.6252, 0.621, 0.6188, 0.6096, 0.6074, 0.6122, 0.6, 0.6164, 0.621, 0.6126, 0.608, 0.6058, 0.619, 0.6172, 0.616, 0.6146]}, "Proliferation AUC": 30.320999999999994}, "RIP": {"Timesteps": {"Proliferation": [0.0, 0.21, 0.3882, 0.586, 0.6998, 0.6908, 0.6526, 0.6014, 0.5866, 0.5758, 0.5886, 0.5938, 0.5918, 0.583, 0.5884, 0.5782, 0.5914, 0.5922, 0.5862, 0.5834, 0.5822, 0.5916, 0.5936, 0.5922, 0.589, 0.5824, 0.5828, 0.5764, 0.5906, 0.5814, 0.584, 0.5802, 0.578, 0.5898, 0.596, 0.5858, 0.584, 0.5872, 0.583, 0.582, 0.5804, 0.5806, 0.5902, 0.5802, 0.5844, 0.5826, 0.5858, 0.5808, 0.5796, 0.5902, 0.5966]}, "Proliferation AUC": 29.011799999999994}, "MYC": {"Timesteps": {"Proliferation": [0.0, 0.437, 0.4564, 0.618, 0.6408, 0.5662, 0.4812, 0.4218, 0.3994, 0.3774, 0.366, 0.3658, 0.3582, 0.3544, 0.3486, 0.3446, 0.3426, 0.3412, 0.3412, 0.3396, 0.3378, 0.3366, 0.3364, 0.3362, 0.3354, 0.3348, 0.3338, 0.3342, 0.3336, 0.3338, 0.3338, 0.3338, 0.3336, 0.334, 0.334, 0.3338, 0.334, 0.334, 0.3338, 0.334, 0.334, 0.334, 0.3336, 0.3338, 0.3336, 0.3338, 0.3336, 0.3336, 0.3336, 0.3336, 0.3336]}, "Proliferation AUC": 18.2626}, "DUSP1": {"Timesteps": {"Proliferation": [0.0, 0.2086, 0.4278, 0.7254, 0.9168, 0.9784, 0.9976, 1.0, 1.0, 1.0, 1.0, 1.0, 1.0, 1.0, 1.0, 1.0, 1.0, 1.0, 1.0, 1.0, 1.0, 1.0, 1.0, 1.0, 1.0, 1.0, 1.0, 1.0, 1.0, 1.0, 1.0, 1.0, 1.0, 1.0, 1.0, 1.0, 1.0, 1.0, 1.0, 1.0, 1.0, 1.0, 1.0, 1.0, 1.0, 1.0, 1.0, 1.0, 1.0, 1.0, 1.0]}, "Proliferation AUC": 48.254599999999996}, "Bcl2": {"Timesteps": {"Proliferation": [0.0, 0.217, 0.4018, 0.5918, 0.7212, 0.7382, 0.6904, 0.649, 0.623, 0.6012, 0.6064, 0.6108, 0.6142, 0.6184, 0.6152, 0.6154, 0.6182, 0.612, 0.6226, 0.6144, 0.623, 0.608, 0.6018, 0.624, 0.6166, 0.6126, 0.6122, 0.6114, 0.6108, 0.6132, 0.6138, 0.6148, 0.6156, 0.6148, 0.6148, 0.612, 0.6182, 0.6164, 0.6104, 0.6202, 0.6206, 0.6162, 0.6148, 0.6138, 0.6146, 0.607, 0.6166, 0.6194, 0.6204, 0.6236, 0.6164]}, "Proliferation AUC": 30.44919999999999}, "TRAF2": {"Timesteps": {"Proliferation": [0.0, 0.2082, 0.379, 0.571, 0.6912, 0.682, 0.6246, 0.583, 0.5656, 0.5788, 0.5886, 0.5884, 0.5932, 0.5878, 0.5714, 0.5812, 0.5772, 0.5778, 0.583, 0.5916, 0.5884, 0.5776, 0.5808, 0.5782, 0.5766, 0.576, 0.5788, 0.5812, 0.5708, 0.5742, 0.5928, 0.5926, 0.5838, 0.5824, 0.5828, 0.5782, 0.5774, 0.581, 0.5734, 0.5774, 0.5828, 0.5808, 0.5816, 0.5788, 0.5752, 0.571, 0.5692, 0.5788, 0.5942, 0.5788, 0.5808]}, "Proliferation AUC": 28.700000000000003}, "TRAF6": {"Timesteps": {"Proliferation": [0.0, 0.205, 0.3816, 0.566, 0.6648, 0.6726, 0.6502, 0.6222, 0.6032, 0.5828, 0.5676, 0.5682, 0.5762, 0.577, 0.5772, 0.5934, 0.5822, 0.583, 0.5852, 0.5738, 0.5752, 0.5774, 0.576, 0.5782, 0.5712, 0.5672, 0.5716, 0.5778, 0.5884, 0.587, 0.582, 0.5724, 0.5724, 0.576, 0.5774, 0.5706, 0.5676, 0.571, 0.5784, 0.5858, 0.5808, 0.5736, 0.5814, 0.582, 0.578, 0.57, 0.581, 0.5814, 0.5804, 0.574, 0.5774]}, "Proliferation AUC": 28.615800000000004}, "NFkB": {"Timesteps": {"Proliferation": [0.0, 0.2142, 0.3992, 0.6236, 0.7324, 0.7102, 0.6424, 0.611, 0.5978, 0.614, 0.6154, 0.6266, 0.6144, 0.6174, 0.6118, 0.6126, 0.6288, 0.6192, 0.6142, 0.6098, 0.614, 0.615, 0.6166, 0.6182, 0.6196, 0.6132, 0.6054, 0.6122, 0.6156, 0.6148, 0.6178, 0.6132, 0.614, 0.6138, 0.6078, 0.6186, 0.615, 0.6138, 0.6134, 0.6194, 0.6146, 0.6126, 0.6154, 0.6094, 0.619, 0.6176, 0.6116, 0.6148, 0.6172, 0.6152, 0.623]}, "Proliferation AUC": 30.376800000000003}, "Bax": {"Timesteps": {"Proliferation": [0.0, 0.21, 0.4, 0.598, 0.7276, 0.725, 0.6904, 0.642, 0.627, 0.6134, 0.6176, 0.6312, 0.6214, 0.6108, 0.6084, 0.6164, 0.6248, 0.6132, 0.6196, 0.6152, 0.6204, 0.62, 0.6128, 0.6236, 0.626, 0.6212, 0.614, 0.6108, 0.6086, 0.6182, 0.6212, 0.6282, 0.6168, 0.6046, 0.6068, 0.6114, 0.6142, 0.6192, 0.613, 0.6078, 0.6164, 0.6152, 0.6202, 0.621, 0.6152, 0.614, 0.625, 0.6234, 0.6166, 0.6106, 0.6132]}, "Proliferation AUC": 30.52160000000001}, "TNFR2": {"Timesteps": {"Proliferation": [0.0, 0.2106, 0.3828, 0.5826, 0.7046, 0.7182, 0.6834, 0.648, 0.6206, 0.5994, 0.5918, 0.6122, 0.6118, 0.6148, 0.6136, 0.613, 0.607, 0.6088, 0.612, 0.608, 0.61, 0.6004, 0.6076, 0.6096, 0.6044, 0.607, 0.6138, 0.6162, 0.6044, 0.6082, 0.6068, 0.6084, 0.605, 0.6048, 0.6124, 0.6128, 0.6146, 0.6074, 0.6032, 0.614, 0.6102, 0.5964, 0.6036, 0.613, 0.6196, 0.614, 0.6088, 0.6106, 0.61, 0.6122, 0.609]}, "Proliferation AUC": 30.1216}, "TNFR1": {"Timesteps": {"Proliferation": [0.0, 0.208, 0.3986, 0.587, 0.7198, 0.71, 0.6756, 0.6216, 0.5992, 0.585, 0.6022, 0.5966, 0.609, 0.6058, 0.599, 0.5988, 0.599, 0.6008, 0.6088, 0.6046, 0.5938, 0.6034, 0.6028, 0.6006, 0.606, 0.5974, 0.5936, 0.5858, 0.593, 0.6014, 0.6056, 0.605, 0.6012, 0.597, 0.5958, 0.5946, 0.6032, 0.6052, 0.6062, 0.594, 0.5952, 0.5894, 0.5968, 0.5916, 0.5892, 0.6006, 0.6076, 0.6126, 0.6084, 0.5986, 0.6016]}, "Proliferation AUC": 29.70660000000001}, "SMAD": {"Timesteps": {"Proliferation": [0.0, 0.087, 0.0, 0.0, 0.0, 0.0, 0.0, 0.0, 0.0, 0.0, 0.0, 0.0, 0.0, 0.0, 0.0, 0.0, 0.0, 0.0, 0.0, 0.0, 0.0, 0.0, 0.0, 0.0, 0.0, 0.0, 0.0, 0.0, 0.0, 0.0, 0.0, 0.0, 0.0, 0.0, 0.0, 0.0, 0.0, 0.0, 0.0, 0.0, 0.0, 0.0, 0.0, 0.0, 0.0, 0.0, 0.0, 0.0, 0.0, 0.0, 0.0]}, "Proliferation AUC": 0.087},