{"TAK1": {"Timesteps": {"Proliferation": [0.0, 0.2106, 0.3726, 0.509, 0.4848, 0.3716, 0.3594, 0.3996, 0.4146, 0.3912, 0.3572, 0.3406, 0.351, 0.349, 0.34, 0.3344, 0.3248, 0.3202, 0.315, 0.3288, 0.3206, 0.3082, 0.3028, 0.3116, 0.3102, 0.3242, 0.3098, 0.3124, 0.308, 0.315, 0.314, 0.3112, 0.3064, 0.3046, 0.3106, 0.3086, 0.3224, 0.3088, 0.3022, 0.3094, 0.3154, 0.3106, 0.3228, 0.32, 0.3218, 0.3174, 0.3132, 0.317, 0.3032, 0.3256, 0.3156]}, "Proliferation AUC": 16.578}, "ATM": {"Timesteps": {"Proliferation": [0.0, 0.1808, 0.1836, 0.0812, 0.0162, 0.0, 0.0, 0.0, 0.0, 0.0, 0.0, 0.0, 0.0, 0.0, 0.0, 0.0, 0.0, 0.0, 0.0, 0.0, 0.0, 0.0, 0.0, 0.0, 0.0, 0.0, 0.0, 0.0, 0.0, 0.0, 0.0, 0.0, 0.0, 0.0, 0.0, 0.0, 0.0, 0.0, 0.0, 0.0, 0.0, 0.0, 0.0, 0.0, 0.0, 0.0, 0.0, 0.0, 0.0, 0.0, 0.0]}, "Proliferation AUC": 0.4618}, "AKT": {"Timesteps": {"Proliferation": [0.0, 0.2994, 0.7028, 0.9398, 1.0, 1.0, 1.0, 1.0, 1.0, 1.0, 1.0, 1.0, 1.0, 1.0, 1.0, 1.0, 1.0, 1.0, 1.0, 1.0, 1.0, 1.0, 1.0, 1.0, 1.0, 1.0, 1.0, 1.0, 1.0, 1.0, 1.0, 1.0, 1.0, 1.0, 1.0, 1.0, 1.0, 1.0, 1.0, 1.0, 1.0, 1.0, 1.0, 1.0, 1.0, 1.0, 1.0, 1.0, 1.0, 1.0, 1.0]}, "Proliferation AUC": 48.942}, "XIAP": {"Timesteps": {"Proliferation": [0.0, 0.2044, 0.3816, 0.5254, 0.5072, 0.4166, 0.3828, 0.4238, 0.4376, 0.408, 0.38, 0.3506, 0.3426, 0.3458, 0.3324, 0.3338, 0.327, 0.3206, 0.3156, 0.3178, 0.3332, 0.3284, 0.313, 0.3212, 0.3258, 0.3122, 0.3112, 0.306, 0.3098, 0.3132, 0.309, 0.3188, 0.3196, 0.3158, 0.303, 0.308, 0.3228, 0.3138, 0.3198, 0.313, 0.3, 0.307, 0.315, 0.3106, 0.3086, 0.3112, 0.3124, 0.3034, 0.3058, 0.3124, 0.3072]}, "Proliferation AUC": 16.764799999999997}, "STAT3": {"Timesteps": {"Proliferation": [0.0, 0.2518, 0.4816, 0.6756, 0.6448, 0.4636, 0.3334, 0.273, 0.202, 0.1152, 0.0492, 0.0132, 0.0024, 0.0002, 0.0, 0.0, 0.0, 0.0, 0.0, 0.0, 0.0, 0.0, 0.0, 0.0, 0.0, 0.0, 0.0, 0.0, 0.0, 0.0, 0.0, 0.0, 0.0, 0.0, 0.0, 0.0, 0.0, 0.0, 0.0, 0.0, 0.0, 0.0, 0.0, 0.0, 0.0, 0.0, 0.0, 0.0, 0.0, 0.0, 0.0]}, "Proliferation AUC": 3.5060000000000002}, "BID": {"Timesteps": {"Proliferation": [0.0, 0.2082, 0.386, 0.5178, 0.5018, 0.42, 0.3812, 0.4308, 0.4432, 0.4046, 0.3668, 0.3512, 0.3374, 0.3452, 0.3392, 0.3306, 0.3258, 0.3304, 0.3194, 0.313, 0.3258, 0.3212, 0.3088, 0.3186, 0.3124, 0.3142, 0.3156, 0.3136, 0.3172, 0.319, 0.31, 0.3042, 0.3064, 0.3152, 0.3038, 0.316, 0.3108, 0.3132, 0.3154, 0.3068, 0.3106, 0.3098, 0.3122, 0.3068, 0.308, 0.3238, 0.3184, 0.3118, 0.3064, 0.3152, 0.3102]}, "Proliferation AUC": 16.754000000000005}, "RIP": {"Timesteps": {"Proliferation": [0.0, 0.2042, 0.379, 0.5294, 0.5126, 0.4544, 0.4558, 0.4454, 0.4188, 0.3898, 0.3722, 0.3606, 0.3576, 0.3564, 0.3392, 0.3322, 0.3246, 0.3356, 0.312, 0.316, 0.3266, 0.3298, 0.313, 0.3226, 0.3308, 0.3154, 0.3226, 0.3192, 0.3044, 0.3022, 0.3138, 0.326, 0.316, 0.3084, 0.3004, 0.3016, 0.3034, 0.3194, 0.3178, 0.307, 0.3052, 0.307, 0.3192, 0.3232, 0.3094, 0.3064, 0.3012, 0.3, 0.3032, 0.303, 0.3102]}, "Proliferation AUC": 16.884200000000003}, "MYC": {"Timesteps": {"Proliferation": [0.0, 0.4428, 0.4718, 0.6188, 0.6142, 0.4806, 0.3856, 0.3336, 0.2932, 0.226, 0.1652, 0.1264, 0.1038, 0.0848, 0.0668, 0.0568, 0.0474, 0.0406, 0.035, 0.029, 0.025, 0.0218, 0.0166, 0.0144, 0.0122, 0.0096, 0.0068, 0.0058, 0.0054, 0.0044, 0.0042, 0.0036, 0.003, 0.0028, 0.0024, 0.0014, 0.0014, 0.0014, 0.0008, 0.0004, 0.0004, 0.0004, 0.0004, 0.0004, 0.0004, 0.0004, 0.0004, 0.0002, 0.0, 0.0, 0.0]}, "Proliferation AUC": 4.7688000000000015}, "DUSP1": {"Timesteps": {"Proliferation": [0.0, 0.2116, 0.426, 0.6348, 0.679, 0.6302, 0.6606, 0.7578, 0.8136, 0.812, 0.8176, 0.8246, 0.836, 0.8306, 0.8264, 0.8238, 0.8312, 0.8136, 0.8198, 0.8258, 0.8178, 0.8214, 0.8234, 0.8198, 0.8246, 0.8192, 0.8164, 0.8126, 0.8132, 0.8208, 0.8188, 0.8264, 0.8306, 0.8252, 0.8266, 0.8318, 0.8274, 0.8238, 0.8234, 0.8284, 0.835, 0.8286, 0.8242, 0.8272, 0.828, 0.8288, 0.8288, 0.826, 0.8264, 0.8266, 0.8208]}, "Proliferation AUC": 39.427}, "Bcl2": {"Timesteps": {"Proliferation": [0.0, 0.2036, 0.3796, 0.5138, 0.5018, 0.4148, 0.3918, 0.4262, 0.4364, 0.4042, 0.3734, 0.3582, 0.3578, 0.3482, 0.3452, 0.3398, 0.3278, 0.3244, 0.3214, 0.3156, 0.3206, 0.3048, 0.3164, 0.3222, 0.3114, 0.3074, 0.3128, 0.3092, 0.3188, 0.3132, 0.3016, 0.3066, 0.314, 0.32, 0.322, 0.3102, 0.3022, 0.2958, 0.302, 0.3188, 0.321, 0.3006, 0.3122, 0.3044, 0.3104, 0.3154, 0.3044, 0.3168, 0.3054, 0.3058, 0.314]}, "Proliferation AUC": 16.7244}, "TRAF2": {"Timesteps": {"Proliferation": [0.0, 0.2106, 0.389, 0.5248, 0.5522, 0.508, 0.4732, 0.422, 0.3976, 0.3882, 0.3816, 0.365, 0.3656, 0.3504, 0.3414, 0.3256, 0.3244, 0.3244, 0.3198, 0.32, 0.3348, 0.3234, 0.3074, 0.307, 0.3094, 0.3, 0.3142, 0.3156, 0.3028, 0.3098, 0.3174, 0.3074, 0.3108, 0.311, 0.3146, 0.3068, 0.3072, 0.3094, 0.3066, 0.3116, 0.3154, 0.3194, 0.3122, 0.3024, 0.3072, 0.3058, 0.308, 0.2976, 0.3116, 0.3138, 0.3062]}, "Proliferation AUC": 16.9106}, "TRAF6": {"Timesteps": {"Proliferation": [0.0, 0.2152, 0.378, 0.5122, 0.502, 0.3818, 0.37, 0.4004, 0.4184, 0.3978, 0.361, 0.3428, 0.335, 0.3374, 0.3332, 0.332, 0.335, 0.327, 0.3154, 0.3206, 0.3108, 0.3204, 0.321, 0.3182, 0.327, 0.3142, 0.303, 0.3058, 0.3054, 0.3132, 0.3184, 0.3262, 0.3194, 0.3144, 0.32, 0.3128, 0.3118, 0.3122, 0.307, 0.3058, 0.3284, 0.3094, 0.3016, 0.308, 0.3092, 0.3224, 0.3178, 0.318, 0.2974, 0.3046, 0.3072]}, "Proliferation AUC": 16.626200000000004}, "NFkB": {"Timesteps": {"Proliferation": [0.0, 0.21, 0.4024, 0.5854, 0.6378, 0.5572, 0.4958, 0.4476, 0.4338, 0.4186, 0.3998, 0.386, 0.3734, 0.374, 0.363, 0.3524, 0.3382, 0.3306, 0.3362, 0.3338, 0.3242, 0.3114, 0.318, 0.312, 0.3178, 0.3256, 0.3132, 0.3136, 0.3184, 0.3106, 0.3084, 0.3112, 0.3152, 0.3098, 0.3076, 0.3064, 0.317, 0.309, 0.3102, 0.3056, 0.3078, 0.2998, 0.31, 0.3098, 0.3234, 0.3134, 0.3164, 0.2952, 0.303, 0.3104, 0.3218]}, "Proliferation AUC": 17.4522}, "Bax": {"Timesteps": {"Proliferation": [0.0, 0.2122, 0.3946, 0.532, 0.5154, 0.4086, 0.3862, 0.4206, 0.4314, 0.4136, 0.375, 0.3634, 0.3556, 0.338, 0.332, 0.3386, 0.3254, 0.337, 0.3362, 0.3278, 0.3272, 0.3296, 0.3076, 0.309, 0.3192, 0.3098, 0.3158, 0.3102, 0.3084, 0.3168, 0.3116, 0.306, 0.3174, 0.3184, 0.3196, 0.3144, 0.3082, 0.3138, 0.3048, 0.3002, 0.3114, 0.3222, 0.3184, 0.3148, 0.3088, 0.3122, 0.3124, 0.318, 0.307, 0.312, 0.3062]}, "Proliferation AUC": 16.855000000000004}, "TNFR2": {"Timesteps": {"Proliferation": [0.0, 0.2136, 0.3926, 0.5158, 0.5074, 0.4234, 0.411, 0.4196, 0.4422, 0.4128, 0.375, 0.354, 0.3462, 0.3472, 0.348, 0.3408, 0.3398, 0.3222, 0.3226, 0.3052, 0.3246, 0.3162, 0.3156, 0.3104, 0.312, 0.3086, 0.302, 0.3086, 0.312, 0.3158, 0.323, 0.3092, 0.3086, 0.3062, 0.3038, 0.3094, 0.3074, 0.3152, 0.323, 0.3044, 0.304, 0.3026, 0.3106, 0.3052, 0.3102, 0.31, 0.3056, 0.3126, 0.3126, 0.3104, 0.3034]}, "Proliferation AUC": 16.762600000000003}, "TNFR1": {"Timesteps": {"Proliferation": [0.0, 0.202, 0.376, 0.5276, 0.5262, 0.4314, 0.4048, 0.4448, 0.442, 0.4022, 0.3646, 0.355, 0.3488, 0.347, 0.336, 0.328, 0.3288, 0.3206, 0.32, 0.3152, 0.3056, 0.3174, 0.3162, 0.3292, 0.3162, 0.31, 0.3052, 0.3062, 0.3188, 0.3162, 0.3168, 0.317, 0.317, 0.322, 0.312, 0.312, 0.3184, 0.3182, 0.3042, 0.2958, 0.31, 0.304, 0.3044, 0.3132, 0.3134, 0.3214, 0.3246, 0.3118, 0.3128, 0.3116, 0.3144]}, "Proliferation AUC": 16.836999999999996}, "SMAD": {"Timesteps": {"Proliferation": [0.0, 0.0892, 0.0, 0.0, 0.0, 0.0, 0.0, 0.0, 0.0, 0.0, 0.0, 0.0, 0.0, 0.0, 0.0, 0.0, 0.0, 0.0, 0.0, 0.0, 0.0, 0.0, 0.0, 0.0, 0.0, 0.0, 0.0, 0.0, 0.0, 0.0, 0.0, 0.0, 0.0, 0.0, 0.0, 0.0, 0.0, 0.0, 0.0, 0.0, 0.0, 0.0, 0.0, 0.0, 0.0, 0.0, 0.0, 0.0, 0.0, 0.0, 0.0]}, "Proliferation AUC": 0.0892}, "BclxL": {"Timesteps": {"Proliferation": [0.0, 0.2178, 0.3878, 0.5332, 0.5128, 0.4024, 0.3834, 0.4176, 0.4488, 0.4198, 0.391, 0.3542, 0.3344, 0.338, 0.3358, 0.3348, 0.3332, 0.3322, 0.325, 0.3222, 0.3226, 0.3062, 0.3116, 0.3176, 0.3166, 0.3212, 0.3116, 0.3034, 0.3024, 0.2974, 0.3046, 0.3122, 0.311, 0.3146, 0.3168, 0.3208, 0.3152, 0.3078, 0.3194, 0.3078, 0.2946, 0.3138, 0.3184, 0.3134, 0.3222, 0.3136, 0.3074, 0.3064, 0.3152, 0.3164, 0.3166]},