{"TAK1": {"Timesteps": {"Apoptosis": [0.0, 0.1494, 0.1276, 0.127, 0.0646, 0.0488, 0.0278, 0.0096, 0.0026, 0.0006, 0.0, 0.0, 0.0, 0.0, 0.0, 0.0, 0.0, 0.0, 0.0, 0.0, 0.0, 0.0, 0.0, 0.0, 0.0, 0.0, 0.0, 0.0, 0.0, 0.0, 0.0, 0.0, 0.0, 0.0, 0.0, 0.0, 0.0, 0.0, 0.0, 0.0, 0.0, 0.0, 0.0, 0.0, 0.0, 0.0, 0.0, 0.0, 0.0, 0.0, 0.0]}, "Apoptosis AUC": 0.5580000000000002}, "ATM": {"Timesteps": {"Apoptosis": [0.0, 0.1506, 0.1364, 0.15, 0.093, 0.0932, 0.0842, 0.0574, 0.0262, 0.008, 0.0018, 0.0, 0.0, 0.0, 0.0, 0.0, 0.0, 0.0, 0.0, 0.0, 0.0, 0.0, 0.0, 0.0, 0.0, 0.0, 0.0, 0.0, 0.0, 0.0, 0.0, 0.0, 0.0, 0.0, 0.0, 0.0, 0.0, 0.0, 0.0, 0.0, 0.0, 0.0, 0.0, 0.0, 0.0, 0.0, 0.0, 0.0, 0.0, 0.0, 0.0]}, "Apoptosis AUC": 0.8008000000000001}, "AKT": {"Timesteps": {"Apoptosis": [0.0, 0.1528, 0.1346, 0.1492, 0.1044, 0.1108, 0.1024, 0.0688, 0.0322, 0.0098, 0.0018, 0.0, 0.0, 0.0, 0.0, 0.0, 0.0, 0.0, 0.0, 0.0, 0.0, 0.0, 0.0, 0.0, 0.0, 0.0, 0.0, 0.0, 0.0, 0.0, 0.0, 0.0, 0.0, 0.0, 0.0, 0.0, 0.0, 0.0, 0.0, 0.0, 0.0, 0.0, 0.0, 0.0, 0.0, 0.0, 0.0, 0.0, 0.0, 0.0, 0.0]}, "Apoptosis AUC": 0.8668000000000001}, "XIAP": {"Timesteps": {"Apoptosis": [0.0, 0.1964, 0.397, 0.524, 0.5042, 0.5414, 0.6198, 0.6546, 0.6434, 0.6388, 0.646, 0.6498, 0.6432, 0.64, 0.6436, 0.646, 0.6428, 0.6412, 0.6424, 0.6432, 0.6434, 0.6428, 0.644, 0.6434, 0.6424, 0.6426, 0.643, 0.643, 0.6428, 0.643, 0.6428, 0.643, 0.6434, 0.6432, 0.643, 0.6432, 0.643, 0.643, 0.643, 0.643, 0.643, 0.643, 0.643, 0.643, 0.643, 0.643, 0.643, 0.643, 0.643, 0.643, 0.643]}, "Apoptosis AUC": 31.091800000000013}, "STAT3": {"Timesteps": {"Apoptosis": [0.0, 0.152, 0.1276, 0.1734, 0.1508, 0.1432, 0.1318, 0.0822, 0.0342, 0.0084, 0.0016, 0.0, 0.0, 0.0, 0.0, 0.0, 0.0, 0.0, 0.0, 0.0, 0.0, 0.0, 0.0, 0.0, 0.0, 0.0, 0.0, 0.0, 0.0, 0.0, 0.0, 0.0, 0.0, 0.0, 0.0, 0.0, 0.0, 0.0, 0.0, 0.0, 0.0, 0.0, 0.0, 0.0, 0.0, 0.0, 0.0, 0.0, 0.0, 0.0, 0.0]}, "Apoptosis AUC": 1.0051999999999999}, "BID": {"Timesteps": {"Apoptosis": [0.0, 0.142, 0.1194, 0.1238, 0.0526, 0.0226, 0.0066, 0.0016, 0.0, 0.0, 0.0, 0.0, 0.0, 0.0, 0.0, 0.0, 0.0, 0.0, 0.0, 0.0, 0.0, 0.0, 0.0, 0.0, 0.0, 0.0, 0.0, 0.0, 0.0, 0.0, 0.0, 0.0, 0.0, 0.0, 0.0, 0.0, 0.0, 0.0, 0.0, 0.0, 0.0, 0.0, 0.0, 0.0, 0.0, 0.0, 0.0, 0.0, 0.0, 0.0, 0.0]}, "Apoptosis AUC": 0.46859999999999996}, "RIP": {"Timesteps": {"Apoptosis": [0.0, 0.1462, 0.1288, 0.1372, 0.082, 0.0926, 0.1004, 0.0996, 0.095, 0.0768, 0.0538, 0.0324, 0.019, 0.0106, 0.0058, 0.0026, 0.0014, 0.0006, 0.0004, 0.0004, 0.0004, 0.0002, 0.0002, 0.0, 0.0, 0.0, 0.0, 0.0, 0.0, 0.0, 0.0, 0.0, 0.0, 0.0, 0.0, 0.0, 0.0, 0.0, 0.0, 0.0, 0.0, 0.0, 0.0, 0.0, 0.0, 0.0, 0.0, 0.0, 0.0, 0.0, 0.0]}, "Apoptosis AUC": 1.0863999999999996}, "MYC": {"Timesteps": {"Apoptosis": [0.0, 0.1468, 0.131, 0.1442, 0.0922, 0.0926, 0.0878, 0.0644, 0.0276, 0.0086, 0.002, 0.0004, 0.0, 0.0, 0.0, 0.0, 0.0, 0.0, 0.0, 0.0, 0.0, 0.0, 0.0, 0.0, 0.0, 0.0, 0.0, 0.0, 0.0, 0.0, 0.0, 0.0, 0.0, 0.0, 0.0, 0.0, 0.0, 0.0, 0.0, 0.0, 0.0, 0.0, 0.0, 0.0, 0.0, 0.0, 0.0, 0.0, 0.0, 0.0, 0.0]}, "Apoptosis AUC": 0.7976}, "DUSP1": {"Timesteps": {"Apoptosis": [0.0, 0.1452, 0.141, 0.1786, 0.1276, 0.1238, 0.126, 0.0858, 0.0454, 0.0136, 0.0024, 0.0, 0.0, 0.0, 0.0, 0.0, 0.0, 0.0, 0.0, 0.0, 0.0, 0.0, 0.0, 0.0, 0.0, 0.0, 0.0, 0.0, 0.0, 0.0, 0.0, 0.0, 0.0, 0.0, 0.0, 0.0, 0.0, 0.0, 0.0, 0.0, 0.0, 0.0, 0.0, 0.0, 0.0, 0.0, 0.0, 0.0, 0.0, 0.0, 0.0]}, "Apoptosis AUC": 0.9894}, "Bcl2": {"Timesteps": {"Apoptosis": [0.0, 0.1476, 0.1318, 0.1874, 0.1356, 0.1184, 0.1036, 0.0672, 0.0282, 0.0102, 0.0022, 0.0006, 0.0, 0.0, 0.0, 0.0, 0.0, 0.0, 0.0, 0.0, 0.0, 0.0, 0.0, 0.0, 0.0, 0.0, 0.0, 0.0, 0.0, 0.0, 0.0, 0.0, 0.0, 0.0, 0.0, 0.0, 0.0, 0.0, 0.0, 0.0, 0.0, 0.0, 0.0, 0.0, 0.0, 0.0, 0.0, 0.0, 0.0, 0.0, 0.0]}, "Apoptosis AUC": 0.9328000000000002}, "TRAF2": {"Timesteps": {"Apoptosis": [0.0, 0.1486, 0.119, 0.137, 0.0902, 0.0984, 0.1076, 0.1048, 0.088, 0.069, 0.044, 0.0274, 0.0152, 0.0084, 0.0058, 0.0034, 0.0016, 0.0008, 0.0004, 0.0004, 0.0, 0.0, 0.0, 0.0, 0.0, 0.0, 0.0, 0.0, 0.0, 0.0, 0.0, 0.0, 0.0, 0.0, 0.0, 0.0, 0.0, 0.0, 0.0, 0.0, 0.0, 0.0, 0.0, 0.0, 0.0, 0.0, 0.0, 0.0, 0.0, 0.0, 0.0]}, "Apoptosis AUC": 1.0700000000000003}, "TRAF6": {"Timesteps": {"Apoptosis": [0.0, 0.1466, 0.1256, 0.1476, 0.0868, 0.0822, 0.079, 0.0524, 0.0214, 0.0058, 0.0014, 0.0, 0.0, 0.0, 0.0, 0.0, 0.0, 0.0, 0.0, 0.0, 0.0, 0.0, 0.0, 0.0, 0.0, 0.0, 0.0, 0.0, 0.0, 0.0, 0.0, 0.0, 0.0, 0.0, 0.0, 0.0, 0.0, 0.0, 0.0, 0.0, 0.0, 0.0, 0.0, 0.0, 0.0, 0.0, 0.0, 0.0, 0.0, 0.0, 0.0]}, "Apoptosis AUC": 0.7487999999999999}, "NFkB": {"Timesteps": {"Apoptosis": [0.0, 0.153, 0.1336, 0.1774, 0.1782, 0.2676, 0.3812, 0.4814, 0.561, 0.6104, 0.6386, 0.6424, 0.6454, 0.6488, 0.6502, 0.6522, 0.656, 0.6558, 0.6574, 0.658, 0.6584, 0.659, 0.6584, 0.66, 0.6608, 0.6608, 0.6606, 0.6608, 0.661, 0.6612, 0.6608, 0.6612, 0.6612, 0.661, 0.661, 0.6614, 0.6612, 0.6612, 0.6612, 0.6612, 0.6612, 0.6612, 0.6612, 0.6612, 0.6612, 0.6612, 0.6612, 0.6612, 0.6612, 0.6612, 0.6612]}, "Apoptosis AUC": 29.93420000000002}, "Bax": {"Timesteps": {"Apoptosis": [0.0, 0.135, 0.067, 0.0354, 0.0, 0.0, 0.0, 0.0, 0.0, 0.0, 0.0, 0.0, 0.0, 0.0, 0.0, 0.0, 0.0, 0.0, 0.0, 0.0, 0.0, 0.0, 0.0, 0.0, 0.0, 0.0, 0.0, 0.0, 0.0, 0.0, 0.0, 0.0, 0.0, 0.0, 0.0, 0.0, 0.0, 0.0, 0.0, 0.0, 0.0, 0.0, 0.0, 0.0, 0.0, 0.0, 0.0, 0.0, 0.0, 0.0, 0.0]}, "Apoptosis AUC": 0.2374}, "TNFR2": {"Timesteps": {"Apoptosis": [0.0, 0.1564, 0.126, 0.1316, 0.0806, 0.0944, 0.1094, 0.1054, 0.0958, 0.0794, 0.0516, 0.033, 0.0196, 0.0114, 0.0054, 0.0026, 0.0014, 0.001, 0.0006, 0.0004, 0.0, 0.0, 0.0, 0.0, 0.0, 0.0, 0.0, 0.0, 0.0, 0.0, 0.0, 0.0, 0.0, 0.0, 0.0, 0.0, 0.0, 0.0, 0.0, 0.0, 0.0, 0.0, 0.0, 0.0, 0.0, 0.0, 0.0, 0.0, 0.0, 0.0, 0.0]}, "Apoptosis AUC": 1.1059999999999999}, "TNFR1": {"Timesteps": {"Apoptosis": [0.0, 0.1458, 0.132, 0.1446, 0.0896, 0.0786, 0.0956, 0.0986, 0.092, 0.0814, 0.0598, 0.0368, 0.0224, 0.0122, 0.0072, 0.0034, 0.0018, 0.0012, 0.0006, 0.0002, 0.0, 0.0, 0.0, 0.0, 0.0, 0.0, 0.0, 0.0, 0.0, 0.0, 0.0, 0.0, 0.0, 0.0, 0.0, 0.0, 0.0, 0.0, 0.0, 0.0, 0.0, 0.0, 0.0, 0.0, 0.0, 0.0, 0.0, 0.0, 0.0, 0.0, 0.0]}, "Apoptosis AUC": 1.1038000000000001}, "SMAD": {"Timesteps": {"Apoptosis": [0.0, 0.1466, 0.1194, 0.134, 0.081, 0.0772, 0.0764, 0.053, 0.0244, 0.007, 0.0002, 0.0, 0.0, 0.0, 0.0, 0.0, 0.0, 0.0, 0.0, 0.0, 0.0, 0.0, 0.0, 0.0, 0.0, 0.0, 0.0, 0.0, 0.0, 0.0, 0.0, 0.0, 0.0, 0.0, 0.0, 0.0, 0.0, 0.0, 0.0, 0.0, 0.0, 0.0, 0.0, 0.0, 0.0, 0.0, 0.0, 0.0, 0.0, 0.0, 0.0]}, "Apoptosis AUC": 0.7192000000000001}, "BclxL": {"Timesteps": {"Apoptosis": [0.0, 0.1446, 0.156, 0.2182, 0.2008, 0.225, 0.2658, 0.3034, 0.3224, 0.3182, 0.3226, 0.3272, 0.3298, 0.332, 0.3304, 0.3328, 0.3298, 0.3268, 0.3186, 0.329, 0.3292, 0.3274, 0.3266, 0.337, 0.332, 0.331, 0.3324, 0.3336, 0.3278, 0.331, 0.337, 0.3292, 0.3288, 0.3376, 0.3288, 0.3356, 0.3358, 0.329, 0.3298, 0.3304, 0.3306, 0.3278, 0.335, 0.3324, 0.329, 0.3358, 0.328, 0.334, 0.3382, 0.3382, 0.3366]}, "Apoptosis AUC": 15.729000000000001}, "p53": {"Timesteps": {"Apoptosis": [0.0, 0.1376, 0.1264, 0.1368, 0.0858, 0.081, 0.0738, 0.0484, 0.0214, 0.0058, 0.0004, 0.0, 0.0, 0.0, 0.0, 0.0, 0.0, 0.0, 0.0, 0.0, 0.0, 0.0, 0.0, 0.0, 0.0, 0.0, 0.0, 0.0, 0.0, 0.0, 0.0, 0.0, 0.0, 0.0, 0.0, 0.0, 0.0, 0.0, 0.0, 0.0, 0.0, 0.0, 0.0, 0.0, 0.0, 0.0, 0.0, 0.0, 0.0, 0.0, 0.0]}, "Apoptosis AUC": 0.7173999999999999}, "Raf": {"Timesteps": {"Apoptosis": [0.0, 0.1932, 0.1876, 0.2076, 0.1428, 0.15, 0.1406, 0.094, 0.0406, 0.013, 0.0024, 0.0002, 0.0, 0.0, 0.0, 0.0, 0.0, 0.0, 0.0, 0.0, 0.0, 0.0, 0.0, 0.0, 0.0, 0.0, 0.0, 0.0, 0.0, 0.0, 0.0, 0.0, 0.0, 0.0, 0.0, 0.0, 0.0, 0.0, 0.0, 0.0, 0.0, 0.0, 0.0, 0.0, 0.0, 0.0, 0.0, 0.0, 0.0, 0.0, 0.0]}, "Apoptosis AUC": 1.172}, "TGFBR": {"Timesteps": {"Apoptosis": [0.0, 0.1396, 0.1282, 0.1446, 0.0854, 0.084, 0.0824, 0.0516, 0.0244, 0.0082, 0.0012, 0.0002, 0.0, 0.0, 0.0, 0.0, 0.0, 0.0, 0.0, 0.0, 0.0, 0.0, 0.0, 0.0, 0.0, 0.0, 0.0, 0.0, 0.0, 0.0, 0.0, 0.0, 0.0, 0.0, 0.0, 0.0, 0.0, 0.0, 0.0, 0.0, 0.0, 0.0, 0.0, 0.0, 0.0, 0.0, 0.0, 0.0, 0.0, 0.0, 0.0]}, "Apoptosis AUC": 0.7497999999999999},