{"TAK1": {"Timesteps": {"Apoptosis": [0.0, 0.1392, 0.1252, 0.1352, 0.0846, 0.123, 0.213, 0.3332, 0.4648, 0.6294, 0.755, 0.8278, 0.878, 0.9126, 0.942, 0.9646, 0.9808, 0.9894, 0.9966, 0.999, 0.9998, 1.0, 1.0, 1.0, 1.0, 1.0, 1.0, 1.0, 1.0, 1.0, 1.0, 1.0, 1.0, 1.0, 1.0, 1.0, 1.0, 1.0, 1.0, 1.0, 1.0, 1.0, 1.0, 1.0, 1.0, 1.0, 1.0, 1.0, 1.0, 1.0, 1.0]}, "Apoptosis AUC": 42.4932}, "ATM": {"Timesteps": {"Apoptosis": [0.0, 0.148, 0.1368, 0.1438, 0.0836, 0.1044, 0.1776, 0.2764, 0.3936, 0.5048, 0.5922, 0.6424, 0.6608, 0.6716, 0.6732, 0.6734, 0.6736, 0.6738, 0.6738, 0.6738, 0.6738, 0.6738, 0.6738, 0.6738, 0.6738, 0.6738, 0.6738, 0.6738, 0.6738, 0.6738, 0.6738, 0.6738, 0.6738, 0.6738, 0.6738, 0.6738, 0.6738, 0.6738, 0.6738, 0.6738, 0.6738, 0.6738, 0.6738, 0.6738, 0.6738, 0.6738, 0.6738, 0.6738, 0.6738, 0.6738, 0.6738]}, "Apoptosis AUC": 29.465399999999995}, "AKT": {"Timesteps": {"Apoptosis": [0.0, 0.1398, 0.1328, 0.1528, 0.1154, 0.1626, 0.2654, 0.407, 0.577, 0.7282, 0.8264, 0.8862, 0.9236, 0.9452, 0.9622, 0.976, 0.9874, 0.994, 0.9976, 0.9998, 1.0, 1.0, 1.0, 1.0, 1.0, 1.0, 1.0, 1.0, 1.0, 1.0, 1.0, 1.0, 1.0, 1.0, 1.0, 1.0, 1.0, 1.0, 1.0, 1.0, 1.0, 1.0, 1.0, 1.0, 1.0, 1.0, 1.0, 1.0, 1.0, 1.0, 1.0]}, "Apoptosis AUC": 43.1794}, "XIAP": {"Timesteps": {"Apoptosis": [0.0, 0.221, 0.392, 0.4996, 0.4144, 0.457, 0.5844, 0.7114, 0.8064, 0.865, 0.9074, 0.9342, 0.9544, 0.9756, 0.9878, 0.9946, 0.998, 0.9996, 1.0, 1.0, 1.0, 1.0, 1.0, 1.0, 1.0, 1.0, 1.0, 1.0, 1.0, 1.0, 1.0, 1.0, 1.0, 1.0, 1.0, 1.0, 1.0, 1.0, 1.0, 1.0, 1.0, 1.0, 1.0, 1.0, 1.0, 1.0, 1.0, 1.0, 1.0, 1.0, 1.0]}, "Apoptosis AUC": 45.702799999999996}, "STAT3": {"Timesteps": {"Apoptosis": [0.0, 0.1528, 0.136, 0.1758, 0.1604, 0.2116, 0.302, 0.4004, 0.523, 0.6682, 0.7808, 0.8526, 0.8988, 0.9234, 0.9432, 0.9614, 0.9772, 0.9896, 0.9944, 0.998, 0.9996, 0.9998, 1.0, 1.0, 1.0, 1.0, 1.0, 1.0, 1.0, 1.0, 1.0, 1.0, 1.0, 1.0, 1.0, 1.0, 1.0, 1.0, 1.0, 1.0, 1.0, 1.0, 1.0, 1.0, 1.0, 1.0, 1.0, 1.0, 1.0, 1.0, 1.0]}, "Apoptosis AUC": 43.049}, "BID": {"Timesteps": {"Apoptosis": [0.0, 0.1464, 0.122, 0.1266, 0.049, 0.024, 0.0088, 0.0016, 0.0, 0.0, 0.0, 0.0, 0.0, 0.0, 0.0, 0.0, 0.0, 0.0, 0.0, 0.0, 0.0, 0.0, 0.0, 0.0, 0.0, 0.0, 0.0, 0.0, 0.0, 0.0, 0.0, 0.0, 0.0, 0.0, 0.0, 0.0, 0.0, 0.0, 0.0, 0.0, 0.0, 0.0, 0.0, 0.0, 0.0, 0.0, 0.0, 0.0, 0.0, 0.0, 0.0]}, "Apoptosis AUC": 0.47839999999999994}, "RIP": {"Timesteps": {"Apoptosis": [0.0, 0.1426, 0.1268, 0.1416, 0.0996, 0.1328, 0.2298, 0.3542, 0.5154, 0.6666, 0.773, 0.845, 0.8922, 0.9238, 0.9478, 0.9678, 0.984, 0.9936, 0.9974, 0.9992, 1.0, 1.0, 1.0, 1.0, 1.0, 1.0, 1.0, 1.0, 1.0, 1.0, 1.0, 1.0, 1.0, 1.0, 1.0, 1.0, 1.0, 1.0, 1.0, 1.0, 1.0, 1.0, 1.0, 1.0, 1.0, 1.0, 1.0, 1.0, 1.0, 1.0, 1.0]}, "Apoptosis AUC": 42.733200000000004}, "MYC": {"Timesteps": {"Apoptosis": [0.0, 0.1444, 0.1254, 0.148, 0.1004, 0.1418, 0.2318, 0.3504, 0.5034, 0.6622, 0.7766, 0.849, 0.8986, 0.9286, 0.9552, 0.9706, 0.983, 0.9928, 0.9978, 0.9994, 0.9998, 1.0, 1.0, 1.0, 1.0, 1.0, 1.0, 1.0, 1.0, 1.0, 1.0, 1.0, 1.0, 1.0, 1.0, 1.0, 1.0, 1.0, 1.0, 1.0, 1.0, 1.0, 1.0, 1.0, 1.0, 1.0, 1.0, 1.0, 1.0, 1.0, 1.0]}, "Apoptosis AUC": 42.7592}, "DUSP1": {"Timesteps": {"Apoptosis": [0.0, 0.1484, 0.1302, 0.169, 0.1342, 0.1752, 0.275, 0.4284, 0.6394, 0.8202, 0.9356, 0.9802, 0.9964, 0.9994, 1.0, 1.0, 1.0, 1.0, 1.0, 1.0, 1.0, 1.0, 1.0, 1.0, 1.0, 1.0, 1.0, 1.0, 1.0, 1.0, 1.0, 1.0, 1.0, 1.0, 1.0, 1.0, 1.0, 1.0, 1.0, 1.0, 1.0, 1.0, 1.0, 1.0, 1.0, 1.0, 1.0, 1.0, 1.0, 1.0, 1.0]}, "Apoptosis AUC": 43.8316}, "Bcl2": {"Timesteps": {"Apoptosis": [0.0, 0.1446, 0.14, 0.1872, 0.1414, 0.1686, 0.2556, 0.3638, 0.5092, 0.661, 0.7698, 0.8442, 0.8934, 0.9264, 0.9532, 0.9718, 0.9838, 0.9928, 0.997, 0.999, 0.9994, 1.0, 1.0, 1.0, 1.0, 1.0, 1.0, 1.0, 1.0, 1.0, 1.0, 1.0, 1.0, 1.0, 1.0, 1.0, 1.0, 1.0, 1.0, 1.0, 1.0, 1.0, 1.0, 1.0, 1.0, 1.0, 1.0, 1.0, 1.0, 1.0, 1.0]}, "Apoptosis AUC": 42.9022}, "TRAF2": {"Timesteps": {"Apoptosis": [0.0, 0.1312, 0.1162, 0.1352, 0.1012, 0.1498, 0.2418, 0.3628, 0.5198, 0.6734, 0.7764, 0.8474, 0.8962, 0.9284, 0.9566, 0.9746, 0.988, 0.996, 0.9982, 0.9994, 0.9998, 1.0, 1.0, 1.0, 1.0, 1.0, 1.0, 1.0, 1.0, 1.0, 1.0, 1.0, 1.0, 1.0, 1.0, 1.0, 1.0, 1.0, 1.0, 1.0, 1.0, 1.0, 1.0, 1.0, 1.0, 1.0, 1.0, 1.0, 1.0, 1.0, 1.0]}, "Apoptosis AUC": 42.7924}, "TRAF6": {"Timesteps": {"Apoptosis": [0.0, 0.143, 0.1316, 0.1508, 0.0988, 0.1312, 0.2272, 0.3382, 0.488, 0.6532, 0.765, 0.8462, 0.897, 0.9314, 0.953, 0.9706, 0.9834, 0.9912, 0.9964, 0.9988, 0.9994, 0.9996, 1.0, 1.0, 1.0, 1.0, 1.0, 1.0, 1.0, 1.0, 1.0, 1.0, 1.0, 1.0, 1.0, 1.0, 1.0, 1.0, 1.0, 1.0, 1.0, 1.0, 1.0, 1.0, 1.0, 1.0, 1.0, 1.0, 1.0, 1.0, 1.0]}, "Apoptosis AUC": 42.694}, "NFkB": {"Timesteps": {"Apoptosis": [0.0, 0.1436, 0.1354, 0.1754, 0.162, 0.2444, 0.356, 0.4508, 0.5518, 0.6704, 0.7838, 0.851, 0.9012, 0.9322, 0.9582, 0.9788, 0.9876, 0.994, 0.9984, 0.9998, 0.9998, 1.0, 1.0, 1.0, 1.0, 1.0, 1.0, 1.0, 1.0, 1.0, 1.0, 1.0, 1.0, 1.0, 1.0, 1.0, 1.0, 1.0, 1.0, 1.0, 1.0, 1.0, 1.0, 1.0, 1.0, 1.0, 1.0, 1.0, 1.0, 1.0, 1.0]}, "Apoptosis AUC": 43.2746}, "Bax": {"Timesteps": {"Apoptosis": [0.0, 0.1398, 0.0612, 0.0278, 0.0, 0.0, 0.0, 0.0, 0.0, 0.0, 0.0, 0.0, 0.0, 0.0, 0.0, 0.0, 0.0, 0.0, 0.0, 0.0, 0.0, 0.0, 0.0, 0.0, 0.0, 0.0, 0.0, 0.0, 0.0, 0.0, 0.0, 0.0, 0.0, 0.0, 0.0, 0.0, 0.0, 0.0, 0.0, 0.0, 0.0, 0.0, 0.0, 0.0, 0.0, 0.0, 0.0, 0.0, 0.0, 0.0, 0.0]}, "Apoptosis AUC": 0.2288}, "TNFR2": {"Timesteps": {"Apoptosis": [0.0, 0.1446, 0.1262, 0.1444, 0.1008, 0.142, 0.2322, 0.3476, 0.4994, 0.6504, 0.7634, 0.8434, 0.8922, 0.9224, 0.9494, 0.9654, 0.9808, 0.991, 0.9964, 0.9998, 1.0, 1.0, 1.0, 1.0, 1.0, 1.0, 1.0, 1.0, 1.0, 1.0, 1.0, 1.0, 1.0, 1.0, 1.0, 1.0, 1.0, 1.0, 1.0, 1.0, 1.0, 1.0, 1.0, 1.0, 1.0, 1.0, 1.0, 1.0, 1.0, 1.0, 1.0]}, "Apoptosis AUC": 42.6918}, "TNFR1": {"Timesteps": {"Apoptosis": [0.0, 0.1444, 0.1204, 0.1294, 0.0898, 0.134, 0.2288, 0.3444, 0.494, 0.653, 0.7708, 0.8446, 0.8928, 0.9282, 0.9532, 0.9718, 0.984, 0.9918, 0.9954, 0.999, 0.9994, 1.0, 1.0, 1.0, 1.0, 1.0, 1.0, 1.0, 1.0, 1.0, 1.0, 1.0, 1.0, 1.0, 1.0, 1.0, 1.0, 1.0, 1.0, 1.0, 1.0, 1.0, 1.0, 1.0, 1.0, 1.0, 1.0, 1.0, 1.0, 1.0, 1.0]}, "Apoptosis AUC": 42.669200000000004}, "SMAD": {"Timesteps": {"Apoptosis": [0.0, 0.1526, 0.1256, 0.1278, 0.0744, 0.1202, 0.219, 0.3292, 0.4866, 0.6402, 0.7668, 0.8452, 0.8948, 0.925, 0.951, 0.9678, 0.9822, 0.9918, 0.9966, 0.999, 0.9994, 1.0, 1.0, 1.0, 1.0, 1.0, 1.0, 1.0, 1.0, 1.0, 1.0, 1.0, 1.0, 1.0, 1.0, 1.0, 1.0, 1.0, 1.0, 1.0, 1.0, 1.0, 1.0, 1.0, 1.0, 1.0, 1.0, 1.0, 1.0, 1.0, 1.0]}, "Apoptosis AUC": 42.5952}, "BclxL": {"Timesteps": {"Apoptosis": [0.0, 0.1468, 0.152, 0.2076, 0.1882, 0.23, 0.2824, 0.3674, 0.507, 0.6532, 0.7742, 0.8478, 0.8968, 0.9298, 0.9522, 0.9696, 0.9828, 0.9914, 0.9964, 0.9986, 0.9996, 0.9998, 1.0, 1.0, 1.0, 1.0, 1.0, 1.0, 1.0, 1.0, 1.0, 1.0, 1.0, 1.0, 1.0, 1.0, 1.0, 1.0, 1.0, 1.0, 1.0, 1.0, 1.0, 1.0, 1.0, 1.0, 1.0, 1.0, 1.0, 1.0, 1.0]}, "Apoptosis AUC": 43.0736}, "p53": {"Timesteps": {"Apoptosis": [0.0, 0.1452, 0.1212, 0.1334, 0.0864, 0.0952, 0.1506, 0.231, 0.3272, 0.4156, 0.486, 0.5232, 0.537, 0.5432, 0.5446, 0.5446, 0.5446, 0.5446, 0.5446, 0.5446, 0.5446, 0.5446, 0.5446, 0.5446, 0.5446, 0.5446, 0.5446, 0.5446, 0.5446, 0.5446, 0.5446, 0.5446, 0.5446, 0.5446, 0.5446, 0.5446, 0.5446, 0.5446, 0.5446, 0.5446, 0.5446, 0.5446, 0.5446, 0.5446, 0.5446, 0.5446, 0.5446, 0.5446, 0.5446, 0.5446, 0.5446]}, "Apoptosis AUC": 23.945399999999974}, "Raf": {"Timesteps": {"Apoptosis": [0.0, 0.1886, 0.1882, 0.1982, 0.1334, 0.1688, 0.2598, 0.379, 0.538, 0.722, 0.8662, 0.9496, 0.9866, 0.998, 0.9998, 1.0, 1.0, 1.0, 1.0, 1.0, 1.0, 1.0, 1.0, 1.0, 1.0, 1.0, 1.0, 1.0, 1.0, 1.0, 1.0, 1.0, 1.0, 1.0, 1.0, 1.0, 1.0, 1.0, 1.0, 1.0, 1.0, 1.0, 1.0, 1.0, 1.0, 1.0, 1.0, 1.0, 1.0, 1.0, 1.0]}, "Apoptosis AUC": 43.5762},