{"TAK1": {"Timesteps": {"Apoptosis": [0.0, 0.1458, 0.1342, 0.1572, 0.1132, 0.1688, 0.3448, 0.5512, 0.745, 0.8766, 0.9496, 0.9848, 0.9978, 0.9998, 1.0, 1.0, 1.0, 1.0, 1.0, 1.0, 1.0, 1.0, 1.0, 1.0, 1.0, 1.0, 1.0, 1.0, 1.0, 1.0, 1.0, 1.0, 1.0, 1.0, 1.0, 1.0, 1.0, 1.0, 1.0, 1.0, 1.0, 1.0, 1.0, 1.0, 1.0, 1.0, 1.0, 1.0, 1.0, 1.0, 1.0]}, "Apoptosis AUC": 44.168800000000005}, "ATM": {"Timesteps": {"Apoptosis": [0.0, 0.1388, 0.123, 0.1536, 0.1198, 0.2074, 0.3806, 0.5982, 0.7802, 0.8918, 0.9622, 0.988, 0.9976, 1.0, 1.0, 1.0, 1.0, 1.0, 1.0, 1.0, 1.0, 1.0, 1.0, 1.0, 1.0, 1.0, 1.0, 1.0, 1.0, 1.0, 1.0, 1.0, 1.0, 1.0, 1.0, 1.0, 1.0, 1.0, 1.0, 1.0, 1.0, 1.0, 1.0, 1.0, 1.0, 1.0, 1.0, 1.0, 1.0, 1.0, 1.0]}, "Apoptosis AUC": 44.3412}, "AKT": {"Timesteps": {"Apoptosis": [0.0, 0.1396, 0.1382, 0.1822, 0.1536, 0.2454, 0.4424, 0.6606, 0.8324, 0.9294, 0.9814, 0.996, 0.9996, 1.0, 1.0, 1.0, 1.0, 1.0, 1.0, 1.0, 1.0, 1.0, 1.0, 1.0, 1.0, 1.0, 1.0, 1.0, 1.0, 1.0, 1.0, 1.0, 1.0, 1.0, 1.0, 1.0, 1.0, 1.0, 1.0, 1.0, 1.0, 1.0, 1.0, 1.0, 1.0, 1.0, 1.0, 1.0, 1.0, 1.0, 1.0]}, "Apoptosis AUC": 44.7008}, "XIAP": {"Timesteps": {"Apoptosis": [0.0, 0.2194, 0.418, 0.6046, 0.6386, 0.6706, 0.7282, 0.816, 0.9038, 0.959, 0.9908, 0.9988, 1.0, 1.0, 1.0, 1.0, 1.0, 1.0, 1.0, 1.0, 1.0, 1.0, 1.0, 1.0, 1.0, 1.0, 1.0, 1.0, 1.0, 1.0, 1.0, 1.0, 1.0, 1.0, 1.0, 1.0, 1.0, 1.0, 1.0, 1.0, 1.0, 1.0, 1.0, 1.0, 1.0, 1.0, 1.0, 1.0, 1.0, 1.0, 1.0]}, "Apoptosis AUC": 46.9478}, "STAT3": {"Timesteps": {"Apoptosis": [0.0, 0.1418, 0.1442, 0.1908, 0.1938, 0.29, 0.4426, 0.6, 0.7356, 0.8526, 0.9298, 0.9764, 0.9932, 0.9986, 0.9998, 1.0, 1.0, 1.0, 1.0, 1.0, 1.0, 1.0, 1.0, 1.0, 1.0, 1.0, 1.0, 1.0, 1.0, 1.0, 1.0, 1.0, 1.0, 1.0, 1.0, 1.0, 1.0, 1.0, 1.0, 1.0, 1.0, 1.0, 1.0, 1.0, 1.0, 1.0, 1.0, 1.0, 1.0, 1.0, 1.0]}, "Apoptosis AUC": 44.4892}, "BID": {"Timesteps": {"Apoptosis": [0.0, 0.1542, 0.1312, 0.1374, 0.0622, 0.0312, 0.0114, 0.0014, 0.0, 0.0, 0.0, 0.0, 0.0, 0.0, 0.0, 0.0, 0.0, 0.0, 0.0, 0.0, 0.0, 0.0, 0.0, 0.0, 0.0, 0.0, 0.0, 0.0, 0.0, 0.0, 0.0, 0.0, 0.0, 0.0, 0.0, 0.0, 0.0, 0.0, 0.0, 0.0, 0.0, 0.0, 0.0, 0.0, 0.0, 0.0, 0.0, 0.0, 0.0, 0.0, 0.0]}, "Apoptosis AUC": 0.5289999999999998}, "RIP": {"Timesteps": {"Apoptosis": [0.0, 0.1494, 0.134, 0.1598, 0.129, 0.2228, 0.4244, 0.644, 0.8068, 0.9114, 0.9698, 0.9912, 0.9992, 1.0, 1.0, 1.0, 1.0, 1.0, 1.0, 1.0, 1.0, 1.0, 1.0, 1.0, 1.0, 1.0, 1.0, 1.0, 1.0, 1.0, 1.0, 1.0, 1.0, 1.0, 1.0, 1.0, 1.0, 1.0, 1.0, 1.0, 1.0, 1.0, 1.0, 1.0, 1.0, 1.0, 1.0, 1.0, 1.0, 1.0, 1.0]}, "Apoptosis AUC": 44.5418}, "MYC": {"Timesteps": {"Apoptosis": [0.0, 0.1376, 0.1278, 0.1628, 0.1256, 0.2012, 0.3758, 0.5878, 0.7676, 0.8866, 0.9588, 0.9884, 0.9982, 1.0, 1.0, 1.0, 1.0, 1.0, 1.0, 1.0, 1.0, 1.0, 1.0, 1.0, 1.0, 1.0, 1.0, 1.0, 1.0, 1.0, 1.0, 1.0, 1.0, 1.0, 1.0, 1.0, 1.0, 1.0, 1.0, 1.0, 1.0, 1.0, 1.0, 1.0, 1.0, 1.0, 1.0, 1.0, 1.0, 1.0, 1.0]}, "Apoptosis AUC": 44.318200000000004}, "DUSP1": {"Timesteps": {"Apoptosis": [0.0, 0.146, 0.144, 0.1978, 0.1748, 0.262, 0.4574, 0.6686, 0.8194, 0.9172, 0.9682, 0.9904, 0.9982, 0.9996, 1.0, 1.0, 1.0, 1.0, 1.0, 1.0, 1.0, 1.0, 1.0, 1.0, 1.0, 1.0, 1.0, 1.0, 1.0, 1.0, 1.0, 1.0, 1.0, 1.0, 1.0, 1.0, 1.0, 1.0, 1.0, 1.0, 1.0, 1.0, 1.0, 1.0, 1.0, 1.0, 1.0, 1.0, 1.0, 1.0, 1.0]}, "Apoptosis AUC": 44.7436}, "Bcl2": {"Timesteps": {"Apoptosis": [0.0, 0.139, 0.1526, 0.208, 0.1782, 0.263, 0.4442, 0.6776, 0.841, 0.94, 0.9852, 0.9978, 0.9998, 1.0, 1.0, 1.0, 1.0, 1.0, 1.0, 1.0, 1.0, 1.0, 1.0, 1.0, 1.0, 1.0, 1.0, 1.0, 1.0, 1.0, 1.0, 1.0, 1.0, 1.0, 1.0, 1.0, 1.0, 1.0, 1.0, 1.0, 1.0, 1.0, 1.0, 1.0, 1.0, 1.0, 1.0, 1.0, 1.0, 1.0, 1.0]}, "Apoptosis AUC": 44.8264}, "TRAF2": {"Timesteps": {"Apoptosis": [0.0, 0.1432, 0.1258, 0.164, 0.151, 0.2648, 0.4736, 0.7162, 0.8708, 0.9562, 0.984, 0.9966, 1.0, 1.0, 1.0, 1.0, 1.0, 1.0, 1.0, 1.0, 1.0, 1.0, 1.0, 1.0, 1.0, 1.0, 1.0, 1.0, 1.0, 1.0, 1.0, 1.0, 1.0, 1.0, 1.0, 1.0, 1.0, 1.0, 1.0, 1.0, 1.0, 1.0, 1.0, 1.0, 1.0, 1.0, 1.0, 1.0, 1.0, 1.0, 1.0]}, "Apoptosis AUC": 44.846199999999996}, "TRAF6": {"Timesteps": {"Apoptosis": [0.0, 0.1374, 0.1372, 0.1526, 0.116, 0.1838, 0.355, 0.5606, 0.7426, 0.8796, 0.953, 0.9852, 0.9978, 0.9996, 1.0, 1.0, 1.0, 1.0, 1.0, 1.0, 1.0, 1.0, 1.0, 1.0, 1.0, 1.0, 1.0, 1.0, 1.0, 1.0, 1.0, 1.0, 1.0, 1.0, 1.0, 1.0, 1.0, 1.0, 1.0, 1.0, 1.0, 1.0, 1.0, 1.0, 1.0, 1.0, 1.0, 1.0, 1.0, 1.0, 1.0]}, "Apoptosis AUC": 44.2004}, "NFkB": {"Timesteps": {"Apoptosis": [0.0, 0.1452, 0.1336, 0.199, 0.2134, 0.3592, 0.601, 0.8204, 0.9396, 0.9866, 0.997, 1.0, 1.0, 1.0, 1.0, 1.0, 1.0, 1.0, 1.0, 1.0, 1.0, 1.0, 1.0, 1.0, 1.0, 1.0, 1.0, 1.0, 1.0, 1.0, 1.0, 1.0, 1.0, 1.0, 1.0, 1.0, 1.0, 1.0, 1.0, 1.0, 1.0, 1.0, 1.0, 1.0, 1.0, 1.0, 1.0, 1.0, 1.0, 1.0, 1.0]}, "Apoptosis AUC": 45.394999999999996}, "Bax": {"Timesteps": {"Apoptosis": [0.0, 0.1416, 0.0632, 0.0316, 0.0, 0.0, 0.0, 0.0, 0.0, 0.0, 0.0, 0.0, 0.0, 0.0, 0.0, 0.0, 0.0, 0.0, 0.0, 0.0, 0.0, 0.0, 0.0, 0.0, 0.0, 0.0, 0.0, 0.0, 0.0, 0.0, 0.0, 0.0, 0.0, 0.0, 0.0, 0.0, 0.0, 0.0, 0.0, 0.0, 0.0, 0.0, 0.0, 0.0, 0.0, 0.0, 0.0, 0.0, 0.0, 0.0, 0.0]}, "Apoptosis AUC": 0.2364}, "TNFR2": {"Timesteps": {"Apoptosis": [0.0, 0.151, 0.131, 0.1488, 0.1348, 0.2368, 0.4416, 0.654, 0.8166, 0.9214, 0.9736, 0.9928, 0.9984, 0.9996, 1.0, 1.0, 1.0, 1.0, 1.0, 1.0, 1.0, 1.0, 1.0, 1.0, 1.0, 1.0, 1.0, 1.0, 1.0, 1.0, 1.0, 1.0, 1.0, 1.0, 1.0, 1.0, 1.0, 1.0, 1.0, 1.0, 1.0, 1.0, 1.0, 1.0, 1.0, 1.0, 1.0, 1.0, 1.0, 1.0, 1.0]}, "Apoptosis AUC": 44.6004}, "TNFR1": {"Timesteps": {"Apoptosis": [0.0, 0.1482, 0.1374, 0.17, 0.1386, 0.2112, 0.4054, 0.6116, 0.7846, 0.8946, 0.9574, 0.9848, 0.9958, 0.9996, 1.0, 1.0, 1.0, 1.0, 1.0, 1.0, 1.0, 1.0, 1.0, 1.0, 1.0, 1.0, 1.0, 1.0, 1.0, 1.0, 1.0, 1.0, 1.0, 1.0, 1.0, 1.0, 1.0, 1.0, 1.0, 1.0, 1.0, 1.0, 1.0, 1.0, 1.0, 1.0, 1.0, 1.0, 1.0, 1.0, 1.0]}, "Apoptosis AUC": 44.4392}, "SMAD": {"Timesteps": {"Apoptosis": [0.0, 0.154, 0.1266, 0.1476, 0.109, 0.1892, 0.372, 0.5902, 0.7662, 0.8862, 0.9568, 0.9858, 0.997, 1.0, 1.0, 1.0, 1.0, 1.0, 1.0, 1.0, 1.0, 1.0, 1.0, 1.0, 1.0, 1.0, 1.0, 1.0, 1.0, 1.0, 1.0, 1.0, 1.0, 1.0, 1.0, 1.0, 1.0, 1.0, 1.0, 1.0, 1.0, 1.0, 1.0, 1.0, 1.0, 1.0, 1.0, 1.0, 1.0, 1.0, 1.0]}, "Apoptosis AUC": 44.2806}, "BclxL": {"Timesteps": {"Apoptosis": [0.0, 0.1512, 0.1572, 0.2254, 0.236, 0.3182, 0.4572, 0.6352, 0.788, 0.8996, 0.96, 0.9868, 0.996, 0.9992, 1.0, 1.0, 1.0, 1.0, 1.0, 1.0, 1.0, 1.0, 1.0, 1.0, 1.0, 1.0, 1.0, 1.0, 1.0, 1.0, 1.0, 1.0, 1.0, 1.0, 1.0, 1.0, 1.0, 1.0, 1.0, 1.0, 1.0, 1.0, 1.0, 1.0, 1.0, 1.0, 1.0, 1.0, 1.0, 1.0, 1.0]}, "Apoptosis AUC": 44.81}, "p53": {"Timesteps": {"Apoptosis": [0.0, 0.1426, 0.1186, 0.1438, 0.1112, 0.1944, 0.3528, 0.5632, 0.7424, 0.8724, 0.9504, 0.9848, 0.9956, 0.999, 0.9998, 1.0, 1.0, 1.0, 1.0, 1.0, 1.0, 1.0, 1.0, 1.0, 1.0, 1.0, 1.0, 1.0, 1.0, 1.0, 1.0, 1.0, 1.0, 1.0, 1.0, 1.0, 1.0, 1.0, 1.0, 1.0, 1.0, 1.0, 1.0, 1.0, 1.0, 1.0, 1.0, 1.0, 1.0, 1.0, 1.0]}, "Apoptosis AUC": 44.171}, "Raf": {"Timesteps": {"Apoptosis": [0.0, 0.1924, 0.1972, 0.226, 0.19, 0.314, 0.5444, 0.7558, 0.8956, 0.9626, 0.9922, 0.9982, 0.9998, 1.0, 1.0, 1.0, 1.0, 1.0, 1.0, 1.0, 1.0, 1.0, 1.0, 1.0, 1.0, 1.0, 1.0, 1.0, 1.0, 1.0, 1.0, 1.0, 1.0, 1.0, 1.0, 1.0, 1.0, 1.0, 1.0, 1.0, 1.0, 1.0, 1.0, 1.0, 1.0, 1.0, 1.0, 1.0, 1.0, 1.0, 1.0]}, "Apoptosis AUC": 45.2682}, "TGFBR": {"Timesteps": {"Apoptosis": [0.0, 0.137, 0.1364, 0.1634, 0.1234, 0.2078, 0.3988, 0.601, 0.7726, 0.8926, 0.959, 0.9914, 0.9974, 0.9996, 1.0, 1.0, 1.0, 1.0, 1.0, 1.0, 1.0, 1.0, 1.0, 1.0, 1.0, 1.0, 1.0, 1.0, 1.0, 1.0, 1.0, 1.0, 1.0, 1.0, 1.0, 1.0, 1.0, 1.0, 1.0, 1.0, 1.0, 1.0, 1.0, 1.0, 1.0, 1.0, 1.0, 1.0, 1.0, 1.0, 1.0]}, "Apoptosis AUC": 44.380399999999995}, "GADD45": {"Timesteps": {"Apoptosis": [0.0, 0.1434, 0.1298, 0.1562, 0.1222, 0.1926, 0.3646, 0.5716, 0.7504, 0.8758, 0.9532, 0.9878, 0.997, 0.9996, 0.9998, 1.0, 1.0, 1.0, 1.0, 1.0, 1.0, 1.0, 1.0, 1.0, 1.0, 1.0, 1.0, 1.0, 1.0, 1.0, 1.0, 1.0, 1.0, 1.0, 1.0, 1.0, 1.0, 1.0, 1.0, 1.0, 1.0, 1.0, 1.0, 1.0, 1.0, 1.0, 1.0, 1.0, 1.0, 1.0, 1.0]}, "Apoptosis AUC": 44.244},