{"TAK1": {"Timesteps": {"Apoptosis": [0.0, 0.147, 0.131, 0.1396, 0.0898, 0.1134, 0.1768, 0.2532, 0.3628, 0.4774, 0.5746, 0.637, 0.6596, 0.6786, 0.6864, 0.6884, 0.6854, 0.6874, 0.6878, 0.6872, 0.687, 0.687, 0.6872, 0.6876, 0.687, 0.6862, 0.6876, 0.688, 0.6874, 0.687, 0.6874, 0.6876, 0.687, 0.6872, 0.6872, 0.6874, 0.6872, 0.6872, 0.6872, 0.6872, 0.6872, 0.6872, 0.6872, 0.6872, 0.6872, 0.6872, 0.6872, 0.6872, 0.6872, 0.6872, 0.6872]}, "Apoptosis AUC": 29.86720000000001}, "ATM": {"Timesteps": {"Apoptosis": [0.0, 0.1522, 0.1326, 0.1442, 0.0932, 0.091, 0.1078, 0.1072, 0.0948, 0.077, 0.0592, 0.0338, 0.0176, 0.0098, 0.0058, 0.003, 0.0012, 0.0006, 0.0004, 0.0002, 0.0, 0.0, 0.0, 0.0, 0.0, 0.0, 0.0, 0.0, 0.0, 0.0, 0.0, 0.0, 0.0, 0.0, 0.0, 0.0, 0.0, 0.0, 0.0, 0.0, 0.0, 0.0, 0.0, 0.0, 0.0, 0.0, 0.0, 0.0, 0.0, 0.0, 0.0]}, "Apoptosis AUC": 1.1316}, "AKT": {"Timesteps": {"Apoptosis": [0.0, 0.1384, 0.1248, 0.1454, 0.1054, 0.1332, 0.2064, 0.3186, 0.4378, 0.5528, 0.6238, 0.6584, 0.6808, 0.6904, 0.6938, 0.6952, 0.6954, 0.694, 0.6946, 0.6956, 0.6944, 0.6952, 0.6948, 0.695, 0.694, 0.694, 0.6944, 0.6952, 0.6946, 0.6944, 0.695, 0.6948, 0.695, 0.6948, 0.695, 0.695, 0.695, 0.695, 0.695, 0.695, 0.695, 0.695, 0.695, 0.695, 0.695, 0.695, 0.695, 0.695, 0.695, 0.695, 0.695]}, "Apoptosis AUC": 30.525400000000005}, "XIAP": {"Timesteps": {"Apoptosis": [0.0, 0.2248, 0.3988, 0.497, 0.409, 0.4138, 0.5072, 0.5856, 0.643, 0.675, 0.6982, 0.7104, 0.7146, 0.7084, 0.711, 0.7148, 0.7132, 0.7138, 0.7134, 0.7144, 0.7128, 0.712, 0.7128, 0.7126, 0.7126, 0.7126, 0.7128, 0.7132, 0.713, 0.7128, 0.7128, 0.7128, 0.7128, 0.713, 0.7128, 0.7128, 0.7128, 0.713, 0.713, 0.7128, 0.7128, 0.7128, 0.7128, 0.7128, 0.7128, 0.713, 0.713, 0.713, 0.713, 0.713, 0.713]}, "Apoptosis AUC": 33.56420000000003}, "STAT3": {"Timesteps": {"Apoptosis": [0.0, 0.1398, 0.1316, 0.1692, 0.1558, 0.1868, 0.2472, 0.3296, 0.4172, 0.5134, 0.6006, 0.6564, 0.6838, 0.6962, 0.699, 0.704, 0.7048, 0.7054, 0.7048, 0.705, 0.7072, 0.7058, 0.7062, 0.7066, 0.707, 0.7072, 0.7062, 0.7056, 0.7064, 0.7066, 0.7062, 0.7062, 0.7062, 0.7056, 0.7058, 0.7056, 0.7058, 0.7056, 0.706, 0.706, 0.7056, 0.7058, 0.7058, 0.7058, 0.7058, 0.7056, 0.7056, 0.7056, 0.7056, 0.7056, 0.7056]}, "Apoptosis AUC": 31.036800000000003}, "BID": {"Timesteps": {"Apoptosis": [0.0, 0.1444, 0.1236, 0.127, 0.054, 0.0238, 0.0098, 0.001, 0.0, 0.0, 0.0, 0.0, 0.0, 0.0, 0.0, 0.0, 0.0, 0.0, 0.0, 0.0, 0.0, 0.0, 0.0, 0.0, 0.0, 0.0, 0.0, 0.0, 0.0, 0.0, 0.0, 0.0, 0.0, 0.0, 0.0, 0.0, 0.0, 0.0, 0.0, 0.0, 0.0, 0.0, 0.0, 0.0, 0.0, 0.0, 0.0, 0.0, 0.0, 0.0, 0.0]}, "Apoptosis AUC": 0.4836}, "RIP": {"Timesteps": {"Apoptosis": [0.0, 0.1518, 0.126, 0.1486, 0.0956, 0.1248, 0.1896, 0.2764, 0.3968, 0.5092, 0.6052, 0.6546, 0.6848, 0.7006, 0.7046, 0.7052, 0.7086, 0.708, 0.7066, 0.7066, 0.7076, 0.7072, 0.7062, 0.706, 0.7066, 0.7054, 0.7062, 0.7058, 0.7064, 0.7068, 0.706, 0.706, 0.7056, 0.7054, 0.7058, 0.7056, 0.7052, 0.7056, 0.7056, 0.7054, 0.7054, 0.7056, 0.7054, 0.7056, 0.7056, 0.7054, 0.7054, 0.7054, 0.7054, 0.7054, 0.7054]}, "Apoptosis AUC": 30.784000000000017}, "MYC": {"Timesteps": {"Apoptosis": [0.0, 0.1422, 0.1302, 0.1446, 0.0988, 0.1214, 0.1926, 0.2798, 0.3942, 0.5122, 0.6124, 0.6732, 0.7012, 0.7172, 0.7276, 0.725, 0.7268, 0.7284, 0.729, 0.728, 0.7286, 0.7288, 0.7292, 0.7286, 0.73, 0.7292, 0.7288, 0.7286, 0.7292, 0.7292, 0.7288, 0.7294, 0.7292, 0.729, 0.729, 0.729, 0.729, 0.7292, 0.729, 0.7292, 0.7292, 0.7294, 0.7292, 0.7294, 0.7294, 0.7294, 0.7294, 0.7294, 0.7294, 0.7294, 0.7294]}, "Apoptosis AUC": 31.688799999999972}, "DUSP1": {"Timesteps": {"Apoptosis": [0.0, 0.148, 0.1342, 0.1696, 0.1292, 0.177, 0.2858, 0.4226, 0.6212, 0.8032, 0.925, 0.978, 0.9964, 0.9996, 0.9998, 1.0, 1.0, 1.0, 1.0, 1.0, 1.0, 1.0, 1.0, 1.0, 1.0, 1.0, 1.0, 1.0, 1.0, 1.0, 1.0, 1.0, 1.0, 1.0, 1.0, 1.0, 1.0, 1.0, 1.0, 1.0, 1.0, 1.0, 1.0, 1.0, 1.0, 1.0, 1.0, 1.0, 1.0, 1.0, 1.0]}, "Apoptosis AUC": 43.7896}, "Bcl2": {"Timesteps": {"Apoptosis": [0.0, 0.1504, 0.1402, 0.1858, 0.1342, 0.1418, 0.1926, 0.2794, 0.3962, 0.511, 0.5986, 0.658, 0.6856, 0.694, 0.706, 0.7126, 0.708, 0.7064, 0.708, 0.7094, 0.7072, 0.707, 0.7082, 0.7072, 0.7072, 0.7082, 0.7082, 0.7076, 0.7074, 0.7084, 0.709, 0.7082, 0.7086, 0.7088, 0.7088, 0.7086, 0.7086, 0.7088, 0.7088, 0.7088, 0.7088, 0.7088, 0.7088, 0.7088, 0.7088, 0.7088, 0.7088, 0.7088, 0.7088, 0.7088, 0.7088]}, "Apoptosis AUC": 30.978600000000007}, "TRAF2": {"Timesteps": {"Apoptosis": [0.0, 0.1524, 0.1226, 0.1384, 0.104, 0.1422, 0.2066, 0.2954, 0.4076, 0.5154, 0.6034, 0.6622, 0.686, 0.7002, 0.7064, 0.7046, 0.7068, 0.7074, 0.706, 0.7064, 0.7072, 0.7074, 0.7066, 0.7074, 0.7072, 0.7078, 0.7076, 0.708, 0.708, 0.708, 0.7078, 0.7076, 0.7078, 0.708, 0.7078, 0.7074, 0.7078, 0.7078, 0.7076, 0.7074, 0.7074, 0.7074, 0.7074, 0.7074, 0.7074, 0.7074, 0.7074, 0.7074, 0.7074, 0.7074, 0.7074]}, "Apoptosis AUC": 30.907599999999988}, "TRAF6": {"Timesteps": {"Apoptosis": [0.0, 0.1504, 0.131, 0.1514, 0.093, 0.1142, 0.1866, 0.283, 0.385, 0.5138, 0.6124, 0.6648, 0.6916, 0.7046, 0.7112, 0.7122, 0.7128, 0.7116, 0.7138, 0.7122, 0.713, 0.7132, 0.7124, 0.713, 0.7124, 0.7122, 0.7124, 0.7126, 0.7126, 0.7128, 0.713, 0.713, 0.7126, 0.7132, 0.7132, 0.713, 0.7128, 0.713, 0.713, 0.713, 0.713, 0.713, 0.713, 0.713, 0.713, 0.713, 0.713, 0.713, 0.713, 0.713, 0.713]}, "Apoptosis AUC": 31.055000000000017}, "NFkB": {"Timesteps": {"Apoptosis": [0.0, 0.1458, 0.1274, 0.165, 0.1564, 0.2206, 0.3, 0.3512, 0.4298, 0.5208, 0.5984, 0.659, 0.6924, 0.704, 0.7074, 0.7104, 0.7118, 0.713, 0.713, 0.7116, 0.7122, 0.712, 0.7134, 0.7132, 0.713, 0.7136, 0.713, 0.7128, 0.7126, 0.7126, 0.7126, 0.713, 0.7128, 0.7132, 0.7128, 0.7126, 0.713, 0.7128, 0.7128, 0.7128, 0.7128, 0.7128, 0.7128, 0.7128, 0.7128, 0.7128, 0.7128, 0.7128, 0.7128, 0.7128, 0.7128]}, "Apoptosis AUC": 31.43560000000002}, "Bax": {"Timesteps": {"Apoptosis": [0.0, 0.1442, 0.0626, 0.0264, 0.0, 0.0, 0.0, 0.0, 0.0, 0.0, 0.0, 0.0, 0.0, 0.0, 0.0, 0.0, 0.0, 0.0, 0.0, 0.0, 0.0, 0.0, 0.0, 0.0, 0.0, 0.0, 0.0, 0.0, 0.0, 0.0, 0.0, 0.0, 0.0, 0.0, 0.0, 0.0, 0.0, 0.0, 0.0, 0.0, 0.0, 0.0, 0.0, 0.0, 0.0, 0.0, 0.0, 0.0, 0.0, 0.0, 0.0]}, "Apoptosis AUC": 0.2332}, "TNFR2": {"Timesteps": {"Apoptosis": [0.0, 0.147, 0.1178, 0.1364, 0.0896, 0.1226, 0.1902, 0.2818, 0.3996, 0.5196, 0.611, 0.6684, 0.6918, 0.7036, 0.7138, 0.7124, 0.7096, 0.7104, 0.7114, 0.7126, 0.7126, 0.7118, 0.7122, 0.7122, 0.7116, 0.7112, 0.7114, 0.7114, 0.7114, 0.7112, 0.7118, 0.7116, 0.7118, 0.7114, 0.7116, 0.7114, 0.7114, 0.7116, 0.7116, 0.7116, 0.7116, 0.7118, 0.7118, 0.7116, 0.7116, 0.7118, 0.7118, 0.7118, 0.7116, 0.7118, 0.7118]}, "Apoptosis AUC": 31.01140000000001}, "TNFR1": {"Timesteps": {"Apoptosis": [0.0, 0.15, 0.1192, 0.145, 0.0908, 0.118, 0.1864, 0.2774, 0.3966, 0.521, 0.618, 0.6756, 0.7026, 0.7146, 0.722, 0.7222, 0.7232, 0.7228, 0.7244, 0.7236, 0.723, 0.7226, 0.722, 0.7228, 0.7222, 0.7222, 0.7224, 0.7224, 0.722, 0.722, 0.7224, 0.7218, 0.722, 0.7224, 0.722, 0.722, 0.7222, 0.7222, 0.722, 0.722, 0.722, 0.722, 0.722, 0.722, 0.722, 0.722, 0.722, 0.722, 0.722, 0.722, 0.722]}, "Apoptosis AUC": 31.440000000000026}, "SMAD": {"Timesteps": {"Apoptosis": [0.0, 0.1442, 0.1264, 0.1292, 0.0688, 0.1024, 0.1766, 0.278, 0.4008, 0.5186, 0.609, 0.661, 0.691, 0.7024, 0.7086, 0.7154, 0.7146, 0.716, 0.716, 0.7158, 0.7156, 0.717, 0.7158, 0.7154, 0.716, 0.7158, 0.7154, 0.7158, 0.7154, 0.7154, 0.7154, 0.7154, 0.7152, 0.7154, 0.7154, 0.7152, 0.7152, 0.7152, 0.7152, 0.7152, 0.7152, 0.7152, 0.7152, 0.7152, 0.7152, 0.7152, 0.7152, 0.7152, 0.7152, 0.7152, 0.7152]}, "Apoptosis AUC": 31.072399999999988}, "BclxL": {"Timesteps": {"Apoptosis": [0.0, 0.1364, 0.1522, 0.2172, 0.1848, 0.2002, 0.236, 0.303, 0.4, 0.5176, 0.6124, 0.6724, 0.7004, 0.713, 0.7232, 0.7248, 0.7258, 0.724, 0.7248, 0.7264, 0.7248, 0.7248, 0.7256, 0.726, 0.7254, 0.7252, 0.7246, 0.7256, 0.7252, 0.725, 0.7252, 0.7256, 0.7254, 0.7252, 0.7254, 0.7254, 0.7252, 0.7252, 0.7252, 0.7252, 0.7252, 0.7252, 0.7252, 0.7252, 0.7252, 0.7252, 0.7252, 0.7252, 0.7252, 0.7252, 0.7252]}, "Apoptosis AUC": 31.877000000000017},