{"TAK1": {"Timesteps": {"Apoptosis": [0.0, 0.1472, 0.1176, 0.1344, 0.0818, 0.079, 0.0604, 0.0394, 0.0232, 0.0152, 0.0092, 0.0058, 0.0036, 0.002, 0.001, 0.0006, 0.0002, 0.0002, 0.0002, 0.0002, 0.0002, 0.0, 0.0, 0.0, 0.0, 0.0, 0.0, 0.0, 0.0, 0.0, 0.0, 0.0, 0.0, 0.0, 0.0, 0.0, 0.0, 0.0, 0.0, 0.0, 0.0, 0.0, 0.0, 0.0, 0.0, 0.0, 0.0, 0.0, 0.0, 0.0, 0.0]}, "Apoptosis AUC": 0.7213999999999999}, "ATM": {"Timesteps": {"Apoptosis": [0.0, 0.1446, 0.1208, 0.1408, 0.1052, 0.1636, 0.2764, 0.3914, 0.456, 0.4962, 0.5314, 0.5498, 0.5512, 0.5568, 0.564, 0.5668, 0.5674, 0.5682, 0.5718, 0.5728, 0.5748, 0.5742, 0.5736, 0.5744, 0.5748, 0.574, 0.5746, 0.5758, 0.5754, 0.5754, 0.5758, 0.5758, 0.5758, 0.576, 0.576, 0.5762, 0.5762, 0.5762, 0.5762, 0.5762, 0.5762, 0.5762, 0.5762, 0.5762, 0.5762, 0.5762, 0.5762, 0.5762, 0.5762, 0.5762, 0.5762]}, "Apoptosis AUC": 25.740799999999997}, "AKT": {"Timesteps": {"Apoptosis": [0.0, 0.1448, 0.1294, 0.15, 0.1188, 0.185, 0.3108, 0.424, 0.5048, 0.534, 0.5582, 0.5728, 0.5712, 0.5708, 0.5738, 0.5716, 0.5728, 0.5714, 0.5722, 0.5708, 0.5708, 0.5716, 0.572, 0.5724, 0.5716, 0.5724, 0.5724, 0.5718, 0.5724, 0.5714, 0.5722, 0.5726, 0.5722, 0.5718, 0.5722, 0.5722, 0.572, 0.572, 0.5722, 0.5722, 0.5722, 0.572, 0.5722, 0.5722, 0.5722, 0.572, 0.5722, 0.5722, 0.5722, 0.5722, 0.5722]}, "Apoptosis AUC": 25.94139999999998}, "XIAP": {"Timesteps": {"Apoptosis": [0.0, 0.2166, 0.4032, 0.4904, 0.3836, 0.3608, 0.436, 0.5062, 0.5328, 0.547, 0.555, 0.5576, 0.5634, 0.564, 0.5646, 0.5616, 0.5634, 0.5636, 0.5626, 0.5658, 0.5664, 0.5652, 0.5644, 0.565, 0.5662, 0.5658, 0.566, 0.566, 0.566, 0.566, 0.5652, 0.5656, 0.5656, 0.5662, 0.566, 0.5662, 0.5662, 0.5662, 0.5664, 0.5662, 0.5662, 0.566, 0.566, 0.566, 0.5662, 0.5662, 0.5662, 0.5662, 0.5662, 0.5662, 0.5662]}, "Apoptosis AUC": 27.04259999999998}, "STAT3": {"Timesteps": {"Apoptosis": [0.0, 0.1438, 0.1322, 0.1862, 0.1776, 0.2654, 0.399, 0.4922, 0.5228, 0.5314, 0.5434, 0.5606, 0.5614, 0.5646, 0.5688, 0.572, 0.573, 0.5746, 0.5778, 0.579, 0.5792, 0.578, 0.5806, 0.5798, 0.5802, 0.581, 0.5806, 0.581, 0.5816, 0.5812, 0.581, 0.5818, 0.5818, 0.5818, 0.5822, 0.5822, 0.5824, 0.5822, 0.5822, 0.5822, 0.5822, 0.5822, 0.5822, 0.5822, 0.5822, 0.5822, 0.5822, 0.5822, 0.5822, 0.5822, 0.5822]}, "Apoptosis AUC": 26.553000000000004}, "BID": {"Timesteps": {"Apoptosis": [0.0, 0.1346, 0.1218, 0.132, 0.0934, 0.1544, 0.2744, 0.3894, 0.4524, 0.497, 0.5266, 0.542, 0.544, 0.5492, 0.553, 0.554, 0.5544, 0.5596, 0.5614, 0.5608, 0.5628, 0.5646, 0.565, 0.5644, 0.5642, 0.5656, 0.5656, 0.5652, 0.566, 0.5654, 0.5658, 0.5662, 0.5662, 0.566, 0.566, 0.566, 0.5662, 0.5662, 0.5662, 0.5662, 0.5662, 0.5662, 0.5662, 0.5662, 0.5662, 0.5662, 0.5662, 0.5662, 0.5662, 0.5662, 0.5662]}, "Apoptosis AUC": 25.292399999999976}, "RIP": {"Timesteps": {"Apoptosis": [0.0, 0.1432, 0.1222, 0.1448, 0.114, 0.174, 0.3056, 0.4138, 0.4872, 0.5244, 0.5484, 0.5644, 0.567, 0.5654, 0.5744, 0.5762, 0.5762, 0.5774, 0.5808, 0.5822, 0.5822, 0.5816, 0.5834, 0.5858, 0.5836, 0.585, 0.585, 0.585, 0.5854, 0.5858, 0.5862, 0.586, 0.586, 0.5862, 0.5862, 0.5864, 0.5864, 0.5862, 0.5864, 0.5868, 0.5868, 0.5868, 0.5868, 0.5868, 0.5868, 0.5866, 0.5866, 0.5866, 0.5866, 0.5866, 0.5866]}, "Apoptosis AUC": 26.300800000000017}, "MYC": {"Timesteps": {"Apoptosis": [0.0, 0.1472, 0.1266, 0.1338, 0.101, 0.1622, 0.2708, 0.3778, 0.4504, 0.4882, 0.5154, 0.5374, 0.54, 0.5422, 0.5494, 0.5518, 0.5522, 0.557, 0.5554, 0.5576, 0.5582, 0.5588, 0.559, 0.5604, 0.5608, 0.5602, 0.561, 0.5614, 0.5612, 0.5614, 0.561, 0.5608, 0.5612, 0.5616, 0.5616, 0.5616, 0.5616, 0.5616, 0.5616, 0.5616, 0.5616, 0.5616, 0.5616, 0.5616, 0.5616, 0.5616, 0.5616, 0.5616, 0.5616, 0.5616, 0.5616]}, "Apoptosis AUC": 25.110599999999977}, "DUSP1": {"Timesteps": {"Apoptosis": [0.0, 0.1492, 0.141, 0.1776, 0.1536, 0.2444, 0.4236, 0.6308, 0.773, 0.8668, 0.927, 0.969, 0.9896, 0.9974, 0.9996, 1.0, 1.0, 1.0, 1.0, 1.0, 1.0, 1.0, 1.0, 1.0, 1.0, 1.0, 1.0, 1.0, 1.0, 1.0, 1.0, 1.0, 1.0, 1.0, 1.0, 1.0, 1.0, 1.0, 1.0, 1.0, 1.0, 1.0, 1.0, 1.0, 1.0, 1.0, 1.0, 1.0, 1.0, 1.0, 1.0]}, "Apoptosis AUC": 44.4426}, "Bcl2": {"Timesteps": {"Apoptosis": [0.0, 0.146, 0.1446, 0.1922, 0.148, 0.208, 0.3378, 0.4596, 0.5262, 0.564, 0.5796, 0.589, 0.5868, 0.5842, 0.585, 0.5842, 0.5856, 0.5826, 0.5834, 0.5854, 0.5838, 0.5846, 0.585, 0.5854, 0.5858, 0.5854, 0.5858, 0.5858, 0.586, 0.5856, 0.5852, 0.5852, 0.5854, 0.5852, 0.5852, 0.5854, 0.5854, 0.585, 0.5852, 0.5854, 0.5854, 0.5854, 0.5854, 0.5854, 0.5854, 0.5854, 0.5854, 0.5854, 0.5854, 0.5854, 0.5854]}, "Apoptosis AUC": 26.717400000000005}, "TRAF2": {"Timesteps": {"Apoptosis": [0.0, 0.1494, 0.122, 0.1388, 0.12, 0.2056, 0.3382, 0.4456, 0.492, 0.5058, 0.524, 0.5422, 0.5428, 0.5434, 0.5502, 0.5512, 0.5544, 0.5532, 0.5568, 0.5588, 0.56, 0.56, 0.5594, 0.5598, 0.56, 0.5606, 0.5618, 0.561, 0.561, 0.561, 0.5608, 0.5608, 0.5616, 0.561, 0.5612, 0.5616, 0.5612, 0.5614, 0.5614, 0.5614, 0.5618, 0.5616, 0.5616, 0.5616, 0.5616, 0.5616, 0.5616, 0.5616, 0.5616, 0.5616, 0.5616]}, "Apoptosis AUC": 25.389199999999985}, "TRAF6": {"Timesteps": {"Apoptosis": [0.0, 0.1456, 0.1266, 0.1406, 0.0934, 0.0932, 0.0864, 0.0634, 0.043, 0.0312, 0.0202, 0.0124, 0.0066, 0.0032, 0.0018, 0.0016, 0.001, 0.0008, 0.0004, 0.0002, 0.0, 0.0, 0.0, 0.0, 0.0, 0.0, 0.0, 0.0, 0.0, 0.0, 0.0, 0.0, 0.0, 0.0, 0.0, 0.0, 0.0, 0.0, 0.0, 0.0, 0.0, 0.0, 0.0, 0.0, 0.0, 0.0, 0.0, 0.0, 0.0, 0.0, 0.0]}, "Apoptosis AUC": 0.8716}, "NFkB": {"Timesteps": {"Apoptosis": [0.0, 0.1436, 0.1252, 0.1736, 0.1838, 0.2838, 0.4224, 0.5142, 0.5332, 0.5258, 0.5378, 0.5494, 0.5546, 0.559, 0.5622, 0.5628, 0.566, 0.5704, 0.5696, 0.5724, 0.5712, 0.5736, 0.5756, 0.5754, 0.5744, 0.5758, 0.5766, 0.576, 0.5758, 0.5766, 0.5764, 0.5766, 0.5768, 0.5768, 0.5768, 0.5768, 0.5768, 0.5768, 0.5768, 0.5768, 0.577, 0.577, 0.577, 0.577, 0.577, 0.577, 0.577, 0.577, 0.577, 0.577, 0.577]}, "Apoptosis AUC": 26.37519999999997}, "Bax": {"Timesteps": {"Apoptosis": [0.0, 0.1514, 0.0572, 0.0252, 0.0, 0.0, 0.0, 0.0, 0.0, 0.0, 0.0, 0.0, 0.0, 0.0, 0.0, 0.0, 0.0, 0.0, 0.0, 0.0, 0.0, 0.0, 0.0, 0.0, 0.0, 0.0, 0.0, 0.0, 0.0, 0.0, 0.0, 0.0, 0.0, 0.0, 0.0, 0.0, 0.0, 0.0, 0.0, 0.0, 0.0, 0.0, 0.0, 0.0, 0.0, 0.0, 0.0, 0.0, 0.0, 0.0, 0.0]}, "Apoptosis AUC": 0.2338}, "TNFR2": {"Timesteps": {"Apoptosis": [0.0, 0.1526, 0.122, 0.1364, 0.109, 0.1764, 0.286, 0.4036, 0.4692, 0.5008, 0.5212, 0.5408, 0.5442, 0.5496, 0.552, 0.5566, 0.5548, 0.5584, 0.559, 0.56, 0.5602, 0.5606, 0.563, 0.5622, 0.563, 0.5634, 0.5628, 0.5628, 0.5636, 0.5638, 0.5638, 0.5638, 0.5638, 0.5638, 0.5634, 0.5634, 0.5638, 0.5638, 0.5636, 0.5634, 0.5636, 0.5636, 0.5636, 0.5636, 0.5636, 0.5636, 0.5636, 0.5636, 0.5636, 0.5636, 0.5636]}, "Apoptosis AUC": 25.31420000000002}, "TNFR1": {"Timesteps": {"Apoptosis": [0.0, 0.1412, 0.1274, 0.1502, 0.11, 0.1636, 0.2704, 0.3926, 0.4652, 0.5082, 0.5422, 0.5552, 0.5576, 0.5646, 0.5684, 0.5712, 0.576, 0.5744, 0.5774, 0.574, 0.5768, 0.578, 0.5776, 0.5786, 0.5792, 0.5774, 0.5784, 0.5786, 0.5794, 0.5798, 0.5792, 0.5796, 0.5796, 0.5796, 0.5798, 0.5798, 0.5796, 0.5798, 0.5802, 0.5802, 0.58, 0.5798, 0.58, 0.58, 0.58, 0.5802, 0.5802, 0.5802, 0.5802, 0.5802, 0.5802]}, "Apoptosis AUC": 25.951999999999998}, "SMAD": {"Timesteps": {"Apoptosis": [0.0, 0.1406, 0.1262, 0.1312, 0.0604, 0.0676, 0.0632, 0.0608, 0.0528, 0.0424, 0.03, 0.019, 0.009, 0.0048, 0.0022, 0.001, 0.0006, 0.0004, 0.0002, 0.0002, 0.0, 0.0, 0.0, 0.0, 0.0, 0.0, 0.0, 0.0, 0.0, 0.0, 0.0, 0.0, 0.0, 0.0, 0.0, 0.0, 0.0, 0.0, 0.0, 0.0, 0.0, 0.0, 0.0, 0.0, 0.0, 0.0, 0.0, 0.0, 0.0, 0.0, 0.0]}, "Apoptosis AUC": 0.8126}, "BclxL": {"Timesteps": {"Apoptosis": [0.0, 0.15, 0.1416, 0.211, 0.2054, 0.2668, 0.3576, 0.4346, 0.4842, 0.5166, 0.5328, 0.556, 0.5646, 0.5656, 0.568, 0.5716, 0.5742, 0.5772, 0.579, 0.5786, 0.5776, 0.5788, 0.58, 0.5808, 0.5808, 0.581, 0.581, 0.5816, 0.5814, 0.5814, 0.5816, 0.5818, 0.5824, 0.5824, 0.5822, 0.5818, 0.5818, 0.5822, 0.5822, 0.5822, 0.5822, 0.582, 0.5822, 0.5822, 0.582, 0.582, 0.5822, 0.5822, 0.5822, 0.5822, 0.5822]}, "Apoptosis AUC": 26.464000000000006},