{"TAK1": {"Timesteps": {"Apoptosis": [0.0, 0.1522, 0.1258, 0.1286, 0.0658, 0.048, 0.0436, 0.0282, 0.0176, 0.0094, 0.0062, 0.0044, 0.0028, 0.0016, 0.0008, 0.0004, 0.0002, 0.0, 0.0, 0.0, 0.0, 0.0, 0.0, 0.0, 0.0, 0.0, 0.0, 0.0, 0.0, 0.0, 0.0, 0.0, 0.0, 0.0, 0.0, 0.0, 0.0, 0.0, 0.0, 0.0, 0.0, 0.0, 0.0, 0.0, 0.0, 0.0, 0.0, 0.0, 0.0, 0.0, 0.0]}, "Apoptosis AUC": 0.6355999999999999}, "ATM": {"Timesteps": {"Apoptosis": [0.0, 0.1524, 0.1236, 0.1384, 0.0806, 0.0854, 0.1028, 0.098, 0.0938, 0.0748, 0.0508, 0.0304, 0.0164, 0.009, 0.0054, 0.0028, 0.001, 0.0004, 0.0002, 0.0, 0.0, 0.0, 0.0, 0.0, 0.0, 0.0, 0.0, 0.0, 0.0, 0.0, 0.0, 0.0, 0.0, 0.0, 0.0, 0.0, 0.0, 0.0, 0.0, 0.0, 0.0, 0.0, 0.0, 0.0, 0.0, 0.0, 0.0, 0.0, 0.0, 0.0, 0.0]}, "Apoptosis AUC": 1.0661999999999996}, "AKT": {"Timesteps": {"Apoptosis": [0.0, 0.1424, 0.129, 0.149, 0.0962, 0.0996, 0.1214, 0.1178, 0.0792, 0.0496, 0.0254, 0.0106, 0.0046, 0.0022, 0.0006, 0.0, 0.0, 0.0, 0.0, 0.0, 0.0, 0.0, 0.0, 0.0, 0.0, 0.0, 0.0, 0.0, 0.0, 0.0, 0.0, 0.0, 0.0, 0.0, 0.0, 0.0, 0.0, 0.0, 0.0, 0.0, 0.0, 0.0, 0.0, 0.0, 0.0, 0.0, 0.0, 0.0, 0.0, 0.0, 0.0]}, "Apoptosis AUC": 1.0275999999999998}, "XIAP": {"Timesteps": {"Apoptosis": [0.0, 0.2248, 0.3948, 0.4848, 0.381, 0.3274, 0.3004, 0.231, 0.1636, 0.1064, 0.0686, 0.0384, 0.021, 0.0116, 0.0058, 0.0032, 0.0024, 0.0018, 0.0012, 0.0012, 0.0, 0.0, 0.0, 0.0, 0.0, 0.0, 0.0, 0.0, 0.0, 0.0, 0.0, 0.0, 0.0, 0.0, 0.0, 0.0, 0.0, 0.0, 0.0, 0.0, 0.0, 0.0, 0.0, 0.0, 0.0, 0.0, 0.0, 0.0, 0.0, 0.0, 0.0]}, "Apoptosis AUC": 2.7693999999999996}, "STAT3": {"Timesteps": {"Apoptosis": [0.0, 0.146, 0.1372, 0.1772, 0.1382, 0.1398, 0.1406, 0.1182, 0.0904, 0.0656, 0.044, 0.0292, 0.0162, 0.009, 0.0054, 0.0034, 0.0012, 0.0006, 0.0002, 0.0002, 0.0002, 0.0, 0.0, 0.0, 0.0, 0.0, 0.0, 0.0, 0.0, 0.0, 0.0, 0.0, 0.0, 0.0, 0.0, 0.0, 0.0, 0.0, 0.0, 0.0, 0.0, 0.0, 0.0, 0.0, 0.0, 0.0, 0.0, 0.0, 0.0, 0.0, 0.0]}, "Apoptosis AUC": 1.2628}, "BID": {"Timesteps": {"Apoptosis": [0.0, 0.1498, 0.12, 0.1252, 0.0534, 0.0226, 0.008, 0.0006, 0.0, 0.0, 0.0, 0.0, 0.0, 0.0, 0.0, 0.0, 0.0, 0.0, 0.0, 0.0, 0.0, 0.0, 0.0, 0.0, 0.0, 0.0, 0.0, 0.0, 0.0, 0.0, 0.0, 0.0, 0.0, 0.0, 0.0, 0.0, 0.0, 0.0, 0.0, 0.0, 0.0, 0.0, 0.0, 0.0, 0.0, 0.0, 0.0, 0.0, 0.0, 0.0, 0.0]}, "Apoptosis AUC": 0.4796}, "RIP": {"Timesteps": {"Apoptosis": [0.0, 0.1458, 0.1262, 0.1352, 0.0906, 0.0854, 0.102, 0.0974, 0.088, 0.0776, 0.0508, 0.0294, 0.0178, 0.011, 0.006, 0.004, 0.0026, 0.002, 0.0012, 0.0006, 0.0004, 0.0002, 0.0002, 0.0, 0.0, 0.0, 0.0, 0.0, 0.0, 0.0, 0.0, 0.0, 0.0, 0.0, 0.0, 0.0, 0.0, 0.0, 0.0, 0.0, 0.0, 0.0, 0.0, 0.0, 0.0, 0.0, 0.0, 0.0, 0.0, 0.0, 0.0]}, "Apoptosis AUC": 1.0743999999999998}, "MYC": {"Timesteps": {"Apoptosis": [0.0, 0.146, 0.1302, 0.1446, 0.078, 0.0758, 0.0812, 0.0708, 0.0476, 0.0246, 0.013, 0.0066, 0.0036, 0.0016, 0.0014, 0.001, 0.0006, 0.0004, 0.0004, 0.0002, 0.0002, 0.0002, 0.0, 0.0, 0.0, 0.0, 0.0, 0.0, 0.0, 0.0, 0.0, 0.0, 0.0, 0.0, 0.0, 0.0, 0.0, 0.0, 0.0, 0.0, 0.0, 0.0, 0.0, 0.0, 0.0, 0.0, 0.0, 0.0, 0.0, 0.0, 0.0]}, "Apoptosis AUC": 0.8279999999999998}, "DUSP1": {"Timesteps": {"Apoptosis": [0.0, 0.149, 0.1404, 0.1808, 0.118, 0.1346, 0.1718, 0.1966, 0.1896, 0.1538, 0.107, 0.0698, 0.0392, 0.0202, 0.012, 0.0056, 0.003, 0.0016, 0.001, 0.0008, 0.0008, 0.0002, 0.0002, 0.0002, 0.0, 0.0, 0.0, 0.0, 0.0, 0.0, 0.0, 0.0, 0.0, 0.0, 0.0, 0.0, 0.0, 0.0, 0.0, 0.0, 0.0, 0.0, 0.0, 0.0, 0.0, 0.0, 0.0, 0.0, 0.0, 0.0, 0.0]}, "Apoptosis AUC": 1.6961999999999993}, "Bcl2": {"Timesteps": {"Apoptosis": [0.0, 0.1512, 0.1468, 0.1764, 0.1158, 0.1088, 0.1116, 0.1068, 0.0956, 0.0774, 0.0538, 0.0326, 0.0182, 0.009, 0.005, 0.003, 0.0016, 0.001, 0.0006, 0.0004, 0.0002, 0.0002, 0.0002, 0.0, 0.0, 0.0, 0.0, 0.0, 0.0, 0.0, 0.0, 0.0, 0.0, 0.0, 0.0, 0.0, 0.0, 0.0, 0.0, 0.0, 0.0, 0.0, 0.0, 0.0, 0.0, 0.0, 0.0, 0.0, 0.0, 0.0, 0.0]}, "Apoptosis AUC": 1.2161999999999995}, "TRAF2": {"Timesteps": {"Apoptosis": [0.0, 0.144, 0.121, 0.1258, 0.0924, 0.1024, 0.1024, 0.0966, 0.086, 0.0652, 0.0428, 0.0286, 0.0162, 0.0078, 0.0028, 0.001, 0.0006, 0.0004, 0.0004, 0.0004, 0.0004, 0.0004, 0.0, 0.0, 0.0, 0.0, 0.0, 0.0, 0.0, 0.0, 0.0, 0.0, 0.0, 0.0, 0.0, 0.0, 0.0, 0.0, 0.0, 0.0, 0.0, 0.0, 0.0, 0.0, 0.0, 0.0, 0.0, 0.0, 0.0, 0.0, 0.0]}, "Apoptosis AUC": 1.0375999999999996}, "TRAF6": {"Timesteps": {"Apoptosis": [0.0, 0.143, 0.1222, 0.1366, 0.076, 0.0632, 0.0564, 0.0452, 0.0338, 0.025, 0.015, 0.0088, 0.0058, 0.0042, 0.0024, 0.0018, 0.0014, 0.0004, 0.0002, 0.0002, 0.0002, 0.0, 0.0, 0.0, 0.0, 0.0, 0.0, 0.0, 0.0, 0.0, 0.0, 0.0, 0.0, 0.0, 0.0, 0.0, 0.0, 0.0, 0.0, 0.0, 0.0, 0.0, 0.0, 0.0, 0.0, 0.0, 0.0, 0.0, 0.0, 0.0, 0.0]}, "Apoptosis AUC": 0.7418}, "NFkB": {"Timesteps": {"Apoptosis": [0.0, 0.1504, 0.1388, 0.1696, 0.1424, 0.1682, 0.1594, 0.1296, 0.0946, 0.0668, 0.0416, 0.0248, 0.0134, 0.007, 0.0044, 0.0026, 0.0008, 0.0006, 0.0006, 0.0006, 0.0, 0.0, 0.0, 0.0, 0.0, 0.0, 0.0, 0.0, 0.0, 0.0, 0.0, 0.0, 0.0, 0.0, 0.0, 0.0, 0.0, 0.0, 0.0, 0.0, 0.0, 0.0, 0.0, 0.0, 0.0, 0.0, 0.0, 0.0, 0.0, 0.0, 0.0]}, "Apoptosis AUC": 1.3161999999999996}, "Bax": {"Timesteps": {"Apoptosis": [0.0, 0.1424, 0.0576, 0.0272, 0.0, 0.0, 0.0, 0.0, 0.0, 0.0, 0.0, 0.0, 0.0, 0.0, 0.0, 0.0, 0.0, 0.0, 0.0, 0.0, 0.0, 0.0, 0.0, 0.0, 0.0, 0.0, 0.0, 0.0, 0.0, 0.0, 0.0, 0.0, 0.0, 0.0, 0.0, 0.0, 0.0, 0.0, 0.0, 0.0, 0.0, 0.0, 0.0, 0.0, 0.0, 0.0, 0.0, 0.0, 0.0, 0.0, 0.0]}, "Apoptosis AUC": 0.2272}, "TNFR2": {"Timesteps": {"Apoptosis": [0.0, 0.1394, 0.1308, 0.1406, 0.0856, 0.09, 0.101, 0.0982, 0.0944, 0.072, 0.048, 0.027, 0.0156, 0.009, 0.0046, 0.0022, 0.0012, 0.0008, 0.0004, 0.0, 0.0, 0.0, 0.0, 0.0, 0.0, 0.0, 0.0, 0.0, 0.0, 0.0, 0.0, 0.0, 0.0, 0.0, 0.0, 0.0, 0.0, 0.0, 0.0, 0.0, 0.0, 0.0, 0.0, 0.0, 0.0, 0.0, 0.0, 0.0, 0.0, 0.0, 0.0]}, "Apoptosis AUC": 1.0607999999999997}, "TNFR1": {"Timesteps": {"Apoptosis": [0.0, 0.1498, 0.1222, 0.1378, 0.0828, 0.0908, 0.11, 0.0984, 0.099, 0.0758, 0.0512, 0.0334, 0.022, 0.0138, 0.0072, 0.0048, 0.0028, 0.0018, 0.001, 0.0004, 0.0, 0.0, 0.0, 0.0, 0.0, 0.0, 0.0, 0.0, 0.0, 0.0, 0.0, 0.0, 0.0, 0.0, 0.0, 0.0, 0.0, 0.0, 0.0, 0.0, 0.0, 0.0, 0.0, 0.0, 0.0, 0.0, 0.0, 0.0, 0.0, 0.0, 0.0]}, "Apoptosis AUC": 1.105}, "SMAD": {"Timesteps": {"Apoptosis": [0.0, 0.1448, 0.1258, 0.1358, 0.0636, 0.068, 0.079, 0.0724, 0.0568, 0.0472, 0.033, 0.019, 0.0094, 0.0052, 0.0034, 0.0018, 0.0008, 0.0002, 0.0002, 0.0, 0.0, 0.0, 0.0, 0.0, 0.0, 0.0, 0.0, 0.0, 0.0, 0.0, 0.0, 0.0, 0.0, 0.0, 0.0, 0.0, 0.0, 0.0, 0.0, 0.0, 0.0, 0.0, 0.0, 0.0, 0.0, 0.0, 0.0, 0.0, 0.0, 0.0, 0.0]}, "Apoptosis AUC": 0.8664}, "BclxL": {"Timesteps": {"Apoptosis": [0.0, 0.153, 0.1442, 0.203, 0.1668, 0.1562, 0.137, 0.1178, 0.0982, 0.0772, 0.0538, 0.034, 0.0198, 0.0124, 0.0062, 0.0038, 0.0032, 0.0022, 0.0006, 0.0002, 0.0, 0.0, 0.0, 0.0, 0.0, 0.0, 0.0, 0.0, 0.0, 0.0, 0.0, 0.0, 0.0, 0.0, 0.0, 0.0, 0.0, 0.0, 0.0, 0.0, 0.0, 0.0, 0.0, 0.0, 0.0, 0.0, 0.0, 0.0, 0.0, 0.0, 0.0]}, "Apoptosis AUC": 1.3896000000000002}, "p53": {"Timesteps": {"Apoptosis": [0.0, 0.1554, 0.123, 0.1302, 0.0716, 0.072, 0.0646, 0.0336, 0.0116, 0.0018, 0.0002, 0.0, 0.0, 0.0, 0.0, 0.0, 0.0, 0.0, 0.0, 0.0, 0.0, 0.0, 0.0, 0.0, 0.0, 0.0, 0.0, 0.0, 0.0, 0.0, 0.0, 0.0, 0.0, 0.0, 0.0, 0.0, 0.0, 0.0, 0.0, 0.0, 0.0, 0.0, 0.0, 0.0, 0.0, 0.0, 0.0, 0.0, 0.0, 0.0, 0.0]}, "Apoptosis AUC": 0.6639999999999999}, "Raf": {"Timesteps": {"Apoptosis": [0.0, 0.1928, 0.1906, 0.2078, 0.1308, 0.1662, 0.2398, 0.348, 0.476, 0.5838, 0.6664, 0.7196, 0.7552, 0.7756, 0.7836, 0.7854, 0.7866, 0.7866, 0.7866, 0.7866, 0.7866, 0.7866, 0.7866, 0.7866, 0.7866, 0.7866, 0.7866, 0.7866, 0.7866, 0.7866, 0.7866, 0.7866, 0.7866, 0.7866, 0.7866, 0.7866, 0.7866, 0.7866, 0.7866, 0.7866, 0.7866, 0.7866, 0.7866, 0.7866, 0.7866, 0.7866, 0.7866, 0.7866, 0.7866, 0.7866, 0.7866]}, "Apoptosis AUC": 34.5526}, "TGFBR": {"Timesteps": {"Apoptosis": [0.0, 0.1474, 0.1206, 0.1396, 0.075, 0.0862, 0.0944, 0.0834, 0.0718, 0.0562, 0.0374, 0.0192, 0.0116, 0.0062, 0.0028, 0.0012, 0.001, 0.0006, 0.0002, 0.0, 0.0, 0.0, 0.0, 0.0, 0.0, 0.0, 0.0, 0.0, 0.0, 0.0, 0.0, 0.0, 0.0, 0.0, 0.0, 0.0, 0.0, 0.0, 0.0, 0.0, 0.0, 0.0, 0.0, 0.0, 0.0, 0.0, 0.0, 0.0, 0.0, 0.0, 0.0]},