{"TAK1": {"Timesteps": {"Growth_Arrest": [0.0, 0.5668, 0.488, 0.2028, 0.0758, 0.045, 0.0294, 0.0194, 0.0144, 0.0094, 0.0064, 0.0034, 0.0028, 0.0018, 0.0012, 0.0012, 0.001, 0.0006, 0.0002, 0.0002, 0.0002, 0.0002, 0.0, 0.0, 0.0, 0.0, 0.0, 0.0, 0.0, 0.0, 0.0, 0.0, 0.0, 0.0, 0.0, 0.0, 0.0, 0.0, 0.0, 0.0, 0.0, 0.0, 0.0, 0.0, 0.0, 0.0, 0.0, 0.0, 0.0, 0.0, 0.0]}, "Growth_Arrest AUC": 1.4702000000000002}, "ATM": {"Timesteps": {"Growth_Arrest": [0.0, 0.5472, 0.4408, 0.2412, 0.2164, 0.2656, 0.3138, 0.35, 0.3766, 0.39, 0.3824, 0.3718, 0.376, 0.3754, 0.3722, 0.3844, 0.3798, 0.382, 0.3768, 0.3828, 0.3742, 0.3756, 0.3752, 0.369, 0.3786, 0.3898, 0.3836, 0.3842, 0.3842, 0.3884, 0.3866, 0.383, 0.3836, 0.3806, 0.3852, 0.3838, 0.373, 0.3764, 0.3792, 0.3782, 0.3828, 0.3776, 0.3898, 0.3844, 0.381, 0.3774, 0.371, 0.3714, 0.381, 0.3902, 0.3846]}, "Growth_Arrest AUC": 18.728799999999996}, "AKT": {"Timesteps": {"Growth_Arrest": [0.0, 0.6358, 0.5924, 0.3426, 0.3304, 0.397, 0.4298, 0.4356, 0.4474, 0.4576, 0.4688, 0.4514, 0.4536, 0.4488, 0.451, 0.4598, 0.4516, 0.4448, 0.44, 0.4518, 0.4486, 0.4538, 0.4406, 0.4456, 0.439, 0.451, 0.4472, 0.4442, 0.4494, 0.4434, 0.4512, 0.4488, 0.4456, 0.4544, 0.4448, 0.446, 0.4398, 0.4316, 0.4404, 0.4476, 0.4374, 0.437, 0.4336, 0.4368, 0.4536, 0.445, 0.4408, 0.447, 0.4512, 0.4402, 0.4386]}, "Growth_Arrest AUC": 22.36440000000001}, "XIAP": {"Timesteps": {"Growth_Arrest": [0.0, 0.566, 0.5132, 0.2874, 0.2286, 0.2622, 0.3056, 0.3388, 0.373, 0.392, 0.3926, 0.3864, 0.3732, 0.3862, 0.3844, 0.3804, 0.3816, 0.3832, 0.3846, 0.3838, 0.3948, 0.4018, 0.3932, 0.3894, 0.3856, 0.3784, 0.3862, 0.3786, 0.3806, 0.392, 0.3862, 0.3848, 0.388, 0.3874, 0.3842, 0.3888, 0.3836, 0.3878, 0.3942, 0.3894, 0.3922, 0.3846, 0.3832, 0.387, 0.3964, 0.3896, 0.3886, 0.3846, 0.3922, 0.3898, 0.3894]}, "Growth_Arrest AUC": 19.135799999999996}, "STAT3": {"Timesteps": {"Growth_Arrest": [0.0, 0.5614, 0.5102, 0.2778, 0.1888, 0.2192, 0.2652, 0.2896, 0.2984, 0.2842, 0.2702, 0.2676, 0.2672, 0.2672, 0.2812, 0.2794, 0.2778, 0.2824, 0.2758, 0.263, 0.2666, 0.2762, 0.2812, 0.2748, 0.2744, 0.2696, 0.2702, 0.2744, 0.272, 0.2792, 0.283, 0.2846, 0.2818, 0.2796, 0.2666, 0.27, 0.2732, 0.276, 0.2694, 0.277, 0.2844, 0.274, 0.2722, 0.2758, 0.2774, 0.2746, 0.2706, 0.2706, 0.2662, 0.274, 0.2666]}, "Growth_Arrest AUC": 14.132799999999996}, "BID": {"Timesteps": {"Growth_Arrest": [0.0, 0.5566, 0.5102, 0.2924, 0.2216, 0.2572, 0.3076, 0.3594, 0.3888, 0.3936, 0.3964, 0.3852, 0.3788, 0.3812, 0.385, 0.3886, 0.3958, 0.3914, 0.3802, 0.3852, 0.3838, 0.3948, 0.3876, 0.3936, 0.3896, 0.3856, 0.3788, 0.3874, 0.3892, 0.3962, 0.39, 0.3882, 0.3898, 0.3846, 0.3906, 0.3926, 0.3934, 0.3862, 0.3864, 0.3906, 0.3872, 0.3804, 0.378, 0.381, 0.3874, 0.3838, 0.3872, 0.3856, 0.3932, 0.3916, 0.3954]}, "Growth_Arrest AUC": 19.185}, "RIP": {"Timesteps": {"Growth_Arrest": [0.0, 0.5664, 0.519, 0.281, 0.201, 0.1912, 0.1558, 0.1108, 0.0628, 0.033, 0.0146, 0.008, 0.006, 0.0032, 0.0012, 0.0004, 0.0002, 0.0002, 0.0002, 0.0002, 0.0, 0.0, 0.0, 0.0, 0.0, 0.0, 0.0, 0.0, 0.0, 0.0, 0.0, 0.0, 0.0, 0.0, 0.0, 0.0, 0.0, 0.0, 0.0, 0.0, 0.0, 0.0, 0.0, 0.0, 0.0, 0.0, 0.0, 0.0, 0.0, 0.0, 0.0]}, "Growth_Arrest AUC": 2.1552}, "MYC": {"Timesteps": {"Growth_Arrest": [0.0, 0.568, 0.4982, 0.2284, 0.1402, 0.1402, 0.1444, 0.1498, 0.1496, 0.1452, 0.1486, 0.152, 0.1474, 0.1466, 0.1508, 0.1528, 0.1518, 0.1434, 0.15, 0.1484, 0.1432, 0.1406, 0.1464, 0.1518, 0.1424, 0.1484, 0.1476, 0.1466, 0.1414, 0.1432, 0.1518, 0.1474, 0.1442, 0.1426, 0.1462, 0.149, 0.1414, 0.1442, 0.1442, 0.1466, 0.1442, 0.1412, 0.1484, 0.1454, 0.1442, 0.14, 0.1412, 0.1418, 0.1482, 0.1542, 0.142]}, "Growth_Arrest AUC": 8.155799999999997}, "DUSP1": {"Timesteps": {"Growth_Arrest": [0.0, 0.5714, 0.5722, 0.4546, 0.4388, 0.4656, 0.4774, 0.5254, 0.5692, 0.59, 0.5948, 0.58, 0.5712, 0.5868, 0.5764, 0.5848, 0.5976, 0.605, 0.5968, 0.5898, 0.5772, 0.574, 0.5708, 0.5802, 0.5828, 0.579, 0.5828, 0.5926, 0.5862, 0.58, 0.5748, 0.5832, 0.5798, 0.5864, 0.5886, 0.5832, 0.5904, 0.5876, 0.5806, 0.569, 0.5804, 0.5962, 0.5826, 0.5758, 0.5766, 0.5864, 0.5944, 0.5856, 0.5834, 0.574, 0.5802]}, "Growth_Arrest AUC": 28.592600000000004}, "Bcl2": {"Timesteps": {"Growth_Arrest": [0.0, 0.577, 0.5148, 0.2998, 0.2386, 0.2574, 0.3042, 0.3546, 0.3854, 0.3908, 0.3914, 0.385, 0.3794, 0.3884, 0.3934, 0.3932, 0.3934, 0.39, 0.3848, 0.3856, 0.388, 0.3888, 0.3914, 0.3926, 0.3848, 0.3936, 0.3968, 0.3958, 0.4012, 0.3802, 0.387, 0.3904, 0.3888, 0.3936, 0.3854, 0.3956, 0.397, 0.3896, 0.386, 0.392, 0.3894, 0.387, 0.3904, 0.3978, 0.389, 0.3944, 0.3938, 0.3984, 0.3922, 0.3818, 0.388]}, "Growth_Arrest AUC": 19.327999999999996}, "TRAF2": {"Timesteps": {"Growth_Arrest": [0.0, 0.5488, 0.486, 0.2612, 0.185, 0.1626, 0.131, 0.0906, 0.056, 0.0256, 0.0092, 0.0046, 0.003, 0.0018, 0.002, 0.0012, 0.0004, 0.0004, 0.0002, 0.0, 0.0, 0.0, 0.0, 0.0, 0.0, 0.0, 0.0, 0.0, 0.0, 0.0, 0.0, 0.0, 0.0, 0.0, 0.0, 0.0, 0.0, 0.0, 0.0, 0.0, 0.0, 0.0, 0.0, 0.0, 0.0, 0.0, 0.0, 0.0, 0.0, 0.0, 0.0]}, "Growth_Arrest AUC": 1.9696}, "TRAF6": {"Timesteps": {"Growth_Arrest": [0.0, 0.5608, 0.5088, 0.2574, 0.184, 0.2152, 0.285, 0.3332, 0.3598, 0.3648, 0.3718, 0.3568, 0.3572, 0.354, 0.3594, 0.358, 0.3684, 0.3726, 0.361, 0.369, 0.3594, 0.3546, 0.355, 0.3582, 0.3632, 0.3674, 0.372, 0.3778, 0.3644, 0.3714, 0.375, 0.371, 0.3652, 0.372, 0.3772, 0.3746, 0.3652, 0.3578, 0.3582, 0.3586, 0.3608, 0.3536, 0.3656, 0.3662, 0.3678, 0.3686, 0.366, 0.354, 0.3642, 0.3682, 0.3692]}, "Growth_Arrest AUC": 18.019599999999997}, "NFkB": {"Timesteps": {"Growth_Arrest": [0.0, 0.559, 0.5166, 0.2854, 0.221, 0.2346, 0.2598, 0.2904, 0.2912, 0.2908, 0.2834, 0.2816, 0.2808, 0.2766, 0.2774, 0.2772, 0.2768, 0.2816, 0.2808, 0.2862, 0.2796, 0.2732, 0.2768, 0.27, 0.2728, 0.2718, 0.283, 0.2834, 0.28, 0.2782, 0.2824, 0.277, 0.2754, 0.2708, 0.2704, 0.2834, 0.2774, 0.2758, 0.2774, 0.2772, 0.2798, 0.2772, 0.28, 0.28, 0.2804, 0.273, 0.2728, 0.2848, 0.2868, 0.2758, 0.2774]}, "Growth_Arrest AUC": 14.355199999999998}, "Bax": {"Timesteps": {"Growth_Arrest": [0.0, 0.5626, 0.5162, 0.2754, 0.2232, 0.2592, 0.3078, 0.3588, 0.3832, 0.3844, 0.3912, 0.388, 0.3922, 0.3942, 0.3942, 0.3794, 0.3848, 0.393, 0.3976, 0.3836, 0.3838, 0.3846, 0.392, 0.3988, 0.388, 0.3844, 0.3826, 0.3882, 0.3908, 0.3956, 0.3974, 0.3942, 0.397, 0.3828, 0.3882, 0.3894, 0.395, 0.3952, 0.3872, 0.3786, 0.384, 0.3836, 0.381, 0.3896, 0.3936, 0.3802, 0.3878, 0.3938, 0.3868, 0.3888, 0.394]}, "Growth_Arrest AUC": 19.225999999999992}, "TNFR2": {"Timesteps": {"Growth_Arrest": [0.0, 0.5666, 0.5128, 0.2824, 0.1902, 0.1784, 0.1524, 0.1148, 0.0676, 0.033, 0.014, 0.0058, 0.0032, 0.002, 0.0014, 0.0006, 0.0, 0.0, 0.0, 0.0, 0.0, 0.0, 0.0, 0.0, 0.0, 0.0, 0.0, 0.0, 0.0, 0.0, 0.0, 0.0, 0.0, 0.0, 0.0, 0.0, 0.0, 0.0, 0.0, 0.0, 0.0, 0.0, 0.0, 0.0, 0.0, 0.0, 0.0, 0.0, 0.0, 0.0, 0.0]}, "Growth_Arrest AUC": 2.125199999999999}, "TNFR1": {"Timesteps": {"Growth_Arrest": [0.0, 0.554, 0.5086, 0.2796, 0.217, 0.202, 0.1764, 0.136, 0.082, 0.0434, 0.0204, 0.0108, 0.005, 0.0032, 0.0018, 0.0008, 0.0004, 0.0002, 0.0002, 0.0, 0.0, 0.0, 0.0, 0.0, 0.0, 0.0, 0.0, 0.0, 0.0, 0.0, 0.0, 0.0, 0.0, 0.0, 0.0, 0.0, 0.0, 0.0, 0.0, 0.0, 0.0, 0.0, 0.0, 0.0, 0.0, 0.0, 0.0, 0.0, 0.0, 0.0, 0.0]}, "Growth_Arrest AUC": 2.2418}, "SMAD": {"Timesteps": {"Growth_Arrest": [0.0, 0.4084, 0.3114, 0.2368, 0.212, 0.244, 0.3088, 0.3452, 0.3724, 0.382, 0.3746, 0.364, 0.3592, 0.3772, 0.3846, 0.3874, 0.3782, 0.3826, 0.374, 0.3692, 0.3782, 0.3826, 0.3802, 0.3784, 0.383, 0.3846, 0.3778, 0.3762, 0.3754, 0.3854, 0.3948, 0.3832, 0.38, 0.374, 0.3642, 0.3694, 0.3808, 0.3726, 0.3714, 0.3754, 0.3728, 0.3842, 0.3872, 0.3788, 0.3784, 0.386, 0.3708, 0.3816, 0.3834, 0.3764, 0.379]}, "Growth_Arrest AUC": 18.318200000000008},