{"TAK1": {"Timesteps": {"Growth_Arrest": [0.0, 0.5646, 0.4852, 0.206, 0.0766, 0.0516, 0.028, 0.0148, 0.0092, 0.0046, 0.003, 0.0014, 0.0008, 0.0004, 0.0006, 0.0002, 0.0002, 0.0, 0.0, 0.0, 0.0, 0.0, 0.0, 0.0, 0.0, 0.0, 0.0, 0.0, 0.0, 0.0, 0.0, 0.0, 0.0, 0.0, 0.0, 0.0, 0.0, 0.0, 0.0, 0.0, 0.0, 0.0, 0.0, 0.0, 0.0, 0.0, 0.0, 0.0, 0.0, 0.0, 0.0]}, "Growth_Arrest AUC": 1.4471999999999998}, "ATM": {"Timesteps": {"Growth_Arrest": [0.0, 0.5434, 0.4444, 0.2402, 0.1936, 0.1868, 0.1596, 0.1148, 0.061, 0.0354, 0.0166, 0.0074, 0.004, 0.0028, 0.0022, 0.0014, 0.0006, 0.0004, 0.0004, 0.0002, 0.0, 0.0, 0.0, 0.0, 0.0, 0.0, 0.0, 0.0, 0.0, 0.0, 0.0, 0.0, 0.0, 0.0, 0.0, 0.0, 0.0, 0.0, 0.0, 0.0, 0.0, 0.0, 0.0, 0.0, 0.0, 0.0, 0.0, 0.0, 0.0, 0.0, 0.0]}, "Growth_Arrest AUC": 2.0152}, "AKT": {"Timesteps": {"Growth_Arrest": [0.0, 0.6182, 0.588, 0.3408, 0.2618, 0.223, 0.1446, 0.0766, 0.0338, 0.0112, 0.0058, 0.0018, 0.0006, 0.0008, 0.0002, 0.0, 0.0, 0.0, 0.0, 0.0, 0.0, 0.0, 0.0, 0.0, 0.0, 0.0, 0.0, 0.0, 0.0, 0.0, 0.0, 0.0, 0.0, 0.0, 0.0, 0.0, 0.0, 0.0, 0.0, 0.0, 0.0, 0.0, 0.0, 0.0, 0.0, 0.0, 0.0, 0.0, 0.0, 0.0, 0.0]}, "Growth_Arrest AUC": 2.3071999999999995}, "XIAP": {"Timesteps": {"Growth_Arrest": [0.0, 0.5602, 0.5174, 0.2818, 0.2014, 0.1862, 0.1562, 0.1088, 0.0634, 0.0336, 0.0172, 0.008, 0.0044, 0.0034, 0.0028, 0.0018, 0.001, 0.0002, 0.0006, 0.0006, 0.0, 0.0, 0.0, 0.0, 0.0, 0.0, 0.0, 0.0, 0.0, 0.0, 0.0, 0.0, 0.0, 0.0, 0.0, 0.0, 0.0, 0.0, 0.0, 0.0, 0.0, 0.0, 0.0, 0.0, 0.0, 0.0, 0.0, 0.0, 0.0, 0.0, 0.0]}, "Growth_Arrest AUC": 2.1489999999999996}, "STAT3": {"Timesteps": {"Growth_Arrest": [0.0, 0.5554, 0.5086, 0.2636, 0.156, 0.1438, 0.124, 0.0974, 0.061, 0.0302, 0.013, 0.006, 0.0032, 0.0022, 0.0016, 0.0006, 0.0004, 0.0, 0.0, 0.0, 0.0, 0.0, 0.0, 0.0, 0.0, 0.0, 0.0, 0.0, 0.0, 0.0, 0.0, 0.0, 0.0, 0.0, 0.0, 0.0, 0.0, 0.0, 0.0, 0.0, 0.0, 0.0, 0.0, 0.0, 0.0, 0.0, 0.0, 0.0, 0.0, 0.0, 0.0]}, "Growth_Arrest AUC": 1.9669999999999996}, "BID": {"Timesteps": {"Growth_Arrest": [0.0, 0.5598, 0.5104, 0.2798, 0.1914, 0.1776, 0.1598, 0.1236, 0.0744, 0.0368, 0.0168, 0.0074, 0.0044, 0.0036, 0.002, 0.0008, 0.0008, 0.0006, 0.0002, 0.0, 0.0, 0.0, 0.0, 0.0, 0.0, 0.0, 0.0, 0.0, 0.0, 0.0, 0.0, 0.0, 0.0, 0.0, 0.0, 0.0, 0.0, 0.0, 0.0, 0.0, 0.0, 0.0, 0.0, 0.0, 0.0, 0.0, 0.0, 0.0, 0.0, 0.0, 0.0]}, "Growth_Arrest AUC": 2.150199999999999}, "RIP": {"Timesteps": {"Growth_Arrest": [0.0, 0.5662, 0.51, 0.2806, 0.188, 0.176, 0.1444, 0.109, 0.065, 0.0286, 0.0132, 0.0084, 0.0054, 0.0024, 0.0012, 0.0004, 0.0002, 0.0002, 0.0, 0.0, 0.0, 0.0, 0.0, 0.0, 0.0, 0.0, 0.0, 0.0, 0.0, 0.0, 0.0, 0.0, 0.0, 0.0, 0.0, 0.0, 0.0, 0.0, 0.0, 0.0, 0.0, 0.0, 0.0, 0.0, 0.0, 0.0, 0.0, 0.0, 0.0, 0.0, 0.0]}, "Growth_Arrest AUC": 2.0991999999999997}, "MYC": {"Timesteps": {"Growth_Arrest": [0.0, 0.5634, 0.5208, 0.2396, 0.1056, 0.0808, 0.0534, 0.0256, 0.0108, 0.0042, 0.0018, 0.0004, 0.0004, 0.0002, 0.0, 0.0, 0.0, 0.0, 0.0, 0.0, 0.0, 0.0, 0.0, 0.0, 0.0, 0.0, 0.0, 0.0, 0.0, 0.0, 0.0, 0.0, 0.0, 0.0, 0.0, 0.0, 0.0, 0.0, 0.0, 0.0, 0.0, 0.0, 0.0, 0.0, 0.0, 0.0, 0.0, 0.0, 0.0, 0.0, 0.0]}, "Growth_Arrest AUC": 1.607}, "DUSP1": {"Timesteps": {"Growth_Arrest": [0.0, 0.566, 0.5552, 0.4384, 0.3908, 0.3724, 0.3052, 0.2104, 0.119, 0.064, 0.034, 0.0198, 0.0122, 0.0074, 0.0038, 0.003, 0.0012, 0.0004, 0.0002, 0.0004, 0.0002, 0.0, 0.0, 0.0, 0.0, 0.0, 0.0, 0.0, 0.0, 0.0, 0.0, 0.0, 0.0, 0.0, 0.0, 0.0, 0.0, 0.0, 0.0, 0.0, 0.0, 0.0, 0.0, 0.0, 0.0, 0.0, 0.0, 0.0, 0.0, 0.0, 0.0]}, "Growth_Arrest AUC": 3.1039999999999996}, "Bcl2": {"Timesteps": {"Growth_Arrest": [0.0, 0.5592, 0.5082, 0.2784, 0.1992, 0.1864, 0.1618, 0.1172, 0.07, 0.0326, 0.0164, 0.0068, 0.0048, 0.0028, 0.0016, 0.001, 0.0004, 0.0004, 0.0002, 0.0, 0.0, 0.0, 0.0, 0.0, 0.0, 0.0, 0.0, 0.0, 0.0, 0.0, 0.0, 0.0, 0.0, 0.0, 0.0, 0.0, 0.0, 0.0, 0.0, 0.0, 0.0, 0.0, 0.0, 0.0, 0.0, 0.0, 0.0, 0.0, 0.0, 0.0, 0.0]}, "Growth_Arrest AUC": 2.1473999999999998}, "TRAF2": {"Timesteps": {"Growth_Arrest": [0.0, 0.5704, 0.5002, 0.27, 0.1784, 0.1672, 0.1412, 0.0924, 0.0492, 0.0224, 0.0102, 0.005, 0.0034, 0.0024, 0.0016, 0.0008, 0.0002, 0.0002, 0.0, 0.0, 0.0, 0.0, 0.0, 0.0, 0.0, 0.0, 0.0, 0.0, 0.0, 0.0, 0.0, 0.0, 0.0, 0.0, 0.0, 0.0, 0.0, 0.0, 0.0, 0.0, 0.0, 0.0, 0.0, 0.0, 0.0, 0.0, 0.0, 0.0, 0.0, 0.0, 0.0]}, "Growth_Arrest AUC": 2.0152}, "TRAF6": {"Timesteps": {"Growth_Arrest": [0.0, 0.5636, 0.5008, 0.2436, 0.1222, 0.0952, 0.0622, 0.039, 0.0216, 0.0122, 0.0084, 0.005, 0.0018, 0.0004, 0.0004, 0.0004, 0.0, 0.0, 0.0, 0.0, 0.0, 0.0, 0.0, 0.0, 0.0, 0.0, 0.0, 0.0, 0.0, 0.0, 0.0, 0.0, 0.0, 0.0, 0.0, 0.0, 0.0, 0.0, 0.0, 0.0, 0.0, 0.0, 0.0, 0.0, 0.0, 0.0, 0.0, 0.0, 0.0, 0.0, 0.0]}, "Growth_Arrest AUC": 1.6767999999999998}, "NFkB": {"Timesteps": {"Growth_Arrest": [0.0, 0.5572, 0.5068, 0.2854, 0.1912, 0.1622, 0.117, 0.0856, 0.0532, 0.0304, 0.0162, 0.0094, 0.004, 0.0016, 0.0016, 0.0004, 0.0004, 0.0002, 0.0, 0.0, 0.0, 0.0, 0.0, 0.0, 0.0, 0.0, 0.0, 0.0, 0.0, 0.0, 0.0, 0.0, 0.0, 0.0, 0.0, 0.0, 0.0, 0.0, 0.0, 0.0, 0.0, 0.0, 0.0, 0.0, 0.0, 0.0, 0.0, 0.0, 0.0, 0.0, 0.0]}, "Growth_Arrest AUC": 2.0227999999999997}, "Bax": {"Timesteps": {"Growth_Arrest": [0.0, 0.5588, 0.51, 0.2826, 0.1992, 0.177, 0.1556, 0.1158, 0.069, 0.0366, 0.0182, 0.0078, 0.005, 0.0022, 0.0016, 0.0008, 0.0, 0.0, 0.0, 0.0, 0.0, 0.0, 0.0, 0.0, 0.0, 0.0, 0.0, 0.0, 0.0, 0.0, 0.0, 0.0, 0.0, 0.0, 0.0, 0.0, 0.0, 0.0, 0.0, 0.0, 0.0, 0.0, 0.0, 0.0, 0.0, 0.0, 0.0, 0.0, 0.0, 0.0, 0.0]}, "Growth_Arrest AUC": 2.1402}, "TNFR2": {"Timesteps": {"Growth_Arrest": [0.0, 0.5714, 0.511, 0.2726, 0.1886, 0.178, 0.1504, 0.1094, 0.064, 0.0364, 0.0186, 0.0098, 0.004, 0.0022, 0.0008, 0.0002, 0.0002, 0.0002, 0.0002, 0.0002, 0.0, 0.0, 0.0, 0.0, 0.0, 0.0, 0.0, 0.0, 0.0, 0.0, 0.0, 0.0, 0.0, 0.0, 0.0, 0.0, 0.0, 0.0, 0.0, 0.0, 0.0, 0.0, 0.0, 0.0, 0.0, 0.0, 0.0, 0.0, 0.0, 0.0, 0.0]}, "Growth_Arrest AUC": 2.1182}, "TNFR1": {"Timesteps": {"Growth_Arrest": [0.0, 0.56, 0.5062, 0.278, 0.2004, 0.182, 0.1524, 0.1116, 0.0694, 0.0316, 0.0152, 0.007, 0.0036, 0.0022, 0.0008, 0.0006, 0.0004, 0.0004, 0.0004, 0.0, 0.0, 0.0, 0.0, 0.0, 0.0, 0.0, 0.0, 0.0, 0.0, 0.0, 0.0, 0.0, 0.0, 0.0, 0.0, 0.0, 0.0, 0.0, 0.0, 0.0, 0.0, 0.0, 0.0, 0.0, 0.0, 0.0, 0.0, 0.0, 0.0, 0.0, 0.0]}, "Growth_Arrest AUC": 2.1222000000000003}, "SMAD": {"Timesteps": {"Growth_Arrest": [0.0, 0.4018, 0.3054, 0.2322, 0.1802, 0.1468, 0.1062, 0.062, 0.033, 0.0156, 0.009, 0.0052, 0.0034, 0.0016, 0.0012, 0.0002, 0.0, 0.0, 0.0, 0.0, 0.0, 0.0, 0.0, 0.0, 0.0, 0.0, 0.0, 0.0, 0.0, 0.0, 0.0, 0.0, 0.0, 0.0, 0.0, 0.0, 0.0, 0.0, 0.0, 0.0, 0.0, 0.0, 0.0, 0.0, 0.0, 0.0, 0.0, 0.0, 0.0, 0.0, 0.0]}, "Growth_Arrest AUC": 1.5038000000000002}, "BclxL": {"Timesteps": {"Growth_Arrest": [0.0, 0.5608, 0.5196, 0.2796, 0.194, 0.1826, 0.1614, 0.1144, 0.0626, 0.031, 0.014, 0.0092, 0.0056, 0.0034, 0.001, 0.0004, 0.0006, 0.0004, 0.0002, 0.0, 0.0, 0.0002, 0.0002, 0.0, 0.0, 0.0, 0.0, 0.0, 0.0, 0.0, 0.0, 0.0, 0.0, 0.0, 0.0, 0.0, 0.0, 0.0, 0.0, 0.0, 0.0, 0.0, 0.0, 0.0, 0.0, 0.0, 0.0, 0.0, 0.0, 0.0, 0.0]}, "Growth_Arrest AUC": 2.1411999999999995}, "p53": {"Timesteps": {"Growth_Arrest": [0.0, 0.478, 0.2996, 0.0664, 0.0, 0.0, 0.0, 0.0, 0.0, 0.0, 0.0, 0.0, 0.0, 0.0, 0.0, 0.0, 0.0, 0.0, 0.0, 0.0, 0.0, 0.0, 0.0, 0.0, 0.0, 0.0, 0.0, 0.0, 0.0, 0.0, 0.0, 0.0, 0.0, 0.0, 0.0, 0.0, 0.0, 0.0, 0.0, 0.0, 0.0, 0.0, 0.0, 0.0, 0.0, 0.0, 0.0, 0.0, 0.0, 0.0, 0.0]}, "Growth_Arrest AUC": 0.844}, "Raf": {"Timesteps": {"Growth_Arrest": [0.0, 0.5722, 0.506, 0.297, 0.2406, 0.2502, 0.2502, 0.1984, 0.1178, 0.0594, 0.031, 0.0174, 0.01, 0.0044, 0.0042, 0.003, 0.0008, 0.0004, 0.0004, 0.0004, 0.0002, 0.0, 0.0, 0.0, 0.0, 0.0, 0.0, 0.0, 0.0, 0.0, 0.0, 0.0, 0.0, 0.0, 0.0, 0.0, 0.0, 0.0, 0.0, 0.0, 0.0, 0.0, 0.0, 0.0, 0.0, 0.0, 0.0, 0.0, 0.0, 0.0, 0.0]}, "Growth_Arrest AUC": 2.5639999999999996}, "TGFBR": {"Timesteps": {"Growth_Arrest": [0.0, 0.514, 0.4094, 0.2392, 0.18, 0.1672, 0.132, 0.088, 0.0456, 0.021, 0.0098, 0.0064, 0.0034, 0.0022, 0.0014, 0.0008, 0.0002, 0.0002, 0.0, 0.0, 0.0, 0.0002, 0.0002, 0.0, 0.0, 0.0, 0.0, 0.0, 0.0, 0.0, 0.0, 0.0, 0.0, 0.0, 0.0, 0.0, 0.0, 0.0, 0.0, 0.0, 0.0, 0.0, 0.0, 0.0, 0.0, 0.0, 0.0, 0.0, 0.0, 0.0, 0.0]},