{"TAK1": {"Timesteps": {"Growth_Arrest": [0.0, 0.5656, 0.4864, 0.21, 0.0832, 0.0524, 0.0326, 0.0208, 0.0146, 0.0106, 0.0082, 0.005, 0.0044, 0.0036, 0.0022, 0.001, 0.0006, 0.0006, 0.0002, 0.0, 0.0, 0.0, 0.0, 0.0, 0.0, 0.0, 0.0, 0.0, 0.0, 0.0, 0.0, 0.0, 0.0, 0.0, 0.0, 0.0, 0.0, 0.0, 0.0, 0.0, 0.0, 0.0, 0.0, 0.0, 0.0, 0.0, 0.0, 0.0, 0.0, 0.0, 0.0]}, "Growth_Arrest AUC": 1.5019999999999993}, "ATM": {"Timesteps": {"Growth_Arrest": [0.0, 0.5456, 0.448, 0.2728, 0.2714, 0.3602, 0.4198, 0.4424, 0.4618, 0.507, 0.5494, 0.5712, 0.5878, 0.584, 0.5876, 0.5898, 0.6022, 0.6104, 0.6156, 0.615, 0.6178, 0.6106, 0.614, 0.615, 0.612, 0.6186, 0.6216, 0.6234, 0.628, 0.6364, 0.6298, 0.6198, 0.6172, 0.6162, 0.6154, 0.6178, 0.6212, 0.6404, 0.623, 0.6244, 0.6238, 0.6164, 0.6166, 0.6208, 0.6176, 0.6224, 0.6356, 0.6288, 0.622, 0.6214, 0.6314]}, "Growth_Arrest AUC": 28.921400000000006}, "AKT": {"Timesteps": {"Growth_Arrest": [0.0, 0.6086, 0.5958, 0.3532, 0.3306, 0.3986, 0.4354, 0.4666, 0.5096, 0.583, 0.6028, 0.6118, 0.62, 0.6416, 0.6514, 0.6456, 0.651, 0.652, 0.661, 0.6646, 0.6566, 0.6632, 0.6706, 0.6686, 0.6692, 0.672, 0.6718, 0.674, 0.6836, 0.6876, 0.6894, 0.6812, 0.681, 0.6874, 0.6814, 0.6788, 0.6898, 0.6748, 0.6808, 0.6712, 0.6812, 0.682, 0.6794, 0.6804, 0.6804, 0.6702, 0.675, 0.6746, 0.6802, 0.6682, 0.681]}, "Growth_Arrest AUC": 31.6688}, "XIAP": {"Timesteps": {"Growth_Arrest": [0.0, 0.5592, 0.5218, 0.2904, 0.2666, 0.3516, 0.4156, 0.4376, 0.4678, 0.5118, 0.5402, 0.5764, 0.5884, 0.589, 0.5906, 0.5902, 0.6014, 0.6154, 0.6096, 0.616, 0.6214, 0.6228, 0.6234, 0.6152, 0.6186, 0.6094, 0.6178, 0.631, 0.6316, 0.6376, 0.6294, 0.6314, 0.626, 0.627, 0.6248, 0.627, 0.6298, 0.6198, 0.6208, 0.6186, 0.63, 0.6206, 0.6294, 0.6306, 0.6218, 0.6202, 0.633, 0.624, 0.6274, 0.6336, 0.6234]}, "Growth_Arrest AUC": 29.117000000000004}, "STAT3": {"Timesteps": {"Growth_Arrest": [0.0, 0.5676, 0.5118, 0.2686, 0.223, 0.2994, 0.336, 0.3388, 0.2984, 0.3032, 0.3198, 0.346, 0.3676, 0.3608, 0.3498, 0.3446, 0.3486, 0.3572, 0.3456, 0.3472, 0.3484, 0.3468, 0.3512, 0.3438, 0.345, 0.3524, 0.3476, 0.351, 0.3436, 0.337, 0.3442, 0.3444, 0.3422, 0.3396, 0.3506, 0.361, 0.3608, 0.3478, 0.3432, 0.343, 0.347, 0.3496, 0.353, 0.3418, 0.3482, 0.346, 0.3434, 0.3498, 0.3428, 0.3496, 0.3542]}, "Growth_Arrest AUC": 17.403}, "BID": {"Timesteps": {"Growth_Arrest": [0.0, 0.5526, 0.521, 0.3022, 0.2686, 0.356, 0.4208, 0.4302, 0.4512, 0.4944, 0.5534, 0.5852, 0.5946, 0.5704, 0.579, 0.596, 0.6126, 0.6082, 0.61, 0.613, 0.626, 0.633, 0.621, 0.6264, 0.6168, 0.6228, 0.6298, 0.6164, 0.6192, 0.6288, 0.6236, 0.628, 0.6228, 0.6378, 0.6432, 0.629, 0.622, 0.6186, 0.6136, 0.6308, 0.631, 0.635, 0.6334, 0.6292, 0.6222, 0.6108, 0.6242, 0.6332, 0.6274, 0.627, 0.6124]}, "Growth_Arrest AUC": 29.114800000000006}, "RIP": {"Timesteps": {"Growth_Arrest": [0.0, 0.5576, 0.5128, 0.2826, 0.218, 0.2206, 0.1728, 0.1108, 0.0524, 0.026, 0.0126, 0.006, 0.0026, 0.0002, 0.0004, 0.0002, 0.0, 0.0, 0.0, 0.0, 0.0, 0.0, 0.0, 0.0, 0.0, 0.0, 0.0, 0.0, 0.0, 0.0, 0.0, 0.0, 0.0, 0.0, 0.0, 0.0, 0.0, 0.0, 0.0, 0.0, 0.0, 0.0, 0.0, 0.0, 0.0, 0.0, 0.0, 0.0, 0.0, 0.0, 0.0]}, "Growth_Arrest AUC": 2.1755999999999993}, "MYC": {"Timesteps": {"Growth_Arrest": [0.0, 0.564, 0.499, 0.2476, 0.1844, 0.2542, 0.2968, 0.2884, 0.2956, 0.304, 0.3264, 0.3258, 0.3308, 0.3358, 0.3442, 0.3458, 0.345, 0.347, 0.3532, 0.3586, 0.354, 0.3454, 0.3604, 0.3528, 0.3606, 0.366, 0.3532, 0.3486, 0.3494, 0.3522, 0.3584, 0.3562, 0.3652, 0.3696, 0.359, 0.3568, 0.3518, 0.3664, 0.363, 0.3648, 0.3622, 0.3582, 0.3538, 0.3706, 0.3622, 0.358, 0.354, 0.3504, 0.362, 0.3546, 0.365]}, "Growth_Arrest AUC": 17.451399999999996}, "DUSP1": {"Timesteps": {"Growth_Arrest": [0.0, 0.565, 0.5594, 0.462, 0.5022, 0.5498, 0.5986, 0.6034, 0.601, 0.6074, 0.6194, 0.6252, 0.6242, 0.6326, 0.6274, 0.621, 0.6266, 0.6326, 0.6338, 0.6268, 0.6366, 0.6304, 0.618, 0.6288, 0.6344, 0.6252, 0.6174, 0.629, 0.6334, 0.6362, 0.6202, 0.619, 0.617, 0.6284, 0.6382, 0.6368, 0.6346, 0.6266, 0.636, 0.6204, 0.6256, 0.6266, 0.632, 0.6226, 0.6274, 0.6338, 0.6254, 0.6148, 0.6166, 0.618, 0.6244]}, "Growth_Arrest AUC": 30.7522}, "Bcl2": {"Timesteps": {"Growth_Arrest": [0.0, 0.5664, 0.5156, 0.3002, 0.2576, 0.3356, 0.4112, 0.4384, 0.4604, 0.5132, 0.5472, 0.5738, 0.5796, 0.5844, 0.5974, 0.5954, 0.595, 0.6072, 0.6194, 0.6128, 0.6112, 0.6154, 0.6164, 0.616, 0.6138, 0.6146, 0.6248, 0.6286, 0.6086, 0.614, 0.635, 0.632, 0.62, 0.6112, 0.6204, 0.628, 0.626, 0.6304, 0.6108, 0.6228, 0.615, 0.617, 0.6252, 0.633, 0.6326, 0.6244, 0.6264, 0.625, 0.6192, 0.62, 0.6174]}, "Growth_Arrest AUC": 28.96600000000001}, "TRAF2": {"Timesteps": {"Growth_Arrest": [0.0, 0.5714, 0.5076, 0.2786, 0.2096, 0.2118, 0.1616, 0.092, 0.0406, 0.0172, 0.0074, 0.0038, 0.0016, 0.0002, 0.0, 0.0, 0.0002, 0.0, 0.0, 0.0, 0.0, 0.0, 0.0, 0.0, 0.0, 0.0, 0.0, 0.0, 0.0, 0.0, 0.0, 0.0, 0.0, 0.0, 0.0, 0.0, 0.0, 0.0, 0.0, 0.0, 0.0, 0.0, 0.0, 0.0, 0.0, 0.0, 0.0, 0.0, 0.0, 0.0, 0.0]}, "Growth_Arrest AUC": 2.1035999999999997}, "TRAF6": {"Timesteps": {"Growth_Arrest": [0.0, 0.5712, 0.504, 0.2726, 0.2286, 0.3062, 0.3904, 0.4174, 0.4486, 0.4916, 0.526, 0.5532, 0.57, 0.5898, 0.593, 0.602, 0.5924, 0.5906, 0.5992, 0.5916, 0.6072, 0.6072, 0.6224, 0.61, 0.608, 0.6142, 0.6256, 0.6238, 0.6206, 0.6202, 0.6158, 0.6216, 0.6268, 0.6212, 0.6224, 0.631, 0.6192, 0.6192, 0.6206, 0.6326, 0.617, 0.613, 0.6176, 0.628, 0.6304, 0.6252, 0.6298, 0.638, 0.6334, 0.6162, 0.6288]}, "Growth_Arrest AUC": 28.705400000000004}, "NFkB": {"Timesteps": {"Growth_Arrest": [0.0, 0.5774, 0.5166, 0.2944, 0.2622, 0.3744, 0.4238, 0.415, 0.4294, 0.47, 0.4982, 0.511, 0.5062, 0.5054, 0.5058, 0.5056, 0.5006, 0.4944, 0.5054, 0.5168, 0.5136, 0.5012, 0.4988, 0.4978, 0.4882, 0.497, 0.5032, 0.481, 0.505, 0.4936, 0.5008, 0.4974, 0.5112, 0.4918, 0.5024, 0.5112, 0.5038, 0.5028, 0.5012, 0.5088, 0.506, 0.5064, 0.5026, 0.511, 0.4974, 0.5028, 0.4994, 0.494, 0.4886, 0.4906, 0.4942]}, "Growth_Arrest AUC": 24.316400000000005}, "Bax": {"Timesteps": {"Growth_Arrest": [0.0, 0.5532, 0.5072, 0.297, 0.2672, 0.3504, 0.414, 0.436, 0.4642, 0.5052, 0.5502, 0.5748, 0.5728, 0.5922, 0.593, 0.6118, 0.6052, 0.613, 0.6034, 0.6088, 0.601, 0.6176, 0.6226, 0.6162, 0.6278, 0.6152, 0.6212, 0.6232, 0.6314, 0.6224, 0.6378, 0.6258, 0.6194, 0.6268, 0.6262, 0.6334, 0.6274, 0.6274, 0.6348, 0.6348, 0.6236, 0.63, 0.6292, 0.6318, 0.6318, 0.6132, 0.6218, 0.6162, 0.6252, 0.6312, 0.6266]}, "Growth_Arrest AUC": 29.09259999999999}, "TNFR2": {"Timesteps": {"Growth_Arrest": [0.0, 0.5538, 0.5122, 0.269, 0.2044, 0.2046, 0.1664, 0.104, 0.044, 0.0186, 0.0092, 0.0042, 0.0024, 0.0004, 0.0006, 0.0002, 0.0002, 0.0002, 0.0002, 0.0002, 0.0, 0.0, 0.0, 0.0, 0.0, 0.0, 0.0, 0.0, 0.0, 0.0, 0.0, 0.0, 0.0, 0.0, 0.0, 0.0, 0.0, 0.0, 0.0, 0.0, 0.0, 0.0, 0.0, 0.0, 0.0, 0.0, 0.0, 0.0, 0.0, 0.0, 0.0]}, "Growth_Arrest AUC": 2.0947999999999998}, "TNFR1": {"Timesteps": {"Growth_Arrest": [0.0, 0.5672, 0.5124, 0.3042, 0.2368, 0.2416, 0.1978, 0.1264, 0.067, 0.0312, 0.0154, 0.007, 0.0024, 0.0006, 0.0, 0.0, 0.0, 0.0, 0.0, 0.0, 0.0, 0.0, 0.0, 0.0, 0.0, 0.0, 0.0, 0.0, 0.0, 0.0, 0.0, 0.0, 0.0, 0.0, 0.0, 0.0, 0.0, 0.0, 0.0, 0.0, 0.0, 0.0, 0.0, 0.0, 0.0, 0.0, 0.0, 0.0, 0.0, 0.0, 0.0]}, "Growth_Arrest AUC": 2.3100000000000005}, "SMAD": {"Timesteps": {"Growth_Arrest": [0.0, 0.4058, 0.3176, 0.2536, 0.2638, 0.3314, 0.406, 0.4262, 0.4398, 0.4918, 0.54, 0.5702, 0.5766, 0.5754, 0.6038, 0.6128, 0.6072, 0.6032, 0.6086, 0.609, 0.6212, 0.6344, 0.6184, 0.6242, 0.6238, 0.6134, 0.6232, 0.633, 0.6202, 0.621, 0.6192, 0.623, 0.6186, 0.629, 0.6344, 0.6358, 0.612, 0.6216, 0.6292, 0.6318, 0.6336, 0.6344, 0.6292, 0.628, 0.6252, 0.6276, 0.6224, 0.6304, 0.6282, 0.6242, 0.632]}, "Growth_Arrest AUC": 28.645400000000006},