{"TAK1": {"Timesteps": {"Proliferation": [0.0, 0.1926, 0.3906, 0.5752, 0.6302, 0.5958, 0.6476, 0.7462, 0.799, 0.809, 0.8154, 0.8184, 0.8228, 0.8256, 0.8254, 0.8284, 0.827, 0.82, 0.82, 0.8288, 0.8286, 0.8218, 0.8222, 0.8252, 0.831, 0.8318, 0.8268, 0.8274, 0.828, 0.816, 0.822, 0.8238, 0.8326, 0.8264, 0.825, 0.8338, 0.8292, 0.819, 0.83, 0.8306, 0.8248, 0.8222, 0.8154, 0.8268, 0.8204, 0.8176, 0.825, 0.8232, 0.821, 0.825, 0.8182]}, "Proliferation AUC": 39.188799999999986}, "ATM": {"Timesteps": {"Proliferation": [0.0, 0.2228, 0.4414, 0.5542, 0.5266, 0.4156, 0.3874, 0.429, 0.4282, 0.402, 0.371, 0.3518, 0.3528, 0.3562, 0.3428, 0.3404, 0.3254, 0.3174, 0.3212, 0.3228, 0.3292, 0.3288, 0.3172, 0.3074, 0.3162, 0.2924, 0.3036, 0.3116, 0.3154, 0.317, 0.3138, 0.3142, 0.3042, 0.3196, 0.3226, 0.314, 0.3206, 0.3158, 0.3172, 0.3106, 0.3156, 0.3172, 0.313, 0.3162, 0.304, 0.3142, 0.3276, 0.3116, 0.3112, 0.309, 0.3126]}, "Proliferation AUC": 16.952600000000004}, "AKT": {"Timesteps": {"Proliferation": [0.0, 0.146, 0.2866, 0.4358, 0.3816, 0.3168, 0.3436, 0.3752, 0.3642, 0.3162, 0.2924, 0.2798, 0.2946, 0.2834, 0.2664, 0.2574, 0.2554, 0.2622, 0.2574, 0.2506, 0.2528, 0.2548, 0.2468, 0.2522, 0.2428, 0.2492, 0.2502, 0.2592, 0.2488, 0.2508, 0.2462, 0.248, 0.2434, 0.2564, 0.2506, 0.2454, 0.2454, 0.2466, 0.256, 0.2502, 0.241, 0.2464, 0.2402, 0.24, 0.2468, 0.2422, 0.2438, 0.2378, 0.2446, 0.2426, 0.2442]}, "Proliferation AUC": 13.331}, "XIAP": {"Timesteps": {"Proliferation": [0.0, 0.2076, 0.4034, 0.5236, 0.513, 0.4094, 0.384, 0.4134, 0.4212, 0.3932, 0.3704, 0.3524, 0.3464, 0.3424, 0.333, 0.3356, 0.327, 0.3352, 0.3234, 0.3242, 0.3192, 0.3242, 0.306, 0.3034, 0.3066, 0.3184, 0.3194, 0.3224, 0.3182, 0.3196, 0.3076, 0.3152, 0.3098, 0.3136, 0.3142, 0.315, 0.3194, 0.307, 0.3166, 0.3138, 0.305, 0.301, 0.3102, 0.3176, 0.313, 0.3074, 0.3106, 0.3168, 0.3314, 0.3078, 0.3124]}, "Proliferation AUC": 16.781599999999997}, "STAT3": {"Timesteps": {"Proliferation": [0.0, 0.167, 0.3354, 0.4984, 0.5348, 0.4604, 0.4122, 0.4894, 0.5926, 0.659, 0.678, 0.6664, 0.6422, 0.6418, 0.6456, 0.6588, 0.655, 0.6572, 0.6586, 0.6602, 0.6492, 0.6558, 0.6588, 0.6626, 0.6488, 0.6434, 0.6332, 0.65, 0.6588, 0.6582, 0.655, 0.6586, 0.6534, 0.6514, 0.6526, 0.6678, 0.6638, 0.6568, 0.6502, 0.64, 0.6468, 0.643, 0.652, 0.6486, 0.655, 0.6652, 0.6456, 0.6464, 0.642, 0.6486, 0.6488]}, "Proliferation AUC": 30.923399999999994}, "BID": {"Timesteps": {"Proliferation": [0.0, 0.1998, 0.3958, 0.5244, 0.4968, 0.3988, 0.3966, 0.4266, 0.4418, 0.4088, 0.3694, 0.3646, 0.3364, 0.3402, 0.3402, 0.3306, 0.3298, 0.3316, 0.323, 0.331, 0.3196, 0.3122, 0.3132, 0.3212, 0.3234, 0.3174, 0.306, 0.3058, 0.3038, 0.3194, 0.3116, 0.3146, 0.3028, 0.3066, 0.3106, 0.3138, 0.3174, 0.3132, 0.3172, 0.31, 0.301, 0.319, 0.3046, 0.312, 0.3162, 0.301, 0.2964, 0.2996, 0.311, 0.305, 0.3084]}, "Proliferation AUC": 16.720200000000002}, "RIP": {"Timesteps": {"Proliferation": [0.0, 0.1984, 0.3764, 0.5242, 0.4966, 0.3246, 0.177, 0.0732, 0.0206, 0.0022, 0.0, 0.0, 0.0, 0.0, 0.0, 0.0, 0.0, 0.0, 0.0, 0.0, 0.0, 0.0, 0.0, 0.0, 0.0, 0.0, 0.0, 0.0, 0.0, 0.0, 0.0, 0.0, 0.0, 0.0, 0.0, 0.0, 0.0, 0.0, 0.0, 0.0, 0.0, 0.0, 0.0, 0.0, 0.0, 0.0, 0.0, 0.0, 0.0, 0.0, 0.0]}, "Proliferation AUC": 2.1932}, "MYC": {"Timesteps": {"Proliferation": [0.0, 0.095, 0.281, 0.4438, 0.3964, 0.2828, 0.2682, 0.3416, 0.3804, 0.383, 0.3728, 0.3764, 0.3686, 0.3506, 0.3628, 0.3554, 0.3554, 0.3584, 0.3622, 0.3602, 0.345, 0.3392, 0.3586, 0.363, 0.3586, 0.3532, 0.3366, 0.3446, 0.3526, 0.3556, 0.352, 0.355, 0.3596, 0.3622, 0.3602, 0.3504, 0.35, 0.3534, 0.3768, 0.3712, 0.354, 0.3446, 0.343, 0.3502, 0.3544, 0.3548, 0.3638, 0.3564, 0.3458, 0.3528, 0.351]}, "Proliferation AUC": 17.4636}, "DUSP1": {"Timesteps": {"Proliferation": [0.0, 0.2114, 0.3456, 0.4196, 0.3608, 0.2712, 0.2568, 0.295, 0.3214, 0.328, 0.3208, 0.3156, 0.3098, 0.309, 0.31, 0.3118, 0.3262, 0.3156, 0.319, 0.313, 0.3008, 0.3016, 0.2988, 0.311, 0.3128, 0.3162, 0.314, 0.318, 0.3048, 0.3038, 0.3078, 0.3176, 0.3136, 0.3148, 0.3194, 0.301, 0.3008, 0.3086, 0.313, 0.3026, 0.3034, 0.3104, 0.3038, 0.3036, 0.3162, 0.3122, 0.3042, 0.304, 0.3124, 0.3056, 0.3152]}, "Proliferation AUC": 15.532600000000002}, "Bcl2": {"Timesteps": {"Proliferation": [0.0, 0.2038, 0.3856, 0.5296, 0.517, 0.4192, 0.3908, 0.4386, 0.4554, 0.4226, 0.3896, 0.3598, 0.3474, 0.341, 0.3406, 0.3314, 0.333, 0.3228, 0.321, 0.318, 0.3176, 0.313, 0.3086, 0.3104, 0.3114, 0.31, 0.3112, 0.3098, 0.3106, 0.3182, 0.3158, 0.312, 0.3084, 0.3238, 0.3268, 0.3158, 0.302, 0.304, 0.3058, 0.3036, 0.3192, 0.31, 0.3138, 0.3122, 0.2994, 0.299, 0.3058, 0.307, 0.3114, 0.3044, 0.3166]}, "Proliferation AUC": 16.8048}, "TRAF2": {"Timesteps": {"Proliferation": [0.0, 0.216, 0.386, 0.5286, 0.4734, 0.2794, 0.1126, 0.0288, 0.005, 0.0002, 0.0, 0.0, 0.0, 0.0, 0.0, 0.0, 0.0, 0.0, 0.0, 0.0, 0.0, 0.0, 0.0, 0.0, 0.0, 0.0, 0.0, 0.0, 0.0, 0.0, 0.0, 0.0, 0.0, 0.0, 0.0, 0.0, 0.0, 0.0, 0.0, 0.0, 0.0, 0.0, 0.0, 0.0, 0.0, 0.0, 0.0, 0.0, 0.0, 0.0, 0.0]}, "Proliferation AUC": 2.03}, "TRAF6": {"Timesteps": {"Proliferation": [0.0, 0.2058, 0.3962, 0.5536, 0.5344, 0.4322, 0.4036, 0.4476, 0.4382, 0.4182, 0.385, 0.3664, 0.3626, 0.353, 0.3474, 0.3344, 0.3356, 0.3308, 0.3212, 0.3186, 0.326, 0.3146, 0.3166, 0.3264, 0.3128, 0.317, 0.311, 0.3088, 0.3028, 0.303, 0.3128, 0.3172, 0.3118, 0.2996, 0.317, 0.3152, 0.3054, 0.3122, 0.3082, 0.3078, 0.3118, 0.3106, 0.3132, 0.3076, 0.32, 0.3164, 0.321, 0.309, 0.3154, 0.3104, 0.3084]}, "Proliferation AUC": 16.9748}, "NFkB": {"Timesteps": {"Proliferation": [0.0, 0.206, 0.3978, 0.4834, 0.3702, 0.1594, 0.0308, 0.0036, 0.0, 0.0, 0.0, 0.0, 0.0, 0.0, 0.0, 0.0, 0.0, 0.0, 0.0, 0.0, 0.0, 0.0, 0.0, 0.0, 0.0, 0.0, 0.0, 0.0, 0.0, 0.0, 0.0, 0.0, 0.0, 0.0, 0.0, 0.0, 0.0, 0.0, 0.0, 0.0, 0.0, 0.0, 0.0, 0.0, 0.0, 0.0, 0.0, 0.0, 0.0, 0.0, 0.0]}, "Proliferation AUC": 1.6511999999999998}, "Bax": {"Timesteps": {"Proliferation": [0.0, 0.2044, 0.3934, 0.5348, 0.5198, 0.4056, 0.389, 0.4274, 0.448, 0.425, 0.3696, 0.352, 0.3358, 0.3384, 0.3306, 0.3284, 0.3344, 0.3392, 0.3408, 0.3294, 0.3292, 0.3064, 0.3038, 0.3166, 0.316, 0.323, 0.3094, 0.3048, 0.3032, 0.319, 0.3122, 0.312, 0.3036, 0.3066, 0.3178, 0.3106, 0.3076, 0.3058, 0.3018, 0.3152, 0.3166, 0.3234, 0.3172, 0.3168, 0.3068, 0.3012, 0.299, 0.3154, 0.3124, 0.315, 0.3264]}, "Proliferation AUC": 16.820800000000002}, "TNFR2": {"Timesteps": {"Proliferation": [0.0, 0.2062, 0.3974, 0.5354, 0.5026, 0.3324, 0.1762, 0.0718, 0.0206, 0.0042, 0.0002, 0.0, 0.0, 0.0, 0.0, 0.0, 0.0, 0.0, 0.0, 0.0, 0.0, 0.0, 0.0, 0.0, 0.0, 0.0, 0.0, 0.0, 0.0, 0.0, 0.0, 0.0, 0.0, 0.0, 0.0, 0.0, 0.0, 0.0, 0.0, 0.0, 0.0, 0.0, 0.0, 0.0, 0.0, 0.0, 0.0, 0.0, 0.0, 0.0, 0.0]}, "Proliferation AUC": 2.247}, "TNFR1": {"Timesteps": {"Proliferation": [0.0, 0.2064, 0.3928, 0.539, 0.5152, 0.3794, 0.2554, 0.1506, 0.0748, 0.0268, 0.0098, 0.0022, 0.0, 0.0, 0.0, 0.0, 0.0, 0.0, 0.0, 0.0, 0.0, 0.0, 0.0, 0.0, 0.0, 0.0, 0.0, 0.0, 0.0, 0.0, 0.0, 0.0, 0.0, 0.0, 0.0, 0.0, 0.0, 0.0, 0.0, 0.0, 0.0, 0.0, 0.0, 0.0, 0.0, 0.0, 0.0, 0.0, 0.0, 0.0, 0.0]}, "Proliferation AUC": 2.5524}, "SMAD": {"Timesteps": {"Proliferation": [0.0, 0.3102, 0.5514, 0.5658, 0.5122, 0.418, 0.4028, 0.4282, 0.4458, 0.4104, 0.3756, 0.349, 0.3514, 0.3366, 0.338, 0.3374, 0.319, 0.3276, 0.3288, 0.338, 0.331, 0.3148, 0.3134, 0.3144, 0.3152, 0.3132, 0.314, 0.3116, 0.3172, 0.3256, 0.3184, 0.3114, 0.3114, 0.3084, 0.3156, 0.3174, 0.3096, 0.312, 0.293, 0.3088, 0.315, 0.303, 0.3102, 0.3158, 0.3238, 0.298, 0.3096, 0.3034, 0.2998, 0.3084, 0.3062]}, "Proliferation AUC": 17.115800000000004}, "BclxL": {"Timesteps": {"Proliferation": [0.0, 0.2014, 0.3806, 0.5276, 0.505, 0.4152, 0.3946, 0.4322, 0.4514, 0.4106, 0.3748, 0.3522, 0.3452, 0.3468, 0.3316, 0.334, 0.3374, 0.3226, 0.3268, 0.3316, 0.3184, 0.3156, 0.3152, 0.3284, 0.324, 0.307, 0.3048, 0.3, 0.2942, 0.3124, 0.3148, 0.31, 0.3082, 0.3012, 0.3052, 0.3152, 0.3144, 0.314, 0.3128, 0.3192, 0.3204, 0.3104, 0.3134, 0.3112, 0.3168, 0.3204, 0.3118, 0.3146, 0.3154, 0.3188, 0.3084]}, "Proliferation AUC": 16.818199999999997},