{"TAK1": {"Timesteps": {"Proliferation": [0.0, 0.2112, 0.4142, 0.6584, 0.8416, 0.9304, 0.9706, 0.9788, 0.9852, 0.9916, 0.9918, 0.9948, 0.9968, 0.998, 0.9982, 0.999, 0.9992, 0.9992, 0.9998, 0.9998, 0.9998, 0.9998, 0.9998, 0.9998, 0.9998, 0.9998, 1.0, 1.0, 1.0, 1.0, 1.0, 1.0, 1.0, 1.0, 1.0, 1.0, 1.0, 1.0, 1.0, 1.0, 1.0, 1.0, 1.0, 1.0, 1.0, 1.0, 1.0, 1.0, 1.0, 1.0, 1.0]}, "Proliferation AUC": 47.95740000000001}, "ATM": {"Timesteps": {"Proliferation": [0.0, 0.218, 0.444, 0.6268, 0.7288, 0.7322, 0.6886, 0.6472, 0.625, 0.611, 0.615, 0.6256, 0.6434, 0.6344, 0.625, 0.6244, 0.6154, 0.6248, 0.6236, 0.621, 0.6226, 0.6234, 0.6172, 0.6178, 0.6202, 0.6126, 0.6008, 0.6136, 0.6098, 0.6126, 0.6166, 0.6222, 0.618, 0.6174, 0.619, 0.6142, 0.6218, 0.6202, 0.628, 0.6238, 0.6202, 0.6204, 0.6122, 0.6194, 0.618, 0.6164, 0.6212, 0.6184, 0.6162, 0.619, 0.6084]}, "Proliferation AUC": 30.715799999999998}, "AKT": {"Timesteps": {"Proliferation": [0.0, 0.1426, 0.2816, 0.5026, 0.6054, 0.581, 0.5744, 0.56, 0.5524, 0.5402, 0.5376, 0.56, 0.5532, 0.5468, 0.5536, 0.5486, 0.5474, 0.5536, 0.5518, 0.5526, 0.5554, 0.5538, 0.5496, 0.5506, 0.5608, 0.5594, 0.552, 0.5478, 0.5466, 0.548, 0.5528, 0.5566, 0.5526, 0.5568, 0.5618, 0.5594, 0.56, 0.5498, 0.5486, 0.5504, 0.553, 0.5556, 0.5562, 0.5514, 0.547, 0.548, 0.55, 0.5664, 0.5598, 0.5536, 0.5512]}, "Proliferation AUC": 27.0104}, "XIAP": {"Timesteps": {"Proliferation": [0.0, 0.2104, 0.3964, 0.5766, 0.7186, 0.727, 0.6806, 0.6386, 0.6248, 0.6074, 0.6076, 0.6058, 0.6212, 0.625, 0.6246, 0.6132, 0.6102, 0.6244, 0.622, 0.6226, 0.622, 0.6102, 0.6046, 0.6118, 0.6206, 0.624, 0.6294, 0.6226, 0.6158, 0.6118, 0.6136, 0.6176, 0.6106, 0.6176, 0.6124, 0.6124, 0.6114, 0.6142, 0.6096, 0.6152, 0.61, 0.6152, 0.6128, 0.611, 0.612, 0.6232, 0.6244, 0.62, 0.6224, 0.6234, 0.619]}, "Proliferation AUC": 30.45780000000001}, "STAT3": {"Timesteps": {"Proliferation": [0.0, 0.1788, 0.3476, 0.5648, 0.7258, 0.7672, 0.7424, 0.7094, 0.7092, 0.706, 0.725, 0.7272, 0.7276, 0.72, 0.7198, 0.7284, 0.7324, 0.734, 0.7354, 0.7256, 0.7214, 0.7232, 0.7284, 0.7292, 0.7384, 0.737, 0.7248, 0.7248, 0.7262, 0.7288, 0.7374, 0.7278, 0.7282, 0.7232, 0.7302, 0.7242, 0.7278, 0.729, 0.728, 0.722, 0.7254, 0.726, 0.731, 0.7398, 0.7292, 0.7298, 0.7232, 0.7234, 0.7204, 0.7252, 0.7266]}, "Proliferation AUC": 35.286599999999986}, "BID": {"Timesteps": {"Proliferation": [0.0, 0.2062, 0.3974, 0.5908, 0.7112, 0.7148, 0.6738, 0.6464, 0.614, 0.5992, 0.596, 0.6046, 0.6128, 0.6152, 0.6094, 0.6112, 0.6114, 0.6038, 0.6064, 0.6102, 0.6092, 0.604, 0.608, 0.6118, 0.6124, 0.6096, 0.6082, 0.6072, 0.6084, 0.6164, 0.604, 0.6146, 0.606, 0.5984, 0.601, 0.6074, 0.604, 0.6184, 0.6162, 0.6016, 0.592, 0.5966, 0.6028, 0.606, 0.6134, 0.6196, 0.6114, 0.6134, 0.6048, 0.6076, 0.61]}, "Proliferation AUC": 30.079199999999993}, "RIP": {"Timesteps": {"Proliferation": [0.0, 0.2016, 0.381, 0.5994, 0.7526, 0.8088, 0.8552, 0.9026, 0.945, 0.9708, 0.9842, 0.992, 0.9962, 0.9968, 0.9982, 0.9988, 0.9996, 1.0, 1.0, 1.0, 1.0, 1.0, 1.0, 1.0, 1.0, 1.0, 1.0, 1.0, 1.0, 1.0, 1.0, 1.0, 1.0, 1.0, 1.0, 1.0, 1.0, 1.0, 1.0, 1.0, 1.0, 1.0, 1.0, 1.0, 1.0, 1.0, 1.0, 1.0, 1.0, 1.0, 1.0]}, "Proliferation AUC": 47.3828}, "MYC": {"Timesteps": {"Proliferation": [0.0, 0.1032, 0.2852, 0.5426, 0.749, 0.8178, 0.8512, 0.8584, 0.8566, 0.8574, 0.8524, 0.8498, 0.8504, 0.8436, 0.8502, 0.8512, 0.8504, 0.851, 0.8516, 0.8496, 0.8416, 0.8518, 0.856, 0.842, 0.8532, 0.8546, 0.8566, 0.8566, 0.842, 0.8502, 0.8546, 0.8572, 0.8536, 0.8532, 0.8522, 0.8504, 0.8526, 0.853, 0.8492, 0.853, 0.857, 0.8568, 0.857, 0.8604, 0.8598, 0.8558, 0.8578, 0.8616, 0.8564, 0.845, 0.8472]}, "Proliferation AUC": 40.87000000000001}, "DUSP1": {"Timesteps": {"Proliferation": [0.0, 0.2002, 0.3458, 0.4558, 0.5206, 0.5198, 0.5074, 0.4614, 0.4244, 0.3968, 0.4018, 0.4122, 0.4288, 0.427, 0.4206, 0.4072, 0.4096, 0.4124, 0.4228, 0.4288, 0.4314, 0.4158, 0.4088, 0.4108, 0.421, 0.4112, 0.4084, 0.4172, 0.4144, 0.411, 0.4114, 0.4098, 0.4212, 0.4052, 0.4062, 0.4098, 0.4034, 0.4172, 0.4242, 0.417, 0.4084, 0.4112, 0.4202, 0.427, 0.4088, 0.402, 0.4036, 0.4134, 0.4164, 0.414, 0.4192]}, "Proliferation AUC": 20.823000000000008}, "Bcl2": {"Timesteps": {"Proliferation": [0.0, 0.2096, 0.398, 0.5902, 0.7088, 0.714, 0.6884, 0.6504, 0.625, 0.6132, 0.613, 0.6186, 0.6312, 0.6234, 0.6236, 0.6192, 0.6174, 0.6104, 0.6148, 0.6154, 0.6138, 0.6108, 0.616, 0.6178, 0.6214, 0.6188, 0.6096, 0.611, 0.627, 0.6194, 0.614, 0.6062, 0.6202, 0.6166, 0.6244, 0.616, 0.6232, 0.6182, 0.6144, 0.6148, 0.6162, 0.618, 0.6162, 0.606, 0.616, 0.6162, 0.6012, 0.5996, 0.5984, 0.6118, 0.6248]}, "Proliferation AUC": 30.442599999999995}, "TRAF2": {"Timesteps": {"Proliferation": [0.0, 0.2054, 0.3902, 0.5854, 0.7346, 0.8066, 0.8618, 0.9124, 0.9516, 0.9732, 0.9858, 0.995, 0.9974, 0.999, 0.9994, 0.9994, 0.9996, 0.9998, 0.9998, 0.9998, 1.0, 1.0, 1.0, 1.0, 1.0, 1.0, 1.0, 1.0, 1.0, 1.0, 1.0, 1.0, 1.0, 1.0, 1.0, 1.0, 1.0, 1.0, 1.0, 1.0, 1.0, 1.0, 1.0, 1.0, 1.0, 1.0, 1.0, 1.0, 1.0, 1.0, 1.0]}, "Proliferation AUC": 47.39620000000001}, "TRAF6": {"Timesteps": {"Proliferation": [0.0, 0.2084, 0.3926, 0.6046, 0.7494, 0.7654, 0.7234, 0.664, 0.6484, 0.6394, 0.6372, 0.6458, 0.6516, 0.6538, 0.6528, 0.6436, 0.6462, 0.6408, 0.6372, 0.644, 0.6434, 0.644, 0.6416, 0.635, 0.6292, 0.6448, 0.644, 0.6558, 0.6512, 0.646, 0.6442, 0.638, 0.6388, 0.6348, 0.6368, 0.6442, 0.6436, 0.6436, 0.6346, 0.6436, 0.646, 0.6492, 0.6474, 0.6402, 0.6486, 0.6418, 0.6432, 0.6396, 0.6526, 0.64, 0.6342]}, "Proliferation AUC": 31.768600000000003}, "NFkB": {"Timesteps": {"Proliferation": [0.0, 0.2134, 0.3862, 0.5586, 0.6736, 0.7336, 0.7326, 0.7126, 0.709, 0.7024, 0.7136, 0.716, 0.7326, 0.7192, 0.7148, 0.72, 0.7196, 0.7276, 0.7352, 0.7206, 0.7188, 0.7156, 0.7284, 0.7204, 0.7206, 0.719, 0.717, 0.7224, 0.7228, 0.7258, 0.724, 0.7172, 0.7256, 0.7214, 0.7274, 0.7304, 0.7218, 0.7266, 0.725, 0.7322, 0.72, 0.7182, 0.7322, 0.7304, 0.7288, 0.731, 0.7232, 0.7182, 0.724, 0.7204, 0.7224]}, "Proliferation AUC": 35.072399999999995}, "Bax": {"Timesteps": {"Proliferation": [0.0, 0.2018, 0.389, 0.594, 0.7104, 0.7232, 0.681, 0.6458, 0.6318, 0.6172, 0.6082, 0.6252, 0.6244, 0.631, 0.6316, 0.6268, 0.6204, 0.6184, 0.623, 0.6126, 0.6178, 0.616, 0.6114, 0.6166, 0.6158, 0.6164, 0.6248, 0.6276, 0.6262, 0.618, 0.6156, 0.612, 0.6174, 0.6162, 0.614, 0.6136, 0.6086, 0.6124, 0.6164, 0.6152, 0.6082, 0.6202, 0.6184, 0.6236, 0.6176, 0.6134, 0.6202, 0.6118, 0.6132, 0.606, 0.6086]}, "Proliferation AUC": 30.509}, "TNFR2": {"Timesteps": {"Proliferation": [0.0, 0.1966, 0.3894, 0.5906, 0.742, 0.8048, 0.8484, 0.8904, 0.9438, 0.9704, 0.9852, 0.9936, 0.995, 0.997, 0.9984, 0.9992, 0.9996, 1.0, 1.0, 1.0, 1.0, 1.0, 1.0, 1.0, 1.0, 1.0, 1.0, 1.0, 1.0, 1.0, 1.0, 1.0, 1.0, 1.0, 1.0, 1.0, 1.0, 1.0, 1.0, 1.0, 1.0, 1.0, 1.0, 1.0, 1.0, 1.0, 1.0, 1.0, 1.0, 1.0, 1.0]}, "Proliferation AUC": 47.34439999999999}, "TNFR1": {"Timesteps": {"Proliferation": [0.0, 0.216, 0.4062, 0.6002, 0.7354, 0.7844, 0.8266, 0.8696, 0.9134, 0.9564, 0.9812, 0.9902, 0.9944, 0.9954, 0.9988, 0.999, 0.9992, 0.9994, 0.9996, 0.9996, 1.0, 1.0, 1.0, 1.0, 1.0, 1.0, 1.0, 1.0, 1.0, 1.0, 1.0, 1.0, 1.0, 1.0, 1.0, 1.0, 1.0, 1.0, 1.0, 1.0, 1.0, 1.0, 1.0, 1.0, 1.0, 1.0, 1.0, 1.0, 1.0, 1.0, 1.0]}, "Proliferation AUC": 47.265}, "SMAD": {"Timesteps": {"Proliferation": [0.0, 0.332, 0.5664, 0.6428, 0.7296, 0.7468, 0.7054, 0.6654, 0.6388, 0.6282, 0.6308, 0.6336, 0.6392, 0.6368, 0.6316, 0.6208, 0.619, 0.6192, 0.6188, 0.6248, 0.6224, 0.6268, 0.6338, 0.623, 0.6204, 0.6284, 0.6322, 0.6334, 0.6306, 0.626, 0.6212, 0.6354, 0.6346, 0.621, 0.625, 0.6238, 0.629, 0.6182, 0.6134, 0.6242, 0.6242, 0.6288, 0.629, 0.6312, 0.6284, 0.6374, 0.6314, 0.6312, 0.6236, 0.6336, 0.636]}, "Proliferation AUC": 31.387599999999996},